============================================================
  ANATOMY STUDY — FULL EXTRACTED DATA
  699 contour pts, 81 strokes, 80 Y-levels
============================================================

── CONTOUR (699 points) ──
  idx         dx         dy
─────  ─────────  ─────────
    0    +0.0219     0.0211
    1    +0.0429     0.0180
    2    +0.0685     0.0208
    3    +0.0981     0.0292
    4    +0.1304     0.0418
    5    +0.1646     0.0579
    6    +0.1995     0.0768
    7    +0.2346     0.0983
    8    +0.2671     0.1228
    9    +0.2973     0.1495
   10    +0.3249     0.1784
   11    +0.3496     0.2094
   12    +0.3709     0.2421
   13    +0.3882     0.2755
   14    +0.4017     0.3090
   15    +0.4116     0.3423
   16    +0.4182     0.3754
   17    +0.4221     0.4083
   18    +0.4238     0.4409
   19    +0.4234     0.4735
   20    +0.4216     0.5061
   21    +0.4187     0.5388
   22    +0.4148     0.5714
   23    +0.4098     0.6041
   24    +0.4037     0.6367
   25    +0.3964     0.6694
   26    +0.3883     0.7020
   27    +0.3792     0.7347
   28    +0.3690     0.7673
   29    +0.3578     0.8000
   30    +0.3458     0.8327
   31    +0.3334     0.8653
   32    +0.3215     0.8978
   33    +0.3110     0.9305
   34    +0.3027     0.9634
   35    +0.2972     0.9967
   36    +0.2947     1.0303
   37    +0.2957     1.0638
   38    +0.3010     1.0969
   39    +0.3114     1.1287
   40    +0.3269     1.1587
   41    +0.3468     1.1865
   42    +0.3705     1.2119
   43    +0.3972     1.2349
   44    +0.4263     1.2555
   45    +0.4575     1.2741
   46    +0.4902     1.2912
   47    +0.5239     1.3074
   48    +0.5579     1.3232
   49    +0.5916     1.3386
   50    +0.6247     1.3538
   51    +0.6573     1.3687
   52    +0.6898     1.3828
   53    +0.7224     1.3959
   54    +0.7548     1.4078
   55    +0.7872     1.4184
   56    +0.8206     1.4271
   57    +0.8554     1.4337
   58    +0.8911     1.4381
   59    +0.9261     1.4410
   60    +0.9587     1.4427
   61    +0.9871     1.4445
   62    +1.0098     1.4478
   63    +1.0270     1.4536
   64    +1.0401     1.4632
   65    +1.0502     1.4773
   66    +1.0585     1.4960
   67    +1.0659     1.5196
   68    +1.0733     1.5475
   69    +1.0825     1.5787
   70    +1.0945     1.6119
   71    +1.1093     1.6460
   72    +1.1257     1.6802
   73    +1.1418     1.7140
   74    +1.1556     1.7469
   75    +1.1658     1.7796
   76    +1.1717     1.8121
   77    +1.1743     1.8453
   78    +1.1749     1.8792
   79    +1.1758     1.9136
   80    +1.1788     1.9475
   81    +1.1848     1.9799
   82    +1.1943     2.0094
   83    +1.2066     2.0354
   84    +1.2203     2.0578
   85    +1.2336     2.0776
   86    +1.2455     2.0955
   87    +1.2558     2.1129
   88    +1.2641     2.1305
   89    +1.2700     2.1496
   90    +1.2731     2.1712
   91    +1.2738     2.1963
   92    +1.2733     2.2250
   93    +1.2736     2.2566
   94    +1.2757     2.2902
   95    +1.2794     2.3245
   96    +1.2842     2.3585
   97    +1.2893     2.3918
   98    +1.2936     2.4244
   99    +1.2969     2.4573
  100    +1.3001     2.4905
  101    +1.3051     2.5241
  102    +1.3131     2.5575
  103    +1.3242     2.5901
  104    +1.3385     2.6214
  105    +1.3551     2.6509
  106    +1.3730     2.6787
  107    +1.3906     2.7051
  108    +1.4071     2.7307
  109    +1.4219     2.7562
  110    +1.4348     2.7818
  111    +1.4455     2.8080
  112    +1.4538     2.8355
  113    +1.4600     2.8646
  114    +1.4651     2.8957
  115    +1.4704     2.9281
  116    +1.4765     2.9615
  117    +1.4833     2.9951
  118    +1.4906     3.0284
  119    +1.4978     3.0614
  120    +1.5044     3.0940
  121    +1.5097     3.1266
  122    +1.5143     3.1592
  123    +1.5185     3.1918
  124    +1.5223     3.2245
  125    +1.5256     3.2571
  126    +1.5288     3.2898
  127    +1.5318     3.3224
  128    +1.5348     3.3551
  129    +1.5379     3.3878
  130    +1.5413     3.4203
  131    +1.5447     3.4530
  132    +1.5477     3.4858
  133    +1.5505     3.5189
  134    +1.5543     3.5523
  135    +1.5593     3.5857
  136    +1.5657     3.6185
  137    +1.5732     3.6501
  138    +1.5810     3.6801
  139    +1.5880     3.7084
  140    +1.5928     3.7353
  141    +1.5956     3.7613
  142    +1.5967     3.7868
  143    +1.5963     3.8125
  144    +1.5947     3.8386
  145    +1.5917     3.8658
  146    +1.5878     3.8945
  147    +1.5846     3.9250
  148    +1.5833     3.9569
  149    +1.5844     3.9899
  150    +1.5874     4.0233
  151    +1.5913     4.0567
  152    +1.5949     4.0898
  153    +1.5963     4.1225
  154    +1.5952     4.1551
  155    +1.5921     4.1880
  156    +1.5871     4.2213
  157    +1.5798     4.2545
  158    +1.5699     4.2875
  159    +1.5570     4.3199
  160    +1.5409     4.3515
  161    +1.5218     4.3825
  162    +1.4993     4.4131
  163    +1.4735     4.4430
  164    +1.4444     4.4711
  165    +1.4125     4.4960
  166    +1.3795     4.5160
  167    +1.3480     4.5291
  168    +1.3209     4.5343
  169    +1.2998     4.5312
  170    +1.2847     4.5203
  171    +1.2747     4.5024
  172    +1.2677     4.4789
  173    +1.2619     4.4513
  174    +1.2559     4.4216
  175    +1.2491     4.3914
  176    +1.2414     4.3619
  177    +1.2328     4.3334
  178    +1.2236     4.3059
  179    +1.2148     4.2786
  180    +1.2079     4.2505
  181    +1.2043     4.2210
  182    +1.2045     4.1897
  183    +1.2080     4.1572
  184    +1.2141     4.1240
  185    +1.2224     4.0905
  186    +1.2315     4.0569
  187    +1.2403     4.0235
  188    +1.2485     3.9903
  189    +1.2560     3.9575
  190    +1.2630     3.9255
  191    +1.2693     3.8945
  192    +1.2753     3.8648
  193    +1.2812     3.8362
  194    +1.2858     3.8081
  195    +1.2886     3.7802
  196    +1.2890     3.7523
  197    +1.2874     3.7241
  198    +1.2847     3.6952
  199    +1.2811     3.6652
  200    +1.2758     3.6340
  201    +1.2683     3.6017
  202    +1.2581     3.5687
  203    +1.2452     3.5354
  204    +1.2299     3.5022
  205    +1.2131     3.4693
  206    +1.1957     3.4366
  207    +1.1781     3.4041
  208    +1.1601     3.3714
  209    +1.1420     3.3388
  210    +1.1241     3.3061
  211    +1.1069     3.2735
  212    +1.0908     3.2408
  213    +1.0762     3.2082
  214    +1.0631     3.1755
  215    +1.0517     3.1429
  216    +1.0419     3.1103
  217    +1.0339     3.0777
  218    +1.0280     3.0448
  219    +1.0234     3.0116
  220    +1.0191     2.9783
  221    +1.0141     2.9452
  222    +1.0077     2.9128
  223    +0.9997     2.8815
  224    +0.9903     2.8513
  225    +0.9799     2.8223
  226    +0.9693     2.7942
  227    +0.9581     2.7664
  228    +0.9467     2.7385
  229    +0.9353     2.7100
  230    +0.9242     2.6800
  231    +0.9134     2.6481
  232    +0.9022     2.6145
  233    +0.8890     2.5804
  234    +0.8726     2.5483
  235    +0.8528     2.5206
  236    +0.8302     2.4999
  237    +0.8058     2.4878
  238    +0.7802     2.4854
  239    +0.7547     2.4928
  240    +0.7309     2.5096
  241    +0.7103     2.5345
  242    +0.6943     2.5651
  243    +0.6834     2.5986
  244    +0.6774     2.6320
  245    +0.6745     2.6634
  246    +0.6724     2.6918
  247    +0.6698     2.7174
  248    +0.6664     2.7411
  249    +0.6624     2.7642
  250    +0.6577     2.7875
  251    +0.6522     2.8118
  252    +0.6458     2.8376
  253    +0.6394     2.8655
  254    +0.6343     2.8956
  255    +0.6315     2.9277
  256    +0.6308     2.9609
  257    +0.6319     2.9946
  258    +0.6341     3.0281
  259    +0.6364     3.0613
  260    +0.6386     3.0940
  261    +0.6412     3.1266
  262    +0.6451     3.1592
  263    +0.6503     3.1918
  264    +0.6569     3.2245
  265    +0.6648     3.2571
  266    +0.6736     3.2898
  267    +0.6830     3.3224
  268    +0.6922     3.3551
  269    +0.7010     3.3878
  270    +0.7088     3.4204
  271    +0.7158     3.4529
  272    +0.7218     3.4855
  273    +0.7266     3.5186
  274    +0.7309     3.5523
  275    +0.7361     3.5864
  276    +0.7434     3.6203
  277    +0.7532     3.6529
  278    +0.7653     3.6832
  279    +0.7789     3.7104
  280    +0.7922     3.7345
  281    +0.8036     3.7562
  282    +0.8126     3.7764
  283    +0.8196     3.7960
  284    +0.8248     3.8158
  285    +0.8284     3.8368
  286    +0.8304     3.8599
  287    +0.8312     3.8859
  288    +0.8322     3.9151
  289    +0.8350     3.9469
  290    +0.8401     3.9804
  291    +0.8473     4.0146
  292    +0.8562     4.0485
  293    +0.8654     4.0817
  294    +0.8739     4.1144
  295    +0.8810     4.1470
  296    +0.8873     4.1796
  297    +0.8933     4.2122
  298    +0.8991     4.2449
  299    +0.9045     4.2776
  300    +0.9096     4.3102
  301    +0.9145     4.3429
  302    +0.9190     4.3755
  303    +0.9233     4.4082
  304    +0.9272     4.4408
  305    +0.9307     4.4735
  306    +0.9339     4.5061
  307    +0.9366     4.5388
  308    +0.9389     4.5714
  309    +0.9405     4.6041
  310    +0.9418     4.6367
  311    +0.9427     4.6694
  312    +0.9434     4.7020
  313    +0.9438     4.7347
  314    +0.9440     4.7673
  315    +0.9440     4.8000
  316    +0.9436     4.8327
  317    +0.9429     4.8653
  318    +0.9417     4.8980
  319    +0.9400     4.9306
  320    +0.9376     4.9633
  321    +0.9343     4.9959
  322    +0.9298     5.0286
  323    +0.9242     5.0612
  324    +0.9177     5.0939
  325    +0.9105     5.1265
  326    +0.9031     5.1592
  327    +0.8960     5.1918
  328    +0.8899     5.2245
  329    +0.8850     5.2571
  330    +0.8813     5.2897
  331    +0.8791     5.3227
  332    +0.8790     5.3558
  333    +0.8810     5.3889
  334    +0.8848     5.4218
  335    +0.8898     5.4539
  336    +0.8953     5.4852
  337    +0.9006     5.5155
  338    +0.9048     5.5451
  339    +0.9083     5.5743
  340    +0.9113     5.6033
  341    +0.9144     5.6324
  342    +0.9177     5.6617
  343    +0.9215     5.6916
  344    +0.9257     5.7223
  345    +0.9312     5.7540
  346    +0.9382     5.7865
  347    +0.9468     5.8194
  348    +0.9567     5.8526
  349    +0.9673     5.8857
  350    +0.9781     5.9185
  351    +0.9883     5.9511
  352    +0.9974     5.9837
  353    +1.0060     6.0163
  354    +1.0139     6.0490
  355    +1.0209     6.0816
  356    +1.0270     6.1143
  357    +1.0318     6.1469
  358    +1.0355     6.1796
  359    +1.0379     6.2122
  360    +1.0391     6.2449
  361    +1.0393     6.2776
  362    +1.0384     6.3102
  363    +1.0365     6.3429
  364    +1.0338     6.3755
  365    +1.0303     6.4082
  366    +1.0263     6.4408
  367    +1.0219     6.4735
  368    +1.0174     6.5061
  369    +1.0127     6.5388
  370    +1.0081     6.5714
  371    +1.0036     6.6041
  372    +0.9992     6.6367
  373    +0.9951     6.6694
  374    +0.9913     6.7020
  375    +0.9877     6.7347
  376    +0.9845     6.7673
  377    +0.9816     6.8000
  378    +0.9789     6.8327
  379    +0.9764     6.8653
  380    +0.9741     6.8980
  381    +0.9719     6.9306
  382    +0.9699     6.9633
  383    +0.9678     6.9959
  384    +0.9656     7.0286
  385    +0.9632     7.0612
  386    +0.9607     7.0939
  387    +0.9586     7.1265
  388    +0.9571     7.1592
  389    +0.9563     7.1918
  390    +0.9562     7.2245
  391    +0.9566     7.2571
  392    +0.9572     7.2898
  393    +0.9582     7.3224
  394    +0.9603     7.3551
  395    +0.9638     7.3878
  396    +0.9690     7.4204
  397    +0.9761     7.4531
  398    +0.9854     7.4857
  399    +0.9972     7.5184
  400    +1.0123     7.5510
  401    +1.0310     7.5837
  402    +1.0534     7.6163
  403    +1.0788     7.6488
  404    +1.1061     7.6815
  405    +1.1336     7.7146
  406    +1.1593     7.7481
  407    +1.1813     7.7821
  408    +1.1979     7.8161
  409    +1.2075     7.8494
  410    +1.2089     7.8808
  411    +1.2019     7.9096
  412    +1.1868     7.9350
  413    +1.1646     7.9564
  414    +1.1368     7.9737
  415    +1.1051     7.9868
  416    +1.0712     7.9958
  417    +1.0364     8.0012
  418    +1.0018     8.0036
  419    +0.9675     8.0034
  420    +0.9332     8.0008
  421    +0.8989     7.9956
  422    +0.8651     7.9871
  423    +0.8327     7.9748
  424    +0.8027     7.9583
  425    +0.7756     7.9376
  426    +0.7511     7.9132
  427    +0.7287     7.8858
  428    +0.7078     7.8560
  429    +0.6883     7.8248
  430    +0.6707     7.7926
  431    +0.6553     7.7601
  432    +0.6426     7.7278
  433    +0.6323     7.6958
  434    +0.6243     7.6640
  435    +0.6188     7.6322
  436    +0.6158     7.6001
  437    +0.6153     7.5678
  438    +0.6169     7.5351
  439    +0.6197     7.5023
  440    +0.6229     7.4695
  441    +0.6256     7.4367
  442    +0.6269     7.4040
  443    +0.6270     7.3714
  444    +0.6260     7.3388
  445    +0.6243     7.3061
  446    +0.6225     7.2735
  447    +0.6205     7.2408
  448    +0.6183     7.2082
  449    +0.6155     7.1755
  450    +0.6120     7.1429
  451    +0.6078     7.1102
  452    +0.6033     7.0776
  453    +0.5990     7.0449
  454    +0.5952     7.0122
  455    +0.5918     6.9796
  456    +0.5886     6.9469
  457    +0.5852     6.9143
  458    +0.5812     6.8816
  459    +0.5764     6.8490
  460    +0.5706     6.8163
  461    +0.5637     6.7837
  462    +0.5555     6.7510
  463    +0.5457     6.7184
  464    +0.5348     6.6857
  465    +0.5226     6.6531
  466    +0.5097     6.6204
  467    +0.4965     6.5878
  468    +0.4834     6.5551
  469    +0.4708     6.5224
  470    +0.4591     6.4898
  471    +0.4486     6.4571
  472    +0.4394     6.4245
  473    +0.4315     6.3918
  474    +0.4250     6.3592
  475    +0.4198     6.3265
  476    +0.4159     6.2939
  477    +0.4134     6.2612
  478    +0.4121     6.2286
  479    +0.4118     6.1959
  480    +0.4125     6.1633
  481    +0.4138     6.1306
  482    +0.4155     6.0980
  483    +0.4175     6.0653
  484    +0.4195     6.0327
  485    +0.4212     6.0000
  486    +0.4220     5.9674
  487    +0.4214     5.9348
  488    +0.4194     5.9021
  489    +0.4163     5.8690
  490    +0.4117     5.8354
  491    +0.4043     5.8016
  492    +0.3939     5.7682
  493    +0.3804     5.7361
  494    +0.3648     5.7060
  495    +0.3483     5.6784
  496    +0.3330     5.6532
  497    +0.3205     5.6298
  498    +0.3112     5.6074
  499    +0.3046     5.5854
  500    +0.3002     5.5630
  501    +0.2980     5.5394
  502    +0.2976     5.5139
  503    +0.2986     5.4861
  504    +0.2990     5.4558
  505    +0.2977     5.4236
  506    +0.2942     5.3901
  507    +0.2884     5.3563
  508    +0.2812     5.3228
  509    +0.2736     5.2897
  510    +0.2666     5.2570
  511    +0.2603     5.2244
  512    +0.2542     5.1918
  513    +0.2477     5.1592
  514    +0.2408     5.1265
  515    +0.2335     5.0939
  516    +0.2254     5.0613
  517    +0.2165     5.0287
  518    +0.2070     4.9962
  519    +0.1973     4.9633
  520    +0.1878     4.9294
  521    +0.1783     4.8947
  522    +0.1681     4.8601
  523    +0.1563     4.8271
  524    +0.1421     4.7971
  525    +0.1249     4.7709
  526    +0.1054     4.7490
  527    +0.0842     4.7305
  528    +0.0628     4.7139
  529    +0.0422     4.6980
  530    +0.0234     4.6819
  531    +0.0073     4.6644
  532    -0.0052     4.6444
  533    -0.0134     4.6207
  534    -0.0174     4.5926
  535    -0.0179     4.5610
  536    -0.0165     4.5270
  537    -0.0145     4.4922
  538    -0.0129     4.4577
  539    -0.0121     4.4242
  540    -0.0120     4.3915
  541    -0.0121     4.3591
  542    -0.0122     4.3265
  543    -0.0122     4.2939
  544    -0.0122     4.2612
  545    -0.0122     4.2286
  546    -0.0122     4.1959
  547    -0.0122     4.1633
  548    -0.0122     4.1306
  549    -0.0122     4.0980
  550    -0.0122     4.0653
  551    -0.0122     4.0327
  552    -0.0122     4.0000
  553    -0.0122     3.9673
  554    -0.0122     3.9347
  555    -0.0122     3.9020
  556    -0.0122     3.8694
  557    -0.0122     3.8367
  558    -0.0122     3.8041
  559    -0.0122     3.7714
  560    -0.0122     3.7388
  561    -0.0122     3.7061
  562    -0.0122     3.6735
  563    -0.0122     3.6408
  564    -0.0122     3.6082
  565    -0.0122     3.5755
  566    -0.0122     3.5429
  567    -0.0122     3.5102
  568    -0.0122     3.4776
  569    -0.0122     3.4449
  570    -0.0122     3.4122
  571    -0.0122     3.3796
  572    -0.0122     3.3469
  573    -0.0122     3.3143
  574    -0.0122     3.2816
  575    -0.0122     3.2490
  576    -0.0122     3.2163
  577    -0.0122     3.1837
  578    -0.0122     3.1510
  579    -0.0122     3.1184
  580    -0.0122     3.0857
  581    -0.0122     3.0531
  582    -0.0122     3.0204
  583    -0.0122     2.9878
  584    -0.0122     2.9551
  585    -0.0122     2.9224
  586    -0.0122     2.8898
  587    -0.0122     2.8571
  588    -0.0122     2.8245
  589    -0.0122     2.7918
  590    -0.0122     2.7592
  591    -0.0122     2.7265
  592    -0.0122     2.6939
  593    -0.0122     2.6612
  594    -0.0122     2.6286
  595    -0.0122     2.5959
  596    -0.0122     2.5633
  597    -0.0122     2.5306
  598    -0.0122     2.4980
  599    -0.0122     2.4653
  600    -0.0122     2.4327
  601    -0.0122     2.4000
  602    -0.0122     2.3673
  603    -0.0122     2.3347
  604    -0.0122     2.3020
  605    -0.0122     2.2694
  606    -0.0122     2.2367
  607    -0.0122     2.2041
  608    -0.0122     2.1714
  609    -0.0122     2.1388
  610    -0.0122     2.1061
  611    -0.0122     2.0735
  612    -0.0122     2.0408
  613    -0.0122     2.0082
  614    -0.0122     1.9755
  615    -0.0122     1.9429
  616    -0.0122     1.9102
  617    -0.0122     1.8776
  618    -0.0122     1.8449
  619    -0.0122     1.8122
  620    -0.0122     1.7796
  621    -0.0122     1.7469
  622    -0.0122     1.7143
  623    -0.0122     1.6816
  624    -0.0122     1.6490
  625    -0.0122     1.6163
  626    -0.0122     1.5837
  627    -0.0122     1.5510
  628    -0.0122     1.5184
  629    -0.0122     1.4857
  630    -0.0120     1.4533
  631    -0.0120     1.4208
  632    -0.0126     1.3874
  633    -0.0140     1.3529
  634    -0.0159     1.3180
  635    -0.0175     1.2838
  636    -0.0180     1.2516
  637    -0.0157     1.2231
  638    -0.0095     1.1990
  639    +0.0011     1.1790
  640    +0.0164     1.1620
  641    +0.0360     1.1472
  642    +0.0601     1.1335
  643    +0.0881     1.1197
  644    +0.1188     1.1045
  645    +0.1502     1.0864
  646    +0.1796     1.0639
  647    +0.2043     1.0370
  648    +0.2223     1.0067
  649    +0.2318     0.9749
  650    +0.2319     0.9439
  651    +0.2223     0.9161
  652    +0.2040     0.8935
  653    +0.1793     0.8773
  654    +0.1514     0.8681
  655    +0.1241     0.8662
  656    +0.1006     0.8720
  657    +0.0826     0.8854
  658    +0.0697     0.9057
  659    +0.0605     0.9315
  660    +0.0537     0.9601
  661    +0.0483     0.9883
  662    +0.0426     1.0127
  663    +0.0359     1.0300
  664    +0.0273     1.0388
  665    +0.0167     1.0387
  666    +0.0055     1.0298
  667    -0.0046     1.0128
  668    -0.0122     0.9881
  669    -0.0162     0.9575
  670    -0.0168     0.9231
  671    -0.0154     0.8870
  672    -0.0138     0.8511
  673    -0.0127     0.8164
  674    -0.0122     0.7832
  675    -0.0120     0.7507
  676    -0.0122     0.7183
  677    -0.0122     0.6857
  678    -0.0122     0.6531
  679    -0.0122     0.6204
  680    -0.0122     0.5878
  681    -0.0122     0.5551
  682    -0.0122     0.5224
  683    -0.0122     0.4898
  684    -0.0122     0.4571
  685    -0.0122     0.4245
  686    -0.0122     0.3918
  687    -0.0122     0.3592
  688    -0.0120     0.3268
  689    -0.0120     0.2943
  690    -0.0126     0.2610
  691    -0.0140     0.2266
  692    -0.0146     0.1913
  693    -0.0158     0.1567
  694    -0.0167     0.1236
  695    -0.0162     0.0930
  696    -0.0130     0.0665
  697    -0.0059     0.0455
  698    +0.0056     0.0303

── MEASUREMENTS (80 Y-levels) ──
  y=  0.1  [-0.2490..+0.2408]
  y=  0.2  [-0.3388..+0.3388]
  y=  0.3  [-0.3959..+0.3959]
  y=  0.4  [-0.4204..+0.4204]
  y=  0.5  [-0.2490..+0.4204]  [-0.4204..-0.4041]
  y=  0.6  [-0.4122..+0.4122]
  y=  0.7  [-0.3959..+0.3878]
  y=  0.8  [-0.3633..+0.3633]
  y=  0.9  [+0.2245..+0.3306]  [-0.0367..+0.0367]  [-0.3306..-0.2245]
  y=  1.0  [+0.2327..+0.2816]  [-0.0939..+0.0857]  [-0.2816..-0.2327]
  y=  1.1  [+0.1510..+0.3143]  [-0.3143..-0.1510]
  y=  1.2  [-0.3388..+0.3388]
  y=  1.3  [+0.3061..+0.5184]  [-0.1184..+0.1184]  [-0.5184..-0.3061]
  y=  1.4  [-0.7224..+0.7224]
  y=  1.5  [-1.0408..+1.0327]
  y=  1.6  [+0.8367..+1.0898]  [-0.6571..+0.6571]  [-1.0898..-0.8367]
  y=  1.7  [+0.8122..+1.1388]  [-0.6980..+0.6980]  [-1.1388..-0.8122]
  y=  1.8  [-1.1714..+1.1714]
  y=  1.9  [-1.1878..+1.1796]
  y=  2.0  [-1.1796..+1.1796]
  y=  2.1  [-1.3020..+1.3020]
  y=  2.2  [+1.1388..+1.2531]  [+0.4694..+1.0245]  [-0.2571..+0.2571]  [-1.0245..-0.4694]  [-1.2612..-1.1388]
  y=  2.3  [-1.2776..+1.2776]
  y=  2.4  [-1.2939..+1.2939]
  y=  2.5  [+1.2776..+1.3020]  [+0.8449..+1.1224]  [-0.7306..+0.7224]  [-1.1224..-0.8531]  [-1.3020..-1.2857]
  y=  2.6  [+1.1306..+1.3184]  [+0.8939..+0.9510]  [-0.6898..+0.6816]  [-0.9592..-0.8939]  [-1.3184..-1.1306]
  y=  2.7  [+0.9347..+1.3673]  [-0.6653..+0.6571]  [-1.3755..-0.9347]
  y=  2.8  [+0.9918..+1.4408]  [-0.6327..+0.6327]  [-1.4408..-0.9918]
  y=  2.9  [+1.0082..+1.4653]  [-0.6327..+0.6327]  [-1.4653..-1.0082]
  y=  3.0  [+1.1959..+1.4816]  [+1.0163..+1.0408]  [-0.6327..+0.6327]  [-1.0408..-1.0163]  [-1.4816..-1.1959]
  y=  3.1  [+1.2041..+1.5061]  [+1.0327..+1.0571]  [-0.6408..+0.6408]  [-1.0571..-1.0408]  [-1.5061..-1.2122]
  y=  3.2  [+1.2367..+1.5224]  [+1.0735..+1.0980]  [-0.6490..+0.6490]  [-1.0980..-1.0735]  [-1.5224..-1.2367]
  y=  3.3  [+1.2612..+1.5306]  [+1.1224..+1.1469]  [-0.6816..+0.6735]  [-1.1469..-1.1224]  [-1.5306..-1.2612]
  y=  3.4  [+1.1714..+1.5388]  [-0.7061..+0.7061]  [-1.5388..-1.1796]
  y=  3.5  [+1.2286..+1.5469]  [-0.7224..+0.7224]  [-1.5469..-1.2286]
  y=  3.6  [+1.5388..+1.5633]  [+1.2612..+1.3673]  [-0.7388..+0.7388]  [-1.3673..-1.2694]  [-1.5633..-1.5388]
  y=  3.7  [+1.2939..+1.5796]  [+0.4612..+0.7633]  [-0.2980..+0.2980]  [-0.7633..-0.4612]  [-1.5796..-1.3020]
  y=  3.8  [+1.2612..+1.6286]  [+0.6816..+0.8612]  [-0.5592..+0.5592]  [-0.8612..-0.7061]  [-1.6286..-1.2612]
  y=  3.9  [+1.2776..+1.5796]  [+0.7143..+0.8204]  [+0.5184..+0.5184]  [-0.3143..+0.3143]  [-0.8204..-0.7143]  [-1.5796..-1.2776]
  y=  4.0  [+1.2367..+1.5878]  [-0.8449..+0.8449]  [-1.5878..-1.2367]
  y=  4.1  [+1.2286..+1.5959]  [-0.8694..+0.8694]  [-1.5959..-1.2286]
  y=  4.2  [+1.2041..+1.6041]  [-0.8939..+0.8939]  [-1.6041..-1.2041]
  y=  4.3  [+1.1878..+1.5633]  [-0.9102..+0.9102]  [-1.5633..-1.1959]
  y=  4.4  [+1.2857..+1.5143]  [-0.9265..+0.9184]  [-1.5224..-1.2857]
  y=  4.5  [+1.2612..+1.4000]  [-0.9347..+0.9347]  [-1.4000..-1.2612]
  y=  4.6  [-0.9429..+0.9429]
  y=  4.7  [-0.1918..+0.9429]  [-0.9429..-0.2735]
  y=  4.8  [+0.2816..+0.9429]  [+0.1429..+0.1673]  [-0.1673..-0.1429]  [-0.9510..-0.2816]
  y=  4.9  [+0.1755..+0.9429]  [-0.9429..-0.1755]
  y=  5.0  [+0.2082..+0.9347]  [-0.9347..-0.2082]
  y=  5.1  [+0.2327..+0.9184]  [-0.9184..-0.2327]
  y=  5.2  [+0.2571..+0.8939]  [-0.8939..-0.2571]
  y=  5.3  [+0.2735..+0.8776]  [-0.8776..-0.2735]
  y=  5.4  [+0.2898..+0.8857]  [-0.8857..-0.2980]
  y=  5.5  [+0.7469..+0.8939]  [+0.3143..+0.6735]  [-0.6735..-0.3143]  [-0.9020..-0.7633]
  y=  5.6  [+0.2653..+0.9429]  [-0.0286..+0.0286]  [-0.9347..-0.2735]
  y=  5.7  [+0.3633..+0.9184]  [-0.9184..-0.3714]
  y=  5.8  [+0.7388..+0.9429]  [+0.4041..+0.6000]  [-0.6000..-0.4041]  [-0.9429..-0.7388]
  y=  5.9  [+0.4204..+0.9673]  [-0.9755..-0.4204]
  y=  6.0  [+0.9755..+1.0000]  [+0.4204..+0.8286]  [-0.8286..-0.4204]  [-1.0000..-0.9837]
  y=  6.1  [+0.5510..+1.0245]  [+0.4122..+0.4367]  [-0.4367..-0.4204]  [-1.0245..-0.5510]
  y=  6.2  [+0.6000..+1.0327]  [+0.4122..+0.4367]  [-0.4367..-0.4122]  [-1.0408..-0.6000]
  y=  6.3  [+0.6163..+1.0408]  [+0.4122..+0.4367]  [-0.4367..-0.4204]  [-1.0408..-0.6163]
  y=  6.4  [+0.6245..+1.0327]  [+0.4367..+0.4531]  [-0.4612..-0.4367]  [-1.0327..-0.6245]
  y=  6.5  [+0.6245..+1.0163]  [+0.4612..+0.4857]  [-0.4857..-0.4612]  [-1.0245..-0.6245]
  y=  6.6  [+0.7306..+1.0082]  [+0.5020..+0.6163]  [-0.6245..-0.5020]  [-1.0082..-0.7388]
  y=  6.7  [+0.7388..+0.9918]  [+0.5429..+0.5755]  [-0.5755..-0.5429]  [-0.9918..-0.7388]
  y=  6.8  [+0.7469..+0.9837]  [+0.5673..+0.5918]  [-0.5918..-0.5755]  [-0.9837..-0.7469]
  y=  6.9  [+0.8776..+0.9755]  [+0.7551..+0.7633]  [+0.5837..+0.6000]  [-0.6082..-0.5837]  [-0.9755..-0.8857]
  y=  7.0  [+0.7551..+0.9673]  [+0.5918..+0.6163]  [-0.6163..-0.6000]  [-0.9673..-0.9265]
  y=  7.1  [+0.7551..+0.9592]  [+0.6082..+0.6245]  [-0.6245..-0.6082]  [-0.7714..-0.7551]  [-0.9673..-0.9429]
  y=  7.2  [+0.6163..+0.9592]  [-0.9592..-0.6163]
  y=  7.3  [+0.6245..+0.9510]  [-0.9592..-0.6327]
  y=  7.4  [+0.6163..+0.9755]  [-0.9755..-0.6163]
  y=  7.5  [+0.6327..+0.9837]  [-0.9837..-0.6327]
  y=  7.6  [+0.6163..+1.0408]  [-1.0408..-0.6163]
  y=  7.7  [+0.6163..+1.1143]  [-1.1143..-0.6163]
  y=  7.8  [+0.6980..+1.1959]  [-1.1959..-0.6980]
  y=  7.9  [+0.7224..+1.2204]  [-1.2204..-0.7224]
  y=  8.0  [+0.8694..+1.0980]  [-1.0980..-0.8694]

── STROKES (81 curves) ──
  stroke[  0] ( 38 pts): (+0.8531,7.4391), (+0.8694,7.4437), (+0.8857,7.4468), (+0.9028,7.4550), (+0.9028,7.4550), (+0.8857,7.4468), (+0.8694,7.4437), (+0.8531,7.4387), (+0.8367,7.4387), (+0.8204,7.4437), (+0.8041,7.4476), (+0.7878,7.4523), (+0.7714,7.4608), (+0.7551,7.4776), (+0.7384,7.4939), (+0.7298,7.5102), (+0.7252,7.5265), (+0.7217,7.5429), (+0.7236,7.5592), (+0.7256,7.5767), (+0.7158,7.5817), (+0.6980,7.5681), (+0.6809,7.5502), (+0.6809,7.5502), (+0.6980,7.5681), (+0.7158,7.5817), (+0.7256,7.5767), (+0.7236,7.5592), (+0.7217,7.5429), (+0.7252,7.5265), (+0.7298,7.5102), (+0.7384,7.4939), (+0.7551,7.4776), (+0.7714,7.4608), (+0.7878,7.4523), (+0.8041,7.4476), (+0.8204,7.4437), (+0.8367,7.4391)
  stroke[  1] ( 13 pts): (+0.9277,6.8571), (+0.9236,6.8735), (+0.9168,6.8898), (+0.9086,6.9061), (+0.9005,6.9224), (+0.8923,6.9388), (+0.8838,6.9559), (+0.8838,6.9559), (+0.8923,6.9388), (+0.9005,6.9224), (+0.9086,6.9061), (+0.9168,6.8898), (+0.9242,6.8735)
  stroke[  2] (159 pts): (+0.7224,6.4000), (+0.7224,6.4163), (+0.7224,6.4327), (+0.7228,6.4490), (+0.7279,6.4653), (+0.7314,6.4816), (+0.7306,6.4980), (+0.7306,6.5143), (+0.7298,6.5306), (+0.7333,6.5469), (+0.7384,6.5633), (+0.7388,6.5796), (+0.7388,6.5959), (+0.7388,6.6122), (+0.7392,6.6286), (+0.7442,6.6449), (+0.7477,6.6612), (+0.7469,6.6776), (+0.7469,6.6939), (+0.7469,6.7102), (+0.7469,6.7265), (+0.7469,6.7429), (+0.7473,6.7592), (+0.7524,6.7755), (+0.7559,6.7918), (+0.7551,6.8082), (+0.7551,6.8245), (+0.7551,6.8408), (+0.7551,6.8571), (+0.7551,6.8735), (+0.7551,6.8898), (+0.7551,6.9061), (+0.7543,6.9224), (+0.7578,6.9388), (+0.7629,6.9551), (+0.7633,6.9714), (+0.7633,6.9878), (+0.7633,7.0041), (+0.7633,7.0204), (+0.7633,7.0367), (+0.7633,7.0531), (+0.7633,7.0694), (+0.7633,7.0857), (+0.7633,7.1020), (+0.7633,7.1184), (+0.7633,7.1347), (+0.7629,7.1518), (+0.7710,7.1650), (+0.7878,7.1681), (+0.8041,7.1673), (+0.8204,7.1673), (+0.8367,7.1673), (+0.8531,7.1666), (+0.8694,7.1701), (+0.8857,7.1751), (+0.9028,7.1755), (+0.9028,7.1755), (+0.8857,7.1751), (+0.8694,7.1701), (+0.8531,7.1666), (+0.8367,7.1673), (+0.8204,7.1673), (+0.8041,7.1673), (+0.7878,7.1666), (+0.7710,7.1697), (+0.7629,7.1829), (+0.7633,7.2000), (+0.7633,7.2163), (+0.7629,7.2342), (+0.7710,7.2439), (+0.7878,7.2420), (+0.8041,7.2408), (+0.8204,7.2408), (+0.8367,7.2408), (+0.8531,7.2416), (+0.8694,7.2381), (+0.8873,7.2319), (+0.8974,7.2299), (+0.8873,7.2319), (+0.8694,7.2381), (+0.8531,7.2416), (+0.8367,7.2408), (+0.8204,7.2408), (+0.8041,7.2408), (+0.7878,7.2420), (+0.7714,7.2435), (+0.7551,7.2420), (+0.7388,7.2408), (+0.7224,7.2408), (+0.7061,7.2416), (+0.6882,7.2381), (+0.6781,7.2334), (+0.6882,7.2381), (+0.7061,7.2416), (+0.7224,7.2408), (+0.7388,7.2416), (+0.7555,7.2385), (+0.7637,7.2253), (+0.7633,7.2082), (+0.7640,7.1918), (+0.7609,7.1751), (+0.7477,7.1670), (+0.7306,7.1666), (+0.7143,7.1701), (+0.6980,7.1743), (+0.6801,7.1782), (+0.6700,7.1829), (+0.6801,7.1782), (+0.6980,7.1743), (+0.7143,7.1701), (+0.7306,7.1666), (+0.7477,7.1677), (+0.7609,7.1596), (+0.7640,7.1429), (+0.7633,7.1265), (+0.7633,7.1102), (+0.7633,7.0939), (+0.7633,7.0776), (+0.7633,7.0612), (+0.7633,7.0449), (+0.7633,7.0286), (+0.7633,7.0122), (+0.7633,6.9959), (+0.7633,6.9796), (+0.7640,6.9633), (+0.7605,6.9469), (+0.7555,6.9306), (+0.7551,6.9143), (+0.7551,6.8980), (+0.7551,6.8816), (+0.7551,6.8653), (+0.7551,6.8490), (+0.7551,6.8327), (+0.7551,6.8163), (+0.7551,6.8000), (+0.7547,6.7837), (+0.7497,6.7673), (+0.7462,6.7510), (+0.7469,6.7347), (+0.7469,6.7184), (+0.7469,6.7020), (+0.7469,6.6857), (+0.7469,6.6694), (+0.7466,6.6531), (+0.7415,6.6367), (+0.7380,6.6204), (+0.7388,6.6041), (+0.7388,6.5878), (+0.7396,6.5714), (+0.7361,6.5551), (+0.7310,6.5388), (+0.7306,6.5224), (+0.7306,6.5061), (+0.7306,6.4898), (+0.7302,6.4735), (+0.7252,6.4571), (+0.7217,6.4408), (+0.7224,6.4245), (+0.7224,6.4082)
  stroke[  3] ( 36 pts): (+0.6173,6.2612), (+0.6152,6.2776), (+0.6167,6.2939), (+0.6218,6.3102), (+0.6253,6.3265), (+0.6245,6.3429), (+0.6245,6.3592), (+0.6245,6.3755), (+0.6245,6.3918), (+0.6245,6.4082), (+0.6245,6.4245), (+0.6245,6.4408), (+0.6245,6.4571), (+0.6245,6.4735), (+0.6245,6.4898), (+0.6245,6.5061), (+0.6245,6.5224), (+0.6245,6.5403), (+0.6245,6.5504), (+0.6245,6.5403), (+0.6245,6.5224), (+0.6245,6.5061), (+0.6245,6.4898), (+0.6245,6.4735), (+0.6245,6.4571), (+0.6245,6.4408), (+0.6245,6.4245), (+0.6245,6.4082), (+0.6245,6.3918), (+0.6245,6.3755), (+0.6245,6.3592), (+0.6245,6.3429), (+0.6253,6.3265), (+0.6218,6.3102), (+0.6167,6.2939), (+0.6157,6.2776)
  stroke[  4] ( 32 pts): (+0.9339,6.2122), (+0.9359,6.2286), (+0.9401,6.2449), (+0.9429,6.2612), (+0.9456,6.2776), (+0.9506,6.2939), (+0.9502,6.3102), (+0.9537,6.3265), (+0.9588,6.3429), (+0.9592,6.3592), (+0.9584,6.3755), (+0.9619,6.3918), (+0.9670,6.4082), (+0.9673,6.4245), (+0.9673,6.4408), (+0.9673,6.4587), (+0.9673,6.4688), (+0.9673,6.4587), (+0.9673,6.4408), (+0.9673,6.4245), (+0.9670,6.4082), (+0.9619,6.3918), (+0.9584,6.3755), (+0.9592,6.3592), (+0.9588,6.3429), (+0.9537,6.3265), (+0.9502,6.3102), (+0.9506,6.2939), (+0.9456,6.2776), (+0.9429,6.2612), (+0.9401,6.2449), (+0.9359,6.2286)
  stroke[  5] ( 19 pts): (+0.4672,5.8694), (+0.4781,5.8857), (+0.4880,5.9020), (+0.4954,5.9184), (+0.5048,5.9347), (+0.5156,5.9510), (+0.5250,5.9673), (+0.5331,5.9837), (+0.5401,6.0000), (+0.5460,6.0171), (+0.5460,6.0171), (+0.5401,6.0000), (+0.5331,5.9837), (+0.5250,5.9673), (+0.5156,5.9510), (+0.5048,5.9347), (+0.4954,5.9184), (+0.4880,5.9020), (+0.4770,5.8857)
  stroke[  6] ( 20 pts): (+0.8608,5.8449), (+0.8618,5.8612), (+0.8585,5.8776), (+0.8542,5.8939), (+0.8503,5.9102), (+0.8461,5.9265), (+0.8422,5.9429), (+0.8367,5.9592), (+0.8321,5.9755), (+0.8251,5.9934), (+0.8212,6.0035), (+0.8251,5.9934), (+0.8321,5.9755), (+0.8367,5.9592), (+0.8422,5.9429), (+0.8461,5.9265), (+0.8503,5.9102), (+0.8542,5.8939), (+0.8585,5.8776), (+0.8612,5.8612)
  stroke[  7] (  5 pts): (+0.7905,5.7829), (+0.7679,5.7901), (+0.7598,5.8045), (+0.7707,5.8130), (+0.7837,5.8052)
  stroke[  8] ( 21 pts): (+0.5020,5.7603), (+0.4857,5.7586), (+0.4686,5.7707), (+0.4554,5.7878), (+0.4519,5.8041), (+0.4608,5.8200), (+0.4776,5.8317), (+0.4939,5.8356), (+0.5102,5.8395), (+0.5265,5.8445), (+0.5429,5.8449), (+0.5592,5.8449), (+0.5755,5.8449), (+0.5926,5.8453), (+0.6062,5.8371), (+0.6012,5.8200), (+0.5837,5.8119), (+0.5673,5.8126), (+0.5510,5.8049), (+0.5347,5.7932), (+0.5184,5.7796)
  stroke[  9] ( 47 pts): (+0.7878,5.6871), (+0.7714,5.6834), (+0.7551,5.6871), (+0.7388,5.6906), (+0.7224,5.6898), (+0.7061,5.6890), (+0.6898,5.6925), (+0.6735,5.6976), (+0.6571,5.6983), (+0.6408,5.7034), (+0.6245,5.7073), (+0.6082,5.7108), (+0.5918,5.7178), (+0.5755,5.7224), (+0.5592,5.7271), (+0.5429,5.7341), (+0.5265,5.7380), (+0.5090,5.7466), (+0.5040,5.7633), (+0.5176,5.7804), (+0.5347,5.7932), (+0.5510,5.8049), (+0.5673,5.8134), (+0.5837,5.8099), (+0.5864,5.7967), (+0.5763,5.7780), (+0.5712,5.7679), (+0.5763,5.7780), (+0.5852,5.7959), (+0.5938,5.8122), (+0.6074,5.8290), (+0.6245,5.8371), (+0.6408,5.8363), (+0.6571,5.8313), (+0.6735,5.8278), (+0.6898,5.8282), (+0.7061,5.8231), (+0.7224,5.8200), (+0.7388,5.8130), (+0.7551,5.8014), (+0.7714,5.7889), (+0.7881,5.7769), (+0.7971,5.7640), (+0.7932,5.7469), (+0.7881,5.7306), (+0.7866,5.7143), (+0.7887,5.6980)
  stroke[ 10] ( 10 pts): (+0.8295,5.6892), (+0.8111,5.6805), (+0.7955,5.6840), (+0.7874,5.6972), (+0.7878,5.7143), (+0.7874,5.7314), (+0.7963,5.7450), (+0.8095,5.7399), (+0.8212,5.7224), (+0.8280,5.7061)
  stroke[ 11] (  8 pts): (+0.1592,5.5918), (+0.1429,5.5918), (+0.1265,5.5918), (+0.1086,5.5918), (+0.0985,5.5918), (+0.1086,5.5918), (+0.1265,5.5918), (+0.1429,5.5918)
  stroke[ 12] ( 17 pts): (+0.5289,5.5918), (+0.5335,5.6082), (+0.5366,5.6245), (+0.5444,5.6408), (+0.5526,5.6571), (+0.5611,5.6742), (+0.5611,5.6742), (+0.5526,5.6571), (+0.5444,5.6408), (+0.5366,5.6245), (+0.5343,5.6074), (+0.5269,5.5942), (+0.5102,5.5911), (+0.4923,5.5918), (+0.4822,5.5918), (+0.4923,5.5918), (+0.5090,5.5918)
  stroke[ 13] (  8 pts): (+0.6735,5.5918), (+0.6571,5.5918), (+0.6408,5.5918), (+0.6229,5.5918), (+0.6128,5.5918), (+0.6229,5.5918), (+0.6408,5.5918), (+0.6571,5.5918)
  stroke[ 14] (  8 pts): (+1.0571,5.5918), (+1.0408,5.5918), (+1.0245,5.5918), (+1.0066,5.5918), (+0.9965,5.5918), (+1.0066,5.5918), (+1.0245,5.5918), (+1.0408,5.5918)
  stroke[ 15] (  8 pts): (+1.1878,5.5918), (+1.1714,5.5918), (+1.1551,5.5918), (+1.1372,5.5918), (+1.1271,5.5918), (+1.1372,5.5918), (+1.1551,5.5918), (+1.1714,5.5918)
  stroke[ 16] (  9 pts): (+1.3184,5.5918), (+1.3020,5.5918), (+1.2857,5.5918), (+1.2694,5.5918), (+1.2523,5.5918), (+1.2523,5.5918), (+1.2694,5.5918), (+1.2857,5.5918), (+1.3020,5.5918)
  stroke[ 17] (  8 pts): (+1.4408,5.5918), (+1.4245,5.5918), (+1.4082,5.5918), (+1.3903,5.5918), (+1.3802,5.5918), (+1.3903,5.5918), (+1.4082,5.5918), (+1.4245,5.5918)
  stroke[ 18] (  8 pts): (+1.5714,5.5918), (+1.5551,5.5918), (+1.5388,5.5918), (+1.5209,5.5918), (+1.5108,5.5918), (+1.5209,5.5918), (+1.5388,5.5918), (+1.5551,5.5918)
  stroke[ 19] (  8 pts): (+1.7020,5.5918), (+1.6857,5.5918), (+1.6694,5.5918), (+1.6515,5.5918), (+1.6414,5.5918), (+1.6515,5.5918), (+1.6694,5.5918), (+1.6857,5.5918)
  stroke[ 20] (  8 pts): (+1.8327,5.5918), (+1.8163,5.5918), (+1.8000,5.5918), (+1.7821,5.5918), (+1.7720,5.5918), (+1.7821,5.5918), (+1.8000,5.5918), (+1.8163,5.5918)
  stroke[ 21] ( 97 pts): (+0.7714,5.4498), (+0.7551,5.4490), (+0.7388,5.4585), (+0.7224,5.4678), (+0.7061,5.4756), (+0.6898,5.4787), (+0.6735,5.4830), (+0.6571,5.4869), (+0.6408,5.4912), (+0.6245,5.4950), (+0.6082,5.4993), (+0.5918,5.5028), (+0.5755,5.5024), (+0.5592,5.5075), (+0.5429,5.5110), (+0.5265,5.5102), (+0.5102,5.5102), (+0.4939,5.5102), (+0.4768,5.5098), (+0.4643,5.5180), (+0.4577,5.5347), (+0.4542,5.5510), (+0.4503,5.5673), (+0.4453,5.5837), (+0.4449,5.6000), (+0.4449,5.6163), (+0.4449,5.6327), (+0.4441,5.6490), (+0.4476,5.6653), (+0.4531,5.6816), (+0.4589,5.6980), (+0.4678,5.7143), (+0.4752,5.7306), (+0.4861,5.7481), (+0.5020,5.7524), (+0.5184,5.7427), (+0.5347,5.7353), (+0.5510,5.7306), (+0.5673,5.7259), (+0.5837,5.7190), (+0.6000,5.7143), (+0.6163,5.7088), (+0.6327,5.7050), (+0.6490,5.7007), (+0.6653,5.6980), (+0.6816,5.6952), (+0.6980,5.6902), (+0.7143,5.6898), (+0.7306,5.6898), (+0.7469,5.6894), (+0.7633,5.6844), (+0.7796,5.6809), (+0.7959,5.6816), (+0.8122,5.6820), (+0.8293,5.6875), (+0.8426,5.6828), (+0.8457,5.6653), (+0.8449,5.6490), (+0.8449,5.6327), (+0.8449,5.6163), (+0.8449,5.6000), (+0.8457,5.5837), (+0.8422,5.5673), (+0.8367,5.5510), (+0.8309,5.5347), (+0.8227,5.5184), (+0.8119,5.5005), (+0.7955,5.4904), (+0.7874,5.5005), (+0.7878,5.5184), (+0.7878,5.5347), (+0.7878,5.5510), (+0.7885,5.5673), (+0.7850,5.5837), (+0.7800,5.6000), (+0.7804,5.6163), (+0.7769,5.6327), (+0.7718,5.6505), (+0.7714,5.6606), (+0.7718,5.6505), (+0.7769,5.6327), (+0.7811,5.6163), (+0.7773,5.5996), (+0.7640,5.5914), (+0.7454,5.5918), (+0.7353,5.5918), (+0.7454,5.5918), (+0.7633,5.5926), (+0.7800,5.5895), (+0.7881,5.5763), (+0.7878,5.5592), (+0.7878,5.5429), (+0.7878,5.5265), (+0.7878,5.5102), (+0.7878,5.4939), (+0.7872,5.4776), (+0.7815,5.4612)
  stroke[ 22] ( 10 pts): (+0.3802,5.4410), (+0.3627,5.4461), (+0.3539,5.4612), (+0.3574,5.4783), (+0.3707,5.4919), (+0.3878,5.5009), (+0.4052,5.5005), (+0.4095,5.4865), (+0.4012,5.4694), (+0.3864,5.4531)
  stroke[ 23] ( 35 pts): (+0.6816,5.4103), (+0.6653,5.4047), (+0.6490,5.4041), (+0.6327,5.4041), (+0.6163,5.4045), (+0.6000,5.4087), (+0.5837,5.4157), (+0.5673,5.4192), (+0.5510,5.4227), (+0.5347,5.4360), (+0.5184,5.4531), (+0.5020,5.4694), (+0.4845,5.4857), (+0.4795,5.5024), (+0.4931,5.5106), (+0.5102,5.5102), (+0.5265,5.5102), (+0.5429,5.5110), (+0.5592,5.5075), (+0.5755,5.5024), (+0.5918,5.5028), (+0.6082,5.4993), (+0.6245,5.4950), (+0.6408,5.4912), (+0.6571,5.4869), (+0.6735,5.4830), (+0.6898,5.4787), (+0.7061,5.4756), (+0.7224,5.4678), (+0.7403,5.4593), (+0.7504,5.4449), (+0.7403,5.4305), (+0.7224,5.4231), (+0.7061,5.4175), (+0.6898,5.4117)
  stroke[ 24] ( 30 pts): (+0.5755,5.3524), (+0.5592,5.3487), (+0.5429,5.3516), (+0.5265,5.3586), (+0.5102,5.3633), (+0.4939,5.3679), (+0.4776,5.3749), (+0.4612,5.3796), (+0.4449,5.3854), (+0.4286,5.3944), (+0.4122,5.4017), (+0.3959,5.4122), (+0.3796,5.4231), (+0.3761,5.4360), (+0.3878,5.4531), (+0.3994,5.4694), (+0.4087,5.4865), (+0.4208,5.5001), (+0.4367,5.5083), (+0.4531,5.5118), (+0.4690,5.5079), (+0.4803,5.4947), (+0.4931,5.4776), (+0.5102,5.4612), (+0.5265,5.4449), (+0.5436,5.4286), (+0.5561,5.4122), (+0.5619,5.3959), (+0.5685,5.3796), (+0.5773,5.3633)
  stroke[ 25] (211 pts): (+0.6082,5.1918), (+0.6082,5.2082), (+0.6089,5.2245), (+0.6054,5.2408), (+0.6004,5.2571), (+0.5996,5.2735), (+0.5946,5.2898), (+0.5907,5.3061), (+0.5860,5.3232), (+0.5907,5.3364), (+0.6082,5.3392), (+0.6245,5.3333), (+0.6408,5.3298), (+0.6571,5.3314), (+0.6735,5.3279), (+0.6898,5.3228), (+0.7061,5.3224), (+0.7224,5.3232), (+0.7399,5.3201), (+0.7454,5.3069), (+0.7361,5.2898), (+0.7248,5.2727), (+0.7248,5.2727), (+0.7361,5.2898), (+0.7446,5.3061), (+0.7555,5.3228), (+0.7714,5.3310), (+0.7878,5.3310), (+0.8041,5.3353), (+0.8212,5.3419), (+0.8212,5.3419), (+0.8041,5.3353), (+0.7870,5.3306), (+0.7741,5.3384), (+0.7765,5.3551), (+0.7866,5.3722), (+0.7866,5.3722), (+0.7780,5.3551), (+0.7695,5.3380), (+0.7559,5.3248), (+0.7388,5.3217), (+0.7224,5.3224), (+0.7061,5.3224), (+0.6898,5.3228), (+0.6735,5.3279), (+0.6571,5.3314), (+0.6408,5.3298), (+0.6245,5.3333), (+0.6082,5.3376), (+0.5911,5.3411), (+0.5786,5.3543), (+0.5728,5.3714), (+0.5650,5.3878), (+0.5592,5.4049), (+0.5670,5.4177), (+0.5837,5.4165), (+0.6000,5.4087), (+0.6163,5.4045), (+0.6327,5.4041), (+0.6490,5.4041), (+0.6653,5.4045), (+0.6816,5.4087), (+0.6980,5.4157), (+0.7143,5.4204), (+0.7306,5.4255), (+0.7469,5.4375), (+0.7633,5.4461), (+0.7796,5.4430), (+0.7959,5.4348), (+0.8122,5.4212), (+0.8290,5.4025), (+0.8375,5.3924), (+0.8290,5.4025), (+0.8122,5.4212), (+0.7959,5.4340), (+0.7788,5.4453), (+0.7784,5.4612), (+0.7905,5.4776), (+0.8041,5.4939), (+0.8185,5.5102), (+0.8270,5.5265), (+0.8340,5.5429), (+0.8402,5.5592), (+0.8441,5.5763), (+0.8534,5.5887), (+0.8534,5.5949), (+0.8445,5.6074), (+0.8449,5.6245), (+0.8449,5.6408), (+0.8449,5.6571), (+0.8445,5.6735), (+0.8534,5.6898), (+0.8538,5.6921), (+0.8363,5.6914), (+0.8286,5.7053), (+0.8212,5.7224), (+0.8087,5.7388), (+0.7998,5.7551), (+0.7924,5.7714), (+0.7878,5.7885), (+0.7955,5.8014), (+0.8122,5.7990), (+0.8286,5.7893), (+0.8449,5.7819), (+0.8628,5.7695), (+0.8729,5.7598), (+0.8628,5.7695), (+0.8449,5.7819), (+0.8286,5.7893), (+0.8122,5.7975), (+0.7951,5.8060), (+0.7827,5.8196), (+0.7761,5.8367), (+0.7714,5.8531), (+0.7656,5.8694), (+0.7563,5.8865), (+0.7563,5.8865), (+0.7656,5.8694), (+0.7714,5.8531), (+0.7776,5.8367), (+0.7780,5.8192), (+0.7640,5.8146), (+0.7469,5.8200), (+0.7306,5.8204), (+0.7143,5.8208), (+0.6980,5.8259), (+0.6816,5.8293), (+0.6653,5.8290), (+0.6482,5.8336), (+0.6342,5.8453), (+0.6342,5.8612), (+0.6490,5.8783), (+0.6490,5.8783), (+0.6358,5.8612), (+0.6295,5.8445), (+0.6171,5.8367), (+0.6000,5.8422), (+0.5837,5.8457), (+0.5673,5.8449), (+0.5510,5.8449), (+0.5347,5.8457), (+0.5184,5.8422), (+0.5020,5.8379), (+0.4857,5.8348), (+0.4686,5.8266), (+0.4554,5.8130), (+0.4519,5.7959), (+0.4608,5.7796), (+0.4787,5.7633), (+0.4842,5.7469), (+0.4760,5.7306), (+0.4678,5.7143), (+0.4589,5.6980), (+0.4531,5.6816), (+0.4476,5.6653), (+0.4441,5.6490), (+0.4449,5.6327), (+0.4449,5.6163), (+0.4449,5.6000), (+0.4453,5.5837), (+0.4503,5.5673), (+0.4542,5.5510), (+0.4593,5.5347), (+0.4597,5.5180), (+0.4457,5.5094), (+0.4286,5.5048), (+0.4122,5.5013), (+0.3959,5.5017), (+0.3796,5.4970), (+0.3629,5.4853), (+0.3539,5.4694), (+0.3582,5.4531), (+0.3691,5.4367), (+0.3691,5.4204), (+0.3578,5.4041), (+0.3497,5.3878), (+0.3434,5.3714), (+0.3388,5.3551), (+0.3333,5.3388), (+0.3294,5.3224), (+0.3252,5.3046), (+0.3209,5.2945), (+0.3252,5.3046), (+0.3294,5.3224), (+0.3333,5.3388), (+0.3388,5.3551), (+0.3434,5.3714), (+0.3497,5.3878), (+0.3570,5.4049), (+0.3707,5.4189), (+0.3878,5.4181), (+0.4041,5.4068), (+0.4204,5.3975), (+0.4367,5.3893), (+0.4531,5.3823), (+0.4694,5.3761), (+0.4857,5.3714), (+0.5020,5.3668), (+0.5184,5.3598), (+0.5347,5.3551), (+0.5510,5.3497), (+0.5681,5.3466), (+0.5806,5.3392), (+0.5872,5.3224), (+0.5907,5.3061), (+0.5946,5.2898), (+0.5996,5.2735), (+0.6004,5.2571), (+0.6054,5.2408), (+0.6089,5.2245), (+0.6087,5.2082)
  stroke[ 26] (400 pts): (-0.0051,4.7592), (+0.0017,4.7755), (+0.0049,4.7918), (+0.0041,4.8082), (+0.0041,4.8245), (+0.0041,4.8408), (+0.0041,4.8571), (+0.0041,4.8735), (+0.0041,4.8898), (+0.0041,4.9061), (+0.0041,4.9224), (+0.0041,4.9388), (+0.0041,4.9551), (+0.0041,4.9714), (+0.0041,4.9878), (+0.0041,5.0041), (+0.0041,5.0204), (+0.0041,5.0367), (+0.0041,5.0531), (+0.0041,5.0694), (+0.0041,5.0857), (+0.0041,5.1020), (+0.0041,5.1184), (+0.0041,5.1347), (+0.0041,5.1510), (+0.0041,5.1673), (+0.0041,5.1837), (+0.0041,5.2000), (+0.0041,5.2163), (+0.0041,5.2327), (+0.0041,5.2490), (+0.0041,5.2653), (+0.0041,5.2816), (+0.0041,5.2980), (+0.0041,5.3143), (+0.0041,5.3306), (+0.0041,5.3469), (+0.0041,5.3633), (+0.0041,5.3796), (+0.0041,5.3959), (+0.0041,5.4122), (+0.0041,5.4286), (+0.0041,5.4449), (+0.0041,5.4612), (+0.0041,5.4776), (+0.0041,5.4939), (+0.0041,5.5102), (+0.0041,5.5265), (+0.0041,5.5429), (+0.0041,5.5592), (+0.0037,5.5763), (+0.0134,5.5895), (+0.0239,5.5918), (+0.0134,5.5942), (+0.0037,5.6074), (+0.0041,5.6245), (+0.0041,5.6408), (+0.0041,5.6571), (+0.0041,5.6735), (+0.0041,5.6898), (+0.0041,5.7061), (+0.0041,5.7224), (+0.0041,5.7388), (+0.0041,5.7551), (+0.0041,5.7714), (+0.0041,5.7878), (+0.0041,5.8041), (+0.0041,5.8204), (+0.0041,5.8367), (+0.0041,5.8531), (+0.0041,5.8694), (+0.0041,5.8857), (+0.0041,5.9020), (+0.0041,5.9184), (+0.0041,5.9347), (+0.0041,5.9510), (+0.0041,5.9673), (+0.0041,5.9837), (+0.0041,6.0000), (+0.0041,6.0163), (+0.0041,6.0327), (+0.0041,6.0490), (+0.0041,6.0653), (+0.0041,6.0816), (+0.0041,6.0980), (+0.0041,6.1143), (+0.0041,6.1306), (+0.0041,6.1469), (+0.0041,6.1633), (+0.0041,6.1796), (+0.0041,6.1959), (+0.0041,6.2122), (+0.0041,6.2286), (+0.0041,6.2449), (+0.0041,6.2612), (+0.0041,6.2776), (+0.0041,6.2939), (+0.0041,6.3102), (+0.0041,6.3265), (+0.0041,6.3429), (+0.0041,6.3592), (+0.0041,6.3755), (+0.0041,6.3918), (+0.0041,6.4082), (+0.0041,6.4245), (+0.0041,6.4408), (+0.0041,6.4571), (+0.0041,6.4735), (+0.0041,6.4898), (+0.0041,6.5061), (+0.0041,6.5224), (+0.0041,6.5388), (+0.0041,6.5551), (+0.0041,6.5714), (+0.0041,6.5878), (+0.0041,6.6041), (+0.0041,6.6204), (+0.0041,6.6367), (+0.0041,6.6531), (+0.0041,6.6694), (+0.0041,6.6857), (+0.0041,6.7020), (+0.0041,6.7184), (+0.0041,6.7347), (+0.0041,6.7510), (+0.0041,6.7673), (+0.0041,6.7837), (+0.0041,6.8000), (+0.0041,6.8163), (+0.0041,6.8327), (+0.0041,6.8490), (+0.0041,6.8653), (+0.0041,6.8816), (+0.0041,6.8980), (+0.0041,6.9143), (+0.0041,6.9306), (+0.0041,6.9469), (+0.0041,6.9633), (+0.0041,6.9796), (+0.0041,6.9959), (+0.0041,7.0122), (+0.0041,7.0286), (+0.0041,7.0449), (+0.0041,7.0612), (+0.0041,7.0776), (+0.0041,7.0939), (+0.0041,7.1102), (+0.0041,7.1265), (+0.0041,7.1429), (+0.0041,7.1592), (+0.0041,7.1755), (+0.0041,7.1918), (+0.0041,7.2082), (+0.0041,7.2245), (+0.0041,7.2408), (+0.0041,7.2571), (+0.0041,7.2735), (+0.0041,7.2898), (+0.0041,7.3061), (+0.0041,7.3224), (+0.0041,7.3388), (+0.0041,7.3551), (+0.0041,7.3714), (+0.0041,7.3878), (+0.0041,7.4041), (+0.0041,7.4204), (+0.0041,7.4367), (+0.0041,7.4531), (+0.0041,7.4694), (+0.0041,7.4857), (+0.0041,7.5020), (+0.0041,7.5184), (+0.0041,7.5347), (+0.0041,7.5510), (+0.0041,7.5673), (+0.0041,7.5837), (+0.0041,7.6000), (+0.0041,7.6163), (+0.0041,7.6327), (+0.0041,7.6490), (+0.0041,7.6653), (+0.0041,7.6816), (+0.0041,7.6980), (+0.0041,7.7143), (+0.0041,7.7306), (+0.0041,7.7469), (+0.0041,7.7633), (+0.0041,7.7796), (+0.0041,7.7959), (+0.0041,7.8122), (+0.0041,7.8286), (+0.0041,7.8449), (+0.0041,7.8612), (+0.0041,7.8776), (+0.0041,7.8939), (+0.0041,7.9102), (+0.0041,7.9265), (+0.0041,7.9429), (+0.0041,7.9592), (+0.0041,7.9763), (+0.0041,7.9763), (+0.0041,7.9592), (+0.0041,7.9429), (+0.0041,7.9265), (+0.0041,7.9102), (+0.0041,7.8939), (+0.0041,7.8776), (+0.0041,7.8612), (+0.0041,7.8449), (+0.0041,7.8286), (+0.0041,7.8122), (+0.0041,7.7959), (+0.0041,7.7796), (+0.0041,7.7633), (+0.0041,7.7469), (+0.0041,7.7306), (+0.0041,7.7143), (+0.0041,7.6980), (+0.0041,7.6816), (+0.0041,7.6653), (+0.0041,7.6490), (+0.0041,7.6327), (+0.0041,7.6163), (+0.0041,7.6000), (+0.0041,7.5837), (+0.0041,7.5673), (+0.0041,7.5510), (+0.0041,7.5347), (+0.0041,7.5184), (+0.0041,7.5020), (+0.0041,7.4857), (+0.0041,7.4694), (+0.0041,7.4531), (+0.0041,7.4367), (+0.0041,7.4204), (+0.0041,7.4041), (+0.0041,7.3878), (+0.0041,7.3714), (+0.0041,7.3551), (+0.0041,7.3388), (+0.0041,7.3224), (+0.0041,7.3061), (+0.0041,7.2898), (+0.0041,7.2735), (+0.0041,7.2571), (+0.0041,7.2408), (+0.0041,7.2245), (+0.0041,7.2082), (+0.0041,7.1918), (+0.0041,7.1755), (+0.0041,7.1592), (+0.0041,7.1429), (+0.0041,7.1265), (+0.0041,7.1102), (+0.0041,7.0939), (+0.0041,7.0776), (+0.0041,7.0612), (+0.0041,7.0449), (+0.0041,7.0286), (+0.0041,7.0122), (+0.0041,6.9959), (+0.0041,6.9796), (+0.0041,6.9633), (+0.0041,6.9469), (+0.0041,6.9306), (+0.0041,6.9143), (+0.0041,6.8980), (+0.0041,6.8816), (+0.0041,6.8653), (+0.0041,6.8490), (+0.0041,6.8327), (+0.0041,6.8163), (+0.0041,6.8000), (+0.0041,6.7837), (+0.0041,6.7673), (+0.0041,6.7510), (+0.0041,6.7347), (+0.0041,6.7184), (+0.0041,6.7020), (+0.0041,6.6857), (+0.0041,6.6694), (+0.0041,6.6531), (+0.0041,6.6367), (+0.0041,6.6204), (+0.0041,6.6041), (+0.0041,6.5878), (+0.0041,6.5714), (+0.0041,6.5551), (+0.0041,6.5388), (+0.0041,6.5224), (+0.0041,6.5061), (+0.0041,6.4898), (+0.0041,6.4735), (+0.0041,6.4571), (+0.0041,6.4408), (+0.0041,6.4245), (+0.0041,6.4082), (+0.0041,6.3918), (+0.0041,6.3755), (+0.0041,6.3592), (+0.0041,6.3429), (+0.0041,6.3265), (+0.0041,6.3102), (+0.0041,6.2939), (+0.0041,6.2776), (+0.0041,6.2612), (+0.0041,6.2449), (+0.0041,6.2286), (+0.0041,6.2122), (+0.0041,6.1959), (+0.0041,6.1796), (+0.0041,6.1633), (+0.0041,6.1469), (+0.0041,6.1306), (+0.0041,6.1143), (+0.0041,6.0980), (+0.0041,6.0816), (+0.0041,6.0653), (+0.0041,6.0490), (+0.0041,6.0327), (+0.0041,6.0163), (+0.0041,6.0000), (+0.0041,5.9837), (+0.0041,5.9673), (+0.0041,5.9510), (+0.0041,5.9347), (+0.0041,5.9184), (+0.0041,5.9020), (+0.0041,5.8857), (+0.0041,5.8694), (+0.0041,5.8531), (+0.0041,5.8367), (+0.0041,5.8204), (+0.0041,5.8041), (+0.0041,5.7878), (+0.0041,5.7714), (+0.0041,5.7551), (+0.0041,5.7388), (+0.0041,5.7224), (+0.0041,5.7061), (+0.0041,5.6898), (+0.0041,5.6735), (+0.0041,5.6571), (+0.0041,5.6408), (+0.0041,5.6245), (+0.0045,5.6074), (-0.0037,5.5942), (-0.0212,5.5911), (-0.0212,5.5926), (-0.0037,5.5895), (+0.0045,5.5763), (+0.0041,5.5592), (+0.0041,5.5429), (+0.0041,5.5265), (+0.0041,5.5102), (+0.0041,5.4939), (+0.0041,5.4776), (+0.0041,5.4612), (+0.0041,5.4449), (+0.0041,5.4286), (+0.0041,5.4122), (+0.0041,5.3959), (+0.0041,5.3796), (+0.0041,5.3633), (+0.0041,5.3469), (+0.0041,5.3306), (+0.0041,5.3143), (+0.0041,5.2980), (+0.0041,5.2816), (+0.0041,5.2653), (+0.0041,5.2490), (+0.0041,5.2327), (+0.0041,5.2163), (+0.0041,5.2000), (+0.0041,5.1837), (+0.0041,5.1673), (+0.0041,5.1510), (+0.0041,5.1347), (+0.0041,5.1184), (+0.0041,5.1020), (+0.0041,5.0857), (+0.0041,5.0694), (+0.0041,5.0531), (+0.0041,5.0367), (+0.0041,5.0204), (+0.0041,5.0041), (+0.0041,4.9878), (+0.0041,4.9714), (+0.0041,4.9551), (+0.0041,4.9388), (+0.0041,4.9224), (+0.0041,4.9061), (+0.0041,4.8898), (+0.0041,4.8735), (+0.0041,4.8571), (+0.0041,4.8408), (+0.0041,4.8245), (+0.0041,4.8082), (+0.0049,4.7918), (+0.0012,4.7755)
  stroke[ 27] ( 66 pts): (+0.3061,4.6041), (+0.3061,4.6204), (+0.3069,4.6367), (+0.3034,4.6531), (+0.2983,4.6694), (+0.2980,4.6857), (+0.2980,4.7020), (+0.2980,4.7184), (+0.2976,4.7347), (+0.2925,4.7510), (+0.2890,4.7673), (+0.2898,4.7837), (+0.2898,4.8000), (+0.2898,4.8163), (+0.2898,4.8327), (+0.2906,4.8490), (+0.2871,4.8653), (+0.2820,4.8816), (+0.2816,4.8980), (+0.2816,4.9143), (+0.2816,4.9306), (+0.2816,4.9469), (+0.2816,4.9633), (+0.2816,4.9796), (+0.2816,4.9959), (+0.2816,5.0122), (+0.2816,5.0286), (+0.2816,5.0449), (+0.2809,5.0612), (+0.2844,5.0776), (+0.2894,5.0939), (+0.2898,5.1102), (+0.2898,5.1281), (+0.2898,5.1382), (+0.2898,5.1281), (+0.2898,5.1102), (+0.2894,5.0939), (+0.2844,5.0776), (+0.2809,5.0612), (+0.2816,5.0449), (+0.2816,5.0286), (+0.2816,5.0122), (+0.2816,4.9959), (+0.2816,4.9796), (+0.2816,4.9633), (+0.2816,4.9469), (+0.2816,4.9306), (+0.2816,4.9143), (+0.2816,4.8980), (+0.2820,4.8816), (+0.2871,4.8653), (+0.2906,4.8490), (+0.2898,4.8327), (+0.2898,4.8163), (+0.2898,4.8000), (+0.2898,4.7837), (+0.2890,4.7673), (+0.2925,4.7510), (+0.2976,4.7347), (+0.2980,4.7184), (+0.2980,4.7020), (+0.2980,4.6857), (+0.2983,4.6694), (+0.3034,4.6531), (+0.3069,4.6367), (+0.3067,4.6204)
  stroke[ 28] ( 19 pts): (+1.5475,4.1878), (+1.5417,4.2041), (+1.5361,4.2204), (+1.5283,4.2367), (+1.5224,4.2531), (+1.5166,4.2694), (+1.5088,4.2857), (+1.5026,4.3020), (+1.4980,4.3184), (+1.4917,4.3355), (+1.4917,4.3355), (+1.4980,4.3184), (+1.5026,4.3020), (+1.5088,4.2857), (+1.5166,4.2694), (+1.5224,4.2531), (+1.5283,4.2367), (+1.5361,4.2204), (+1.5423,4.2041)
  stroke[ 29] ( 87 pts): (+1.3839,4.0653), (+1.3673,4.0816), (+1.3561,4.0980), (+1.3510,4.1151), (+1.3588,4.1279), (+1.3755,4.1392), (+1.3926,4.1551), (+1.4058,4.1714), (+1.4082,4.1878), (+1.4109,4.2041), (+1.4159,4.2204), (+1.4163,4.2367), (+1.4171,4.2531), (+1.4136,4.2694), (+1.4093,4.2857), (+1.4047,4.3020), (+1.4031,4.3184), (+1.4082,4.3347), (+1.4004,4.3510), (+1.3841,4.3673), (+1.3732,4.3837), (+1.3658,4.4000), (+1.3572,4.4163), (+1.3436,4.4327), (+1.3269,4.4490), (+1.3153,4.4653), (+1.3106,4.4832), (+1.3102,4.4933), (+1.3106,4.4832), (+1.3153,4.4653), (+1.3269,4.4490), (+1.3436,4.4327), (+1.3580,4.4163), (+1.3631,4.3996), (+1.3510,4.3926), (+1.3394,4.3946), (+1.3495,4.3938), (+1.3670,4.3895), (+1.3782,4.3763), (+1.3918,4.3592), (+1.4062,4.3421), (+1.4012,4.3289), (+1.3837,4.3261), (+1.3673,4.3316), (+1.3502,4.3440), (+1.3502,4.3440), (+1.3673,4.3316), (+1.3845,4.3273), (+1.3981,4.3188), (+1.4062,4.3020), (+1.4093,4.2857), (+1.4136,4.2694), (+1.4171,4.2531), (+1.4163,4.2367), (+1.4159,4.2204), (+1.4109,4.2041), (+1.4082,4.1878), (+1.4058,4.1714), (+1.3926,4.1551), (+1.3755,4.1384), (+1.3592,4.1298), (+1.3432,4.1384), (+1.3316,4.1551), (+1.3265,4.1714), (+1.3211,4.1878), (+1.3184,4.2041), (+1.3156,4.2204), (+1.3114,4.2367), (+1.3083,4.2531), (+1.3005,4.2694), (+1.2919,4.2865), (+1.2776,4.3005), (+1.2776,4.3005), (+1.2919,4.2865), (+1.3005,4.2694), (+1.3083,4.2531), (+1.3114,4.2367), (+1.3156,4.2204), (+1.3184,4.2041), (+1.3211,4.1878), (+1.3265,4.1714), (+1.3316,4.1551), (+1.3436,4.1388), (+1.3506,4.1224), (+1.3530,4.1061), (+1.3609,4.0898), (+1.3753,4.0735)
  stroke[ 30] ( 28 pts): (+0.5429,3.9567), (+0.5265,3.9539), (+0.5102,3.9592), (+0.4939,3.9638), (+0.4776,3.9701), (+0.4612,3.9778), (+0.4449,3.9837), (+0.4286,3.9883), (+0.4122,3.9946), (+0.3959,4.0016), (+0.3784,4.0101), (+0.3734,4.0233), (+0.3870,4.0350), (+0.4041,4.0431), (+0.4204,4.0490), (+0.4367,4.0544), (+0.4531,4.0583), (+0.4694,4.0626), (+0.4857,4.0661), (+0.5020,4.0653), (+0.5184,4.0661), (+0.5347,4.0634), (+0.5514,4.0552), (+0.5603,4.0416), (+0.5565,4.0245), (+0.5510,4.0082), (+0.5456,3.9918), (+0.5429,3.9755)
  stroke[ 31] ( 32 pts): (+0.2908,3.9318), (+0.2723,3.9300), (+0.2575,3.9421), (+0.2463,3.9592), (+0.2327,3.9755), (+0.2190,3.9918), (+0.2070,4.0082), (+0.1946,4.0245), (+0.1837,4.0408), (+0.1720,4.0571), (+0.1627,4.0735), (+0.1510,4.0898), (+0.1390,4.1061), (+0.1374,4.1228), (+0.1502,4.1314), (+0.1673,4.1232), (+0.1837,4.1108), (+0.2000,4.1015), (+0.2163,4.0898), (+0.2327,4.0793), (+0.2490,4.0719), (+0.2653,4.0638), (+0.2816,4.0556), (+0.2980,4.0474), (+0.3143,4.0393), (+0.3306,4.0311), (+0.3469,4.0225), (+0.3504,4.0089), (+0.3384,3.9918), (+0.3217,3.9755), (+0.3085,3.9592), (+0.2989,3.9429)
  stroke[ 32] ( 28 pts): (+0.7143,3.9246), (+0.6980,3.9190), (+0.6816,3.9184), (+0.6653,3.9188), (+0.6490,3.9238), (+0.6327,3.9265), (+0.6163,3.9293), (+0.6000,3.9335), (+0.5837,3.9374), (+0.5673,3.9425), (+0.5495,3.9425), (+0.5397,3.9506), (+0.5417,3.9673), (+0.5432,3.9837), (+0.5475,4.0000), (+0.5545,4.0163), (+0.5584,4.0334), (+0.5670,4.0466), (+0.5837,4.0494), (+0.6000,4.0431), (+0.6163,4.0350), (+0.6327,4.0245), (+0.6490,4.0136), (+0.6653,4.0008), (+0.6812,3.9837), (+0.6933,3.9673), (+0.7032,3.9510), (+0.7137,3.9347)
  stroke[ 33] (  8 pts): (+0.1592,3.7796), (+0.1429,3.7796), (+0.1265,3.7796), (+0.1086,3.7796), (+0.0985,3.7796), (+0.1086,3.7796), (+0.1265,3.7796), (+0.1429,3.7796)
  stroke[ 34] (  9 pts): (+0.6735,3.7796), (+0.6571,3.7796), (+0.6408,3.7796), (+0.6245,3.7796), (+0.6074,3.7796), (+0.6074,3.7796), (+0.6245,3.7796), (+0.6408,3.7796), (+0.6571,3.7796)
  stroke[ 35] (  8 pts): (+1.0571,3.7796), (+1.0408,3.7796), (+1.0245,3.7796), (+1.0066,3.7796), (+0.9965,3.7796), (+1.0066,3.7796), (+1.0245,3.7796), (+1.0408,3.7796)
  stroke[ 36] (  9 pts): (+1.1878,3.7796), (+1.1714,3.7796), (+1.1551,3.7796), (+1.1388,3.7796), (+1.1217,3.7796), (+1.1217,3.7796), (+1.1388,3.7796), (+1.1551,3.7796), (+1.1714,3.7796)
  stroke[ 37] (  8 pts): (+1.8327,3.7796), (+1.8163,3.7796), (+1.8000,3.7796), (+1.7821,3.7796), (+1.7720,3.7796), (+1.7821,3.7796), (+1.8000,3.7796), (+1.8163,3.7796)
  stroke[ 38] ( 41 pts): (+0.4776,3.7512), (+0.4612,3.7563), (+0.4449,3.7722), (+0.4286,3.7850), (+0.4122,3.7963), (+0.3959,3.8122), (+0.3796,3.8286), (+0.3633,3.8449), (+0.3469,3.8620), (+0.3306,3.8748), (+0.3143,3.8861), (+0.2964,3.9020), (+0.2859,3.9184), (+0.2917,3.9347), (+0.3026,3.9510), (+0.3147,3.9673), (+0.3314,3.9837), (+0.3442,4.0008), (+0.3555,4.0148), (+0.3714,4.0152), (+0.3878,4.0066), (+0.4041,3.9977), (+0.4204,3.9918), (+0.4367,3.9872), (+0.4531,3.9810), (+0.4694,3.9732), (+0.4857,3.9673), (+0.5020,3.9627), (+0.5191,3.9561), (+0.5320,3.9436), (+0.5300,3.9265), (+0.5254,3.9102), (+0.5219,3.8939), (+0.5149,3.8776), (+0.5114,3.8612), (+0.5075,3.8449), (+0.5020,3.8286), (+0.4966,3.8122), (+0.4939,3.7959), (+0.4910,3.7796), (+0.4785,3.7633)
  stroke[ 39] (  9 pts): (+1.3837,3.7456), (+1.3673,3.7388), (+1.3502,3.7466), (+1.3366,3.7640), (+1.3417,3.7773), (+1.3592,3.7815), (+1.3759,3.7827), (+1.3843,3.7738), (+1.3831,3.7534)
  stroke[ 40] ( 54 pts): (+0.4531,3.5819), (+0.4367,3.5761), (+0.4204,3.5813), (+0.4041,3.5903), (+0.3878,3.5977), (+0.3714,3.6086), (+0.3551,3.6245), (+0.3388,3.6408), (+0.3224,3.6571), (+0.3065,3.6735), (+0.2956,3.6898), (+0.2882,3.7061), (+0.2793,3.7224), (+0.2746,3.7388), (+0.2700,3.7551), (+0.2680,3.7718), (+0.2816,3.7800), (+0.2816,3.7792), (+0.2676,3.7874), (+0.2645,3.8041), (+0.2653,3.8204), (+0.2653,3.8367), (+0.2645,3.8531), (+0.2680,3.8694), (+0.2727,3.8857), (+0.2812,3.9028), (+0.2980,3.9028), (+0.3143,3.8861), (+0.3306,3.8748), (+0.3469,3.8620), (+0.3633,3.8449), (+0.3796,3.8286), (+0.3967,3.8122), (+0.4103,3.7951), (+0.4052,3.7819), (+0.3878,3.7788), (+0.3699,3.7796), (+0.3598,3.7796), (+0.3699,3.7796), (+0.3878,3.7788), (+0.4041,3.7823), (+0.4204,3.7878), (+0.4367,3.7800), (+0.4531,3.7633), (+0.4694,3.7469), (+0.4725,3.7306), (+0.4694,3.7143), (+0.4667,3.6980), (+0.4616,3.6816), (+0.4620,3.6653), (+0.4585,3.6490), (+0.4534,3.6327), (+0.4531,3.6163), (+0.4531,3.6000)
  stroke[ 41] ( 92 pts): (+1.3339,3.4449), (+1.3359,3.4612), (+1.3401,3.4776), (+1.3440,3.4939), (+1.3483,3.5102), (+1.3518,3.5265), (+1.3514,3.5429), (+1.3565,3.5592), (+1.3600,3.5755), (+1.3596,3.5918), (+1.3646,3.6082), (+1.3681,3.6245), (+1.3666,3.6408), (+1.3701,3.6571), (+1.3751,3.6735), (+1.3755,3.6898), (+1.3751,3.7069), (+1.3833,3.7209), (+1.4000,3.7205), (+1.4163,3.7143), (+1.4327,3.7088), (+1.4490,3.7050), (+1.4653,3.7007), (+1.4816,3.6972), (+1.4980,3.6980), (+1.5158,3.6980), (+1.5259,3.6980), (+1.5158,3.6980), (+1.4980,3.6980), (+1.4816,3.6972), (+1.4653,3.7007), (+1.4490,3.7050), (+1.4327,3.7088), (+1.4163,3.7143), (+1.4000,3.7190), (+1.3837,3.7256), (+1.3806,3.7380), (+1.3845,3.7551), (+1.3833,3.7730), (+1.3914,3.7827), (+1.4082,3.7808), (+1.4245,3.7796), (+1.4408,3.7796), (+1.4571,3.7804), (+1.4735,3.7769), (+1.4898,3.7726), (+1.5061,3.7683), (+1.5240,3.7582), (+1.5341,3.7535), (+1.5224,3.7574), (+1.5108,3.7710), (+1.5224,3.7800), (+1.5341,3.7796), (+1.5240,3.7792), (+1.5061,3.7741), (+1.4898,3.7710), (+1.4735,3.7769), (+1.4571,3.7804), (+1.4408,3.7796), (+1.4245,3.7796), (+1.4082,3.7800), (+1.3918,3.7858), (+1.3755,3.7858), (+1.3584,3.7796), (+1.3452,3.7874), (+1.3421,3.8041), (+1.3429,3.8220), (+1.3429,3.8321), (+1.3429,3.8220), (+1.3429,3.8041), (+1.3425,3.7878), (+1.3370,3.7714), (+1.3417,3.7543), (+1.3600,3.7415), (+1.3732,3.7302), (+1.3763,3.7143), (+1.3755,3.6980), (+1.3763,3.6816), (+1.3728,3.6653), (+1.3677,3.6490), (+1.3673,3.6327), (+1.3670,3.6163), (+1.3619,3.6000), (+1.3584,3.5837), (+1.3588,3.5673), (+1.3537,3.5510), (+1.3502,3.5347), (+1.3506,3.5184), (+1.3456,3.5020), (+1.3417,3.4857), (+1.3382,3.4694), (+1.3331,3.4531)
  stroke[ 42] ( 20 pts): (+1.4653,3.1265), (+1.4653,3.1429), (+1.4653,3.1592), (+1.4653,3.1755), (+1.4653,3.1918), (+1.4653,3.2082), (+1.4653,3.2245), (+1.4653,3.2408), (+1.4653,3.2571), (+1.4653,3.2750), (+1.4653,3.2851), (+1.4653,3.2750), (+1.4653,3.2571), (+1.4653,3.2408), (+1.4653,3.2245), (+1.4653,3.2082), (+1.4653,3.1918), (+1.4653,3.1755), (+1.4653,3.1592), (+1.4653,3.1429)
  stroke[ 43] ( 28 pts): (+0.1361,2.7986), (+0.1429,2.8181), (+0.1351,2.8303), (+0.1184,2.8334), (+0.1020,2.8327), (+0.0857,2.8327), (+0.0694,2.8327), (+0.0515,2.8327), (+0.0414,2.8327), (+0.0515,2.8327), (+0.0694,2.8327), (+0.0857,2.8327), (+0.1020,2.8327), (+0.1184,2.8334), (+0.1351,2.8303), (+0.1436,2.8163), (+0.1351,2.8023), (+0.1184,2.7992), (+0.1020,2.8000), (+0.0857,2.8000), (+0.0694,2.8000), (+0.0515,2.8000), (+0.0414,2.8000), (+0.0515,2.8000), (+0.0694,2.8000), (+0.0857,2.8000), (+0.1020,2.8000), (+0.1184,2.8000)
  stroke[ 44] (  8 pts): (+0.8694,2.7510), (+0.8531,2.7510), (+0.8367,2.7510), (+0.8189,2.7510), (+0.8087,2.7510), (+0.8189,2.7510), (+0.8367,2.7510), (+0.8531,2.7510)
  stroke[ 45] (  7 pts): (+1.5878,2.7510), (+1.5714,2.7510), (+1.5551,2.7510), (+1.5380,2.7510), (+1.5380,2.7510), (+1.5551,2.7510), (+1.5714,2.7510)
  stroke[ 46] (  8 pts): (+1.7102,2.7510), (+1.6939,2.7510), (+1.6776,2.7510), (+1.6597,2.7510), (+1.6496,2.7510), (+1.6597,2.7510), (+1.6776,2.7510), (+1.6939,2.7510)
  stroke[ 47] (  8 pts): (+1.8327,2.7510), (+1.8163,2.7510), (+1.8000,2.7510), (+1.7821,2.7510), (+1.7720,2.7510), (+1.7821,2.7510), (+1.8000,2.7510), (+1.8163,2.7510)
  stroke[ 48] ( 19 pts): (+0.4218,2.6599), (+0.4023,2.6531), (+0.3901,2.6608), (+0.3870,2.6776), (+0.3878,2.6939), (+0.3885,2.7102), (+0.3850,2.7265), (+0.3796,2.7436), (+0.3874,2.7569), (+0.4041,2.7600), (+0.4204,2.7592), (+0.4367,2.7592), (+0.4531,2.7600), (+0.4694,2.7569), (+0.4721,2.7436), (+0.4636,2.7265), (+0.4531,2.7102), (+0.4422,2.6939), (+0.4286,2.6776)
  stroke[ 49] ( 23 pts): (+1.1551,2.6097), (+1.1388,2.6070), (+1.1224,2.6115), (+1.1061,2.6196), (+1.0898,2.6313), (+1.0735,2.6441), (+1.0575,2.6612), (+1.0466,2.6776), (+1.0393,2.6939), (+1.0295,2.7102), (+1.0272,2.7265), (+1.0400,2.7293), (+1.0571,2.7211), (+1.0735,2.7149), (+1.0898,2.7102), (+1.1061,2.7044), (+1.1224,2.6966), (+1.1388,2.6912), (+1.1559,2.6838), (+1.1687,2.6702), (+1.1675,2.6531), (+1.1603,2.6367), (+1.1545,2.6204)
  stroke[ 50] ( 17 pts): (+1.2204,2.6103), (+1.2041,2.6047), (+1.1878,2.6041), (+1.1707,2.6037), (+1.1567,2.6119), (+1.1570,2.6286), (+1.1633,2.6449), (+1.1683,2.6628), (+1.1800,2.6725), (+1.1959,2.6702), (+1.2122,2.6647), (+1.2286,2.6577), (+1.2449,2.6538), (+1.2620,2.6453), (+1.2620,2.6290), (+1.2472,2.6175), (+1.2266,2.6119)
  stroke[ 51] ( 21 pts): (+1.1452,2.2041), (+1.1539,2.2204), (+1.1605,2.2367), (+1.1660,2.2531), (+1.1738,2.2694), (+1.1796,2.2857), (+1.1843,2.3020), (+1.1913,2.3184), (+1.1948,2.3347), (+1.1986,2.3510), (+1.2037,2.3681), (+1.2037,2.3681), (+1.1986,2.3510), (+1.1948,2.3347), (+1.1913,2.3184), (+1.1843,2.3020), (+1.1796,2.2857), (+1.1738,2.2694), (+1.1660,2.2531), (+1.1605,2.2367), (+1.1528,2.2204)
  stroke[ 52] (  7 pts): (+0.1510,2.0980), (+0.1347,2.0980), (+0.1184,2.0980), (+0.1013,2.0980), (+0.1013,2.0980), (+0.1184,2.0980), (+0.1347,2.0980)
  stroke[ 53] (  8 pts): (+0.2735,2.0980), (+0.2571,2.0980), (+0.2408,2.0980), (+0.2229,2.0980), (+0.2128,2.0980), (+0.2229,2.0980), (+0.2408,2.0980), (+0.2571,2.0980)
  stroke[ 54] (  7 pts): (+0.3878,2.0980), (+0.3714,2.0980), (+0.3551,2.0980), (+0.3380,2.0980), (+0.3380,2.0980), (+0.3551,2.0980), (+0.3714,2.0980)
  stroke[ 55] (  7 pts): (+0.6327,2.0980), (+0.6163,2.0980), (+0.6000,2.0980), (+0.5829,2.0980), (+0.5829,2.0980), (+0.6000,2.0980), (+0.6163,2.0980)
  stroke[ 56] (  7 pts): (+0.8694,2.0980), (+0.8531,2.0980), (+0.8367,2.0980), (+0.8196,2.0980), (+0.8196,2.0980), (+0.8367,2.0980), (+0.8531,2.0980)
  stroke[ 57] (  7 pts): (+1.4653,2.0980), (+1.4490,2.0980), (+1.4327,2.0980), (+1.4155,2.0980), (+1.4155,2.0980), (+1.4327,2.0980), (+1.4490,2.0980)
  stroke[ 58] (  7 pts): (+1.5878,2.0980), (+1.5714,2.0980), (+1.5551,2.0980), (+1.5380,2.0980), (+1.5380,2.0980), (+1.5551,2.0980), (+1.5714,2.0980)
  stroke[ 59] (  8 pts): (+1.7102,2.0980), (+1.6939,2.0980), (+1.6776,2.0980), (+1.6597,2.0980), (+1.6496,2.0980), (+1.6597,2.0980), (+1.6776,2.0980), (+1.6939,2.0980)
  stroke[ 60] (  8 pts): (+1.8327,2.0980), (+1.8163,2.0980), (+1.8000,2.0980), (+1.7821,2.0980), (+1.7720,2.0980), (+1.7821,2.0980), (+1.8000,2.0980), (+1.8163,2.0980)
  stroke[ 61] (  7 pts): (+1.1567,2.0816), (+1.1516,2.0980), (+1.1473,2.1143), (+1.1469,2.1314), (+1.1469,2.1314), (+1.1473,2.1143), (+1.1522,2.0980)
  stroke[ 62] ( 10 pts): (+0.7551,2.0466), (+0.7388,2.0466), (+0.7224,2.0575), (+0.7050,2.0735), (+0.6999,2.0902), (+0.7135,2.0983), (+0.7314,2.0983), (+0.7450,2.0902), (+0.7534,2.0746), (+0.7553,2.0562)
  stroke[ 63] (128 pts): (+0.9429,1.9401), (+0.9265,1.9364), (+0.9102,1.9401), (+0.8939,1.9440), (+0.8776,1.9483), (+0.8612,1.9518), (+0.8449,1.9510), (+0.8286,1.9518), (+0.8122,1.9483), (+0.7959,1.9425), (+0.7792,1.9452), (+0.7710,1.9584), (+0.7710,1.9755), (+0.7668,1.9918), (+0.7598,2.0082), (+0.7555,2.0245), (+0.7547,2.0408), (+0.7633,2.0571), (+0.7722,2.0735), (+0.7769,2.0898), (+0.7796,2.1061), (+0.7823,2.1224), (+0.7866,2.1388), (+0.7905,2.1551), (+0.7948,2.1714), (+0.7986,2.1878), (+0.8041,2.2041), (+0.8095,2.2204), (+0.8134,2.2367), (+0.8169,2.2531), (+0.8239,2.2694), (+0.8286,2.2857), (+0.8332,2.3020), (+0.8402,2.3184), (+0.8449,2.3347), (+0.8496,2.3510), (+0.8558,2.3673), (+0.8636,2.3837), (+0.8694,2.4000), (+0.8741,2.4163), (+0.8803,2.4327), (+0.8873,2.4490), (+0.8962,2.4653), (+0.9020,2.4816), (+0.9079,2.4980), (+0.9156,2.5143), (+0.9211,2.5306), (+0.9281,2.5469), (+0.9362,2.5633), (+0.9452,2.5796), (+0.9510,2.5959), (+0.9569,2.6122), (+0.9658,2.6286), (+0.9740,2.6449), (+0.9821,2.6612), (+0.9903,2.6776), (+0.9984,2.6939), (+1.0058,2.7118), (+1.0175,2.7219), (+1.0307,2.7118), (+1.0393,2.6939), (+1.0466,2.6776), (+1.0575,2.6612), (+1.0735,2.6441), (+1.0898,2.6313), (+1.1061,2.6196), (+1.1224,2.6122), (+1.1399,2.6045), (+1.1446,2.5878), (+1.1399,2.5714), (+1.1361,2.5551), (+1.1306,2.5388), (+1.1259,2.5224), (+1.1190,2.5061), (+1.1143,2.4898), (+1.1096,2.4735), (+1.1026,2.4571), (+1.0991,2.4408), (+1.0952,2.4245), (+1.0898,2.4082), (+1.0851,2.3918), (+1.0781,2.3755), (+1.0735,2.3592), (+1.0688,2.3429), (+1.0618,2.3265), (+1.0583,2.3102), (+1.0544,2.2939), (+1.0490,2.2776), (+1.0443,2.2612), (+1.0373,2.2449), (+1.0327,2.2286), (+1.0280,2.2122), (+1.0210,2.1959), (+1.0163,2.1796), (+1.0117,2.1633), (+1.0047,2.1469), (+1.0000,2.1306), (+0.9949,2.1135), (+0.9833,2.1003), (+0.9673,2.0972), (+0.9510,2.0980), (+0.9339,2.0980), (+0.9339,2.0980), (+0.9510,2.0980), (+0.9681,2.0983), (+0.9813,2.0902), (+0.9841,2.0735), (+0.9790,2.0571), (+0.9728,2.0408), (+0.9654,2.0241), (+0.9518,2.0155), (+0.9347,2.0117), (+0.9184,2.0047), (+0.9020,2.0000), (+0.8857,1.9953), (+0.8694,1.9883), (+0.8523,1.9841), (+0.8523,1.9841), (+0.8694,1.9883), (+0.8857,1.9953), (+0.9020,2.0000), (+0.9184,2.0047), (+0.9347,2.0124), (+0.9514,2.0136), (+0.9592,2.0008), (+0.9545,1.9837), (+0.9481,1.9673), (+0.9423,1.9510)
  stroke[ 64] ( 48 pts): (+0.7306,1.9170), (+0.7143,1.9102), (+0.6980,1.9180), (+0.6816,1.9355), (+0.6653,1.9483), (+0.6490,1.9596), (+0.6327,1.9755), (+0.6155,1.9918), (+0.6027,2.0082), (+0.5914,2.0245), (+0.5755,2.0408), (+0.5596,2.0571), (+0.5483,2.0735), (+0.5355,2.0894), (+0.5180,2.1007), (+0.5106,2.1135), (+0.5071,2.1306), (+0.4966,2.1469), (+0.4873,2.1633), (+0.4791,2.1796), (+0.4709,2.1959), (+0.4628,2.2130), (+0.4682,2.2262), (+0.4857,2.2301), (+0.5020,2.2259), (+0.5184,2.2204), (+0.5347,2.2146), (+0.5510,2.2064), (+0.5673,2.1959), (+0.5837,2.1850), (+0.6000,2.1714), (+0.6163,2.1578), (+0.6327,2.1466), (+0.6490,2.1306), (+0.6653,2.1135), (+0.6824,2.1007), (+0.6952,2.0894), (+0.7065,2.0735), (+0.7224,2.0575), (+0.7396,2.0463), (+0.7520,2.0334), (+0.7586,2.0163), (+0.7633,2.0000), (+0.7687,1.9837), (+0.7722,1.9673), (+0.7718,1.9502), (+0.7637,1.9366), (+0.7481,1.9283)
  stroke[ 65] (  9 pts): (+0.7714,1.8925), (+0.7551,1.8857), (+0.7372,1.8935), (+0.7271,1.9110), (+0.7372,1.9246), (+0.7551,1.9335), (+0.7718,1.9331), (+0.7802,1.9201), (+0.7790,1.9007)
  stroke[ 66] ( 30 pts): (+0.1442,1.8435), (+0.1510,1.8630), (+0.1432,1.8752), (+0.1265,1.8783), (+0.1102,1.8776), (+0.0939,1.8776), (+0.0776,1.8776), (+0.0612,1.8776), (+0.0441,1.8776), (+0.0441,1.8776), (+0.0612,1.8776), (+0.0776,1.8776), (+0.0939,1.8776), (+0.1102,1.8776), (+0.1265,1.8783), (+0.1432,1.8752), (+0.1518,1.8612), (+0.1432,1.8472), (+0.1265,1.8441), (+0.1102,1.8449), (+0.0939,1.8449), (+0.0776,1.8449), (+0.0612,1.8449), (+0.0441,1.8449), (+0.0441,1.8449), (+0.0612,1.8449), (+0.0776,1.8449), (+0.0939,1.8449), (+0.1102,1.8449), (+0.1265,1.8449)
  stroke[ 67] ( 30 pts): (+0.1442,1.5007), (+0.1510,1.5201), (+0.1432,1.5324), (+0.1265,1.5355), (+0.1102,1.5347), (+0.0939,1.5347), (+0.0776,1.5347), (+0.0612,1.5347), (+0.0441,1.5347), (+0.0441,1.5347), (+0.0612,1.5347), (+0.0776,1.5347), (+0.0939,1.5347), (+0.1102,1.5347), (+0.1265,1.5355), (+0.1432,1.5324), (+0.1518,1.5184), (+0.1432,1.5044), (+0.1265,1.5013), (+0.1102,1.5020), (+0.0939,1.5020), (+0.0776,1.5020), (+0.0612,1.5020), (+0.0441,1.5020), (+0.0441,1.5020), (+0.0612,1.5020), (+0.0776,1.5020), (+0.0939,1.5020), (+0.1102,1.5020), (+0.1265,1.5020)
  stroke[ 68] (  6 pts): (+0.9580,1.4941), (+0.9767,1.5050), (+0.9763,1.5040), (+0.9592,1.4958), (+0.9421,1.4931), (+0.9429,1.4933)
  stroke[ 69] (1594 pts): (+0.8204,1.4678), (+0.8041,1.4729), (+0.7878,1.4764), (+0.7714,1.4795), (+0.7551,1.4873), (+0.7388,1.4954), (+0.7224,1.5048), (+0.7061,1.5149), (+0.6898,1.5269), (+0.6727,1.5429), (+0.6599,1.5592), (+0.6478,1.5755), (+0.6342,1.5918), (+0.6342,1.6082), (+0.6478,1.6245), (+0.6606,1.6408), (+0.6700,1.6571), (+0.6816,1.6735), (+0.6921,1.6898), (+0.6995,1.7061), (+0.7077,1.7224), (+0.7158,1.7388), (+0.7248,1.7551), (+0.7306,1.7714), (+0.7353,1.7878), (+0.7423,1.8056), (+0.7462,1.8157), (+0.7423,1.8056), (+0.7353,1.7878), (+0.7306,1.7714), (+0.7248,1.7551), (+0.7158,1.7388), (+0.7077,1.7224), (+0.6995,1.7061), (+0.6921,1.6898), (+0.6816,1.6735), (+0.6700,1.6571), (+0.6606,1.6408), (+0.6486,1.6233), (+0.6330,1.6183), (+0.6214,1.6319), (+0.6175,1.6490), (+0.6136,1.6653), (+0.6086,1.6816), (+0.6082,1.6980), (+0.6082,1.7143), (+0.6074,1.7306), (+0.6109,1.7469), (+0.6159,1.7633), (+0.6167,1.7796), (+0.6222,1.7959), (+0.6311,1.8122), (+0.6385,1.8286), (+0.6501,1.8449), (+0.6626,1.8612), (+0.6739,1.8783), (+0.6898,1.8912), (+0.7061,1.9036), (+0.7224,1.9083), (+0.7388,1.8950), (+0.7555,1.8814), (+0.7629,1.8748), (+0.7656,1.8853), (+0.7792,1.8919), (+0.7881,1.8783), (+0.7870,1.8612), (+0.7905,1.8449), (+0.7955,1.8286), (+0.7959,1.8122), (+0.7963,1.7959), (+0.8014,1.7796), (+0.8041,1.7633), (+0.8068,1.7469), (+0.8119,1.7306), (+0.8126,1.7143), (+0.8177,1.6980), (+0.8216,1.6816), (+0.8251,1.6653), (+0.8321,1.6490), (+0.8356,1.6327), (+0.8395,1.6163), (+0.8449,1.6000), (+0.8507,1.5837), (+0.8585,1.5673), (+0.8639,1.5510), (+0.8709,1.5347), (+0.8799,1.5168), (+0.8849,1.5067), (+0.8799,1.5168), (+0.8709,1.5347), (+0.8639,1.5510), (+0.8585,1.5673), (+0.8507,1.5837), (+0.8449,1.6000), (+0.8395,1.6163), (+0.8356,1.6327), (+0.8321,1.6490), (+0.8251,1.6653), (+0.8216,1.6816), (+0.8177,1.6980), (+0.8126,1.7143), (+0.8119,1.7306), (+0.8068,1.7469), (+0.8041,1.7633), (+0.8014,1.7796), (+0.7963,1.7959), (+0.7959,1.8122), (+0.7955,1.8286), (+0.7905,1.8449), (+0.7870,1.8612), (+0.7874,1.8776), (+0.7823,1.8939), (+0.7788,1.9102), (+0.7792,1.9273), (+0.7874,1.9397), (+0.8041,1.9464), (+0.8204,1.9506), (+0.8367,1.9510), (+0.8531,1.9510), (+0.8694,1.9506), (+0.8857,1.9456), (+0.9020,1.9417), (+0.9184,1.9374), (+0.9347,1.9343), (+0.9510,1.9273), (+0.9673,1.9156), (+0.9837,1.9028), (+1.0000,1.8857), (+1.0163,1.8694), (+1.0334,1.8531), (+1.0470,1.8367), (+1.0556,1.8204), (+1.0638,1.8041), (+1.0715,1.7878), (+1.0746,1.7714), (+1.0789,1.7551), (+1.0824,1.7388), (+1.0816,1.7224), (+1.0816,1.7046), (+1.0816,1.6945), (+1.0816,1.7046), (+1.0816,1.7224), (+1.0824,1.7388), (+1.0789,1.7551), (+1.0746,1.7714), (+1.0715,1.7878), (+1.0638,1.8041), (+1.0556,1.8204), (+1.0470,1.8367), (+1.0334,1.8531), (+1.0163,1.8694), (+1.0000,1.8857), (+0.9837,1.9028), (+0.9673,1.9156), (+0.9506,1.9269), (+0.9417,1.9429), (+0.9456,1.9592), (+0.9510,1.9755), (+0.9565,1.9918), (+0.9603,2.0082), (+0.9642,2.0253), (+0.9759,2.0377), (+0.9918,2.0435), (+1.0082,2.0517), (+1.0245,2.0618), (+1.0408,2.0739), (+1.0571,2.0902), (+1.0735,2.0983), (+1.0914,2.0980), (+1.1015,2.0980), (+1.0914,2.0980), (+1.0735,2.0983), (+1.0571,2.0902), (+1.0408,2.0739), (+1.0245,2.0618), (+1.0082,2.0517), (+0.9911,2.0424), (+0.9782,2.0478), (+0.9802,2.0653), (+0.9848,2.0816), (+0.9883,2.0980), (+0.9953,2.1143), (+1.0000,2.1306), (+1.0047,2.1469), (+1.0117,2.1633), (+1.0163,2.1796), (+1.0210,2.1959), (+1.0280,2.2122), (+1.0327,2.2286), (+1.0373,2.2449), (+1.0443,2.2612), (+1.0490,2.2776), (+1.0544,2.2939), (+1.0583,2.3102), (+1.0618,2.3265), (+1.0688,2.3429), (+1.0735,2.3592), (+1.0781,2.3755), (+1.0851,2.3918), (+1.0898,2.4082), (+1.0952,2.4245), (+1.0991,2.4408), (+1.1026,2.4571), (+1.1096,2.4735), (+1.1143,2.4898), (+1.1190,2.5061), (+1.1259,2.5224), (+1.1306,2.5388), (+1.1361,2.5551), (+1.1399,2.5714), (+1.1438,2.5885), (+1.1555,2.6017), (+1.1714,2.6049), (+1.1878,2.6041), (+1.2041,2.6045), (+1.2204,2.6087), (+1.2367,2.6150), (+1.2531,2.6231), (+1.2709,2.6336), (+1.2810,2.6367), (+1.2709,2.6398), (+1.2531,2.6492), (+1.2367,2.6566), (+1.2204,2.6612), (+1.2041,2.6659), (+1.1878,2.6729), (+1.1714,2.6776), (+1.1551,2.6834), (+1.1388,2.6912), (+1.1224,2.6966), (+1.1061,2.7044), (+1.0898,2.7102), (+1.0735,2.7149), (+1.0571,2.7211), (+1.0400,2.7285), (+1.0264,2.7429), (+1.0315,2.7569), (+1.0490,2.7600), (+1.0653,2.7592), (+1.0816,2.7592), (+1.0980,2.7596), (+1.1143,2.7646), (+1.1306,2.7681), (+1.1469,2.7673), (+1.1633,2.7670), (+1.1796,2.7619), (+1.1959,2.7588), (+1.2122,2.7514), (+1.2286,2.7351), (+1.2449,2.7230), (+1.2612,2.7137), (+1.2783,2.7017), (+1.2915,2.6857), (+1.2939,2.6686), (+1.2978,2.6702), (+1.3048,2.6803), (+1.2954,2.6865), (+1.2776,2.7017), (+1.2612,2.7137), (+1.2449,2.7230), (+1.2270,2.7351), (+1.2169,2.7514), (+1.2270,2.7592), (+1.2457,2.7530), (+1.2457,2.7530), (+1.2286,2.7588), (+1.2122,2.7592), (+1.1959,2.7584), (+1.1796,2.7615), (+1.1633,2.7751), (+1.1469,2.7837), (+1.1306,2.7911), (+1.1143,2.8027), (+1.0980,2.8163), (+1.0816,2.8299), (+1.0649,2.8412), (+1.0564,2.8571), (+1.0649,2.8735), (+1.0816,2.8894), (+1.0980,2.9003), (+1.1143,2.9085), (+1.1306,2.9143), (+1.1469,2.9197), (+1.1633,2.9232), (+1.1796,2.9232), (+1.1963,2.9201), (+1.2045,2.9069), (+1.2033,2.8898), (+1.2068,2.8735), (+1.2119,2.8571), (+1.2126,2.8408), (+1.2177,2.8245), (+1.2216,2.8082), (+1.2266,2.7911), (+1.2266,2.7911), (+1.2216,2.8082), (+1.2177,2.8245), (+1.2126,2.8408), (+1.2119,2.8571), (+1.2068,2.8735), (+1.2025,2.8898), (+1.2064,2.9065), (+1.2196,2.9143), (+1.2367,2.9085), (+1.2531,2.9003), (+1.2694,2.8894), (+1.2857,2.8735), (+1.3028,2.8571), (+1.3164,2.8408), (+1.3238,2.8245), (+1.3300,2.8082), (+1.3343,2.7918), (+1.3355,2.7755), (+1.3324,2.7588), (+1.3191,2.7506), (+1.3020,2.7510), (+1.2849,2.7510), (+1.2849,2.7510), (+1.3020,2.7510), (+1.3199,2.7514), (+1.3296,2.7432), (+1.3277,2.7258), (+1.3269,2.7258), (+1.3320,2.7429), (+1.3355,2.7592), (+1.3347,2.7755), (+1.3343,2.7918), (+1.3300,2.8082), (+1.3238,2.8245), (+1.3164,2.8408), (+1.3028,2.8571), (+1.2857,2.8735), (+1.2694,2.8894), (+1.2531,2.9003), (+1.2367,2.9085), (+1.2196,2.9135), (+1.2064,2.9221), (+1.2033,2.9388), (+1.2041,2.9551), (+1.2041,2.9714), (+1.2041,2.9878), (+1.2041,3.0041), (+1.2041,3.0204), (+1.2041,3.0367), (+1.2045,3.0531), (+1.2095,3.0694), (+1.2130,3.0857), (+1.2126,3.1020), (+1.2177,3.1184), (+1.2216,3.1347), (+1.2251,3.1510), (+1.2321,3.1673), (+1.2356,3.1837), (+1.2395,3.2016), (+1.2441,3.2117), (+1.2395,3.2016), (+1.2356,3.1837), (+1.2321,3.1673), (+1.2251,3.1510), (+1.2216,3.1347), (+1.2177,3.1184), (+1.2126,3.1020), (+1.2130,3.0857), (+1.2095,3.0694), (+1.2045,3.0531), (+1.2041,3.0367), (+1.2041,3.0204), (+1.2041,3.0041), (+1.2041,2.9878), (+1.2041,2.9714), (+1.2041,2.9551), (+1.2045,2.9380), (+1.1963,2.9248), (+1.1796,2.9217), (+1.1633,2.9232), (+1.1469,2.9197), (+1.1306,2.9143), (+1.1143,2.9085), (+1.0980,2.9003), (+1.0816,2.8894), (+1.0649,2.8735), (+1.0564,2.8571), (+1.0649,2.8412), (+1.0816,2.8299), (+1.0980,2.8163), (+1.1143,2.8027), (+1.1306,2.7911), (+1.1485,2.7837), (+1.1586,2.7755), (+1.1485,2.7670), (+1.1306,2.7681), (+1.1143,2.7646), (+1.0980,2.7596), (+1.0816,2.7592), (+1.0653,2.7592), (+1.0490,2.7600), (+1.0323,2.7569), (+1.0245,2.7436), (+1.0171,2.7265), (+1.0058,2.7102), (+0.9984,2.6939), (+0.9903,2.6776), (+0.9821,2.6612), (+0.9740,2.6449), (+0.9658,2.6286), (+0.9569,2.6122), (+0.9510,2.5959), (+0.9452,2.5796), (+0.9362,2.5633), (+0.9281,2.5469), (+0.9211,2.5306), (+0.9156,2.5143), (+0.9079,2.4980), (+0.9020,2.4816), (+0.8962,2.4653), (+0.8873,2.4490), (+0.8803,2.4327), (+0.8741,2.4163), (+0.8694,2.4000), (+0.8636,2.3837), (+0.8558,2.3673), (+0.8496,2.3510), (+0.8449,2.3347), (+0.8402,2.3184), (+0.8332,2.3020), (+0.8286,2.2857), (+0.8239,2.2694), (+0.8169,2.2531), (+0.8134,2.2367), (+0.8095,2.2204), (+0.8041,2.2041), (+0.7986,2.1878), (+0.7948,2.1714), (+0.7905,2.1551), (+0.7866,2.1388), (+0.7823,2.1224), (+0.7796,2.1061), (+0.7769,2.0898), (+0.7722,2.0719), (+0.7640,2.0618), (+0.7520,2.0719), (+0.7473,2.0898), (+0.7469,2.1061), (+0.7473,2.1224), (+0.7524,2.1388), (+0.7563,2.1551), (+0.7605,2.1714), (+0.7640,2.1878), (+0.7637,2.2041), (+0.7687,2.2204), (+0.7726,2.2367), (+0.7769,2.2531), (+0.7804,2.2694), (+0.7796,2.2857), (+0.7788,2.3020), (+0.7819,2.3184), (+0.7955,2.3347), (+0.8049,2.3510), (+0.8099,2.3673), (+0.8177,2.3837), (+0.8231,2.4000), (+0.8321,2.4179), (+0.8387,2.4280), (+0.8321,2.4179), (+0.8231,2.4000), (+0.8177,2.3837), (+0.8099,2.3673), (+0.8049,2.3510), (+0.7963,2.3331), (+0.7792,2.3230), (+0.7707,2.3331), (+0.7668,2.3510), (+0.7598,2.3673), (+0.7563,2.3837), (+0.7532,2.4000), (+0.7450,2.4171), (+0.7450,2.4171), (+0.7532,2.4000), (+0.7563,2.3837), (+0.7598,2.3673), (+0.7668,2.3510), (+0.7714,2.3347), (+0.7769,2.3184), (+0.7804,2.3020), (+0.7796,2.2857), (+0.7804,2.2694), (+0.7769,2.2531), (+0.7726,2.2367), (+0.7687,2.2204), (+0.7637,2.2041), (+0.7640,2.1878), (+0.7605,2.1714), (+0.7559,2.1543), (+0.7466,2.1407), (+0.7329,2.1458), (+0.7294,2.1633), (+0.7252,2.1796), (+0.7224,2.1959), (+0.7197,2.2122), (+0.7147,2.2286), (+0.7139,2.2449), (+0.7088,2.2612), (+0.7061,2.2776), (+0.7034,2.2939), (+0.6983,2.3102), (+0.6987,2.3265), (+0.6952,2.3429), (+0.6902,2.3592), (+0.6906,2.3755), (+0.6871,2.3918), (+0.6820,2.4082), (+0.6812,2.4245), (+0.6762,2.4408), (+0.6727,2.4571), (+0.6731,2.4735), (+0.6680,2.4898), (+0.6641,2.5061), (+0.6599,2.5240), (+0.6556,2.5341), (+0.6599,2.5240), (+0.6641,2.5061), (+0.6680,2.4898), (+0.6731,2.4735), (+0.6727,2.4571), (+0.6762,2.4408), (+0.6812,2.4245), (+0.6820,2.4082), (+0.6871,2.3918), (+0.6906,2.3755), (+0.6902,2.3592), (+0.6952,2.3429), (+0.6987,2.3265), (+0.6983,2.3102), (+0.7034,2.2939), (+0.7061,2.2776), (+0.7088,2.2612), (+0.7139,2.2449), (+0.7147,2.2286), (+0.7197,2.2122), (+0.7224,2.1959), (+0.7252,2.1796), (+0.7294,2.1633), (+0.7337,2.1469), (+0.7438,2.1306), (+0.7481,2.1135), (+0.7392,2.1003), (+0.7224,2.0972), (+0.7061,2.0980), (+0.6898,2.0976), (+0.6735,2.1057), (+0.6571,2.1224), (+0.6408,2.1396), (+0.6245,2.1524), (+0.6082,2.1637), (+0.5918,2.1792), (+0.5755,2.1913), (+0.5592,2.2014), (+0.5429,2.2107), (+0.5265,2.2177), (+0.5102,2.2239), (+0.4939,2.2282), (+0.4776,2.2282), (+0.4616,2.2363), (+0.4500,2.2531), (+0.4453,2.2694), (+0.4449,2.2857), (+0.4445,2.3020), (+0.4395,2.3184), (+0.4360,2.3347), (+0.4375,2.3510), (+0.4340,2.3673), (+0.4290,2.3837), (+0.4286,2.4000), (+0.4293,2.4163), (+0.4259,2.4327), (+0.4208,2.4490), (+0.4212,2.4653), (+0.4177,2.4816), (+0.4126,2.4980), (+0.4122,2.5143), (+0.4119,2.5306), (+0.4068,2.5469), (+0.4033,2.5633), (+0.4049,2.5796), (+0.4014,2.5959), (+0.3963,2.6122), (+0.3951,2.6286), (+0.3983,2.6445), (+0.4111,2.6558), (+0.4231,2.6686), (+0.4356,2.6857), (+0.4484,2.7020), (+0.4585,2.7184), (+0.4671,2.7347), (+0.4779,2.7514), (+0.4939,2.7603), (+0.5102,2.7569), (+0.5265,2.7436), (+0.5429,2.7265), (+0.5592,2.7102), (+0.5755,2.6939), (+0.5914,2.6776), (+0.6043,2.6597), (+0.6101,2.6496), (+0.6043,2.6597), (+0.5914,2.6776), (+0.5755,2.6939), (+0.5592,2.7102), (+0.5429,2.7265), (+0.5258,2.7436), (+0.5258,2.7569), (+0.5429,2.7600), (+0.5592,2.7592), (+0.5771,2.7580), (+0.5872,2.7565), (+0.5771,2.7580), (+0.5592,2.7592), (+0.5429,2.7592), (+0.5265,2.7592), (+0.5102,2.7592), (+0.4939,2.7592), (+0.4776,2.7592), (+0.4612,2.7592), (+0.4449,2.7592), (+0.4286,2.7592), (+0.4122,2.7592), (+0.3951,2.7588), (+0.3819,2.7670), (+0.3788,2.7837), (+0.3796,2.8000), (+0.3796,2.8163), (+0.3796,2.8327), (+0.3796,2.8490), (+0.3796,2.8653), (+0.3796,2.8816), (+0.3792,2.8980), (+0.3741,2.9143), (+0.3707,2.9306), (+0.3714,2.9469), (+0.3714,2.9633), (+0.3714,2.9796), (+0.3714,2.9959), (+0.3714,3.0122), (+0.3714,3.0286), (+0.3714,3.0449), (+0.3714,3.0612), (+0.3714,3.0776), (+0.3714,3.0939), (+0.3714,3.1102), (+0.3714,3.1265), (+0.3714,3.1429), (+0.3714,3.1592), (+0.3710,3.1763), (+0.3792,3.1895), (+0.3959,3.1926), (+0.4122,3.1918), (+0.4286,3.1918), (+0.4449,3.1918), (+0.4612,3.1918), (+0.4776,3.1918), (+0.4939,3.1918), (+0.5102,3.1918), (+0.5265,3.1918), (+0.5429,3.1918), (+0.5592,3.1918), (+0.5763,3.1914), (+0.5899,3.2004), (+0.5848,3.2144), (+0.5673,3.2229), (+0.5510,3.2311), (+0.5347,3.2393), (+0.5184,3.2474), (+0.5020,3.2556), (+0.4857,3.2638), (+0.4694,3.2719), (+0.4531,3.2801), (+0.4367,3.2875), (+0.4200,3.2983), (+0.4122,3.3143), (+0.4177,3.3306), (+0.4212,3.3469), (+0.4204,3.3633), (+0.4204,3.3796), (+0.4208,3.3959), (+0.4259,3.4122), (+0.4293,3.4286), (+0.4286,3.4449), (+0.4290,3.4612), (+0.4340,3.4776), (+0.4375,3.4939), (+0.4367,3.5102), (+0.4371,3.5265), (+0.4414,3.5429), (+0.4480,3.5596), (+0.4604,3.5677), (+0.4776,3.5670), (+0.4939,3.5619), (+0.5102,3.5576), (+0.5265,3.5619), (+0.5429,3.5662), (+0.5592,3.5701), (+0.5755,3.5755), (+0.5918,3.5802), (+0.6082,3.5864), (+0.6245,3.5946), (+0.6408,3.6047), (+0.6571,3.6167), (+0.6735,3.6327), (+0.6894,3.6490), (+0.7015,3.6653), (+0.7112,3.6832), (+0.7158,3.6933), (+0.7112,3.6832), (+0.7015,3.6653), (+0.6894,3.6490), (+0.6735,3.6327), (+0.6571,3.6167), (+0.6408,3.6047), (+0.6245,3.5946), (+0.6082,3.5864), (+0.5918,3.5802), (+0.5755,3.5755), (+0.5592,3.5701), (+0.5429,3.5662), (+0.5265,3.5619), (+0.5102,3.5576), (+0.4939,3.5619), (+0.4776,3.5662), (+0.4608,3.5697), (+0.4527,3.5829), (+0.4531,3.6000), (+0.4531,3.6163), (+0.4534,3.6327), (+0.4585,3.6490), (+0.4620,3.6653), (+0.4616,3.6816), (+0.4667,3.6980), (+0.4694,3.7143), (+0.4721,3.7306), (+0.4764,3.7469), (+0.4799,3.7640), (+0.4931,3.7773), (+0.5102,3.7804), (+0.5281,3.7796), (+0.5382,3.7796), (+0.5281,3.7796), (+0.5094,3.7792), (+0.4962,3.7874), (+0.4935,3.8041), (+0.4985,3.8204), (+0.5055,3.8367), (+0.5090,3.8531), (+0.5129,3.8694), (+0.5184,3.8857), (+0.5238,3.9020), (+0.5269,3.9184), (+0.5343,3.9351), (+0.5510,3.9432), (+0.5673,3.9425), (+0.5837,3.9374), (+0.6000,3.9335), (+0.6163,3.9293), (+0.6327,3.9265), (+0.6490,3.9238), (+0.6653,3.9188), (+0.6816,3.9184), (+0.6980,3.9184), (+0.7151,3.9188), (+0.7275,3.9106), (+0.7341,3.8939), (+0.7384,3.8776), (+0.7392,3.8612), (+0.7442,3.8449), (+0.7485,3.8286), (+0.7442,3.8122), (+0.7392,3.7951), (+0.7392,3.7951), (+0.7442,3.8122), (+0.7485,3.8286), (+0.7442,3.8449), (+0.7392,3.8612), (+0.7384,3.8776), (+0.7326,3.8939), (+0.7322,3.9106), (+0.7462,3.9188), (+0.7640,3.9180), (+0.7773,3.9261), (+0.7808,3.9429), (+0.7850,3.9592), (+0.7889,3.9755), (+0.7932,3.9918), (+0.7959,4.0082), (+0.7986,4.0245), (+0.8037,4.0408), (+0.8045,4.0571), (+0.8095,4.0735), (+0.8134,4.0898), (+0.8177,4.1061), (+0.8212,4.1224), (+0.8208,4.1388), (+0.8259,4.1551), (+0.8293,4.1714), (+0.8290,4.1878), (+0.8340,4.2041), (+0.8375,4.2204), (+0.8371,4.2367), (+0.8422,4.2531), (+0.8457,4.2694), (+0.8453,4.2857), (+0.8503,4.3020), (+0.8538,4.3184), (+0.8523,4.3347), (+0.8558,4.3510), (+0.8608,4.3673), (+0.8612,4.3837), (+0.8612,4.4000), (+0.8616,4.4163), (+0.8667,4.4327), (+0.8702,4.4490), (+0.8694,4.4653), (+0.8686,4.4816), (+0.8721,4.4980), (+0.8772,4.5143), (+0.8776,4.5306), (+0.8776,4.5469), (+0.8776,4.5633), (+0.8779,4.5796), (+0.8830,4.5959), (+0.8865,4.6122), (+0.8857,4.6286), (+0.8857,4.6449), (+0.8857,4.6612), (+0.8857,4.6776), (+0.8857,4.6939), (+0.8857,4.7102), (+0.8857,4.7265), (+0.8861,4.7429), (+0.8912,4.7592), (+0.8947,4.7755), (+0.8939,4.7918), (+0.8939,4.8082), (+0.8939,4.8245), (+0.8939,4.8408), (+0.8939,4.8571), (+0.8939,4.8735), (+0.8947,4.8898), (+0.8912,4.9061), (+0.8861,4.9224), (+0.8857,4.9388), (+0.8857,4.9551), (+0.8857,4.9714), (+0.8857,4.9878), (+0.8853,5.0041), (+0.8803,5.0204), (+0.8768,5.0367), (+0.8776,5.0546), (+0.8776,5.0647), (+0.8776,5.0546), (+0.8768,5.0367), (+0.8803,5.0204), (+0.8853,5.0041), (+0.8857,4.9878), (+0.8857,4.9714), (+0.8857,4.9551), (+0.8857,4.9388), (+0.8861,4.9224), (+0.8912,4.9061), (+0.8947,4.8898), (+0.8939,4.8735), (+0.8939,4.8571), (+0.8939,4.8408), (+0.8939,4.8245), (+0.8939,4.8082), (+0.8939,4.7918), (+0.8947,4.7755), (+0.8912,4.7592), (+0.8861,4.7429), (+0.8857,4.7265), (+0.8857,4.7102), (+0.8857,4.6939), (+0.8857,4.6776), (+0.8857,4.6612), (+0.8857,4.6449), (+0.8857,4.6286), (+0.8865,4.6122), (+0.8830,4.5959), (+0.8779,4.5796), (+0.8776,4.5633), (+0.8776,4.5469), (+0.8776,4.5306), (+0.8772,4.5143), (+0.8721,4.4980), (+0.8686,4.4816), (+0.8694,4.4653), (+0.8702,4.4490), (+0.8667,4.4327), (+0.8616,4.4163), (+0.8612,4.4000), (+0.8612,4.3837), (+0.8608,4.3673), (+0.8558,4.3510), (+0.8523,4.3347), (+0.8538,4.3184), (+0.8503,4.3020), (+0.8453,4.2857), (+0.8457,4.2694), (+0.8422,4.2531), (+0.8371,4.2367), (+0.8375,4.2204), (+0.8340,4.2041), (+0.8290,4.1878), (+0.8293,4.1714), (+0.8259,4.1551), (+0.8208,4.1388), (+0.8212,4.1224), (+0.8177,4.1061), (+0.8134,4.0898), (+0.8095,4.0735), (+0.8045,4.0571), (+0.8037,4.0408), (+0.7986,4.0245), (+0.7959,4.0082), (+0.7932,3.9918), (+0.7889,3.9755), (+0.7850,3.9592), (+0.7808,3.9429), (+0.7773,3.9261), (+0.7640,3.9180), (+0.7469,3.9184), (+0.7298,3.9180), (+0.7162,3.9261), (+0.7085,3.9429), (+0.6980,3.9592), (+0.6871,3.9755), (+0.6742,3.9918), (+0.6571,4.0078), (+0.6408,4.0198), (+0.6245,4.0299), (+0.6082,4.0393), (+0.5918,4.0463), (+0.5751,4.0521), (+0.5662,4.0645), (+0.5701,4.0816), (+0.5751,4.0980), (+0.5759,4.1143), (+0.5810,4.1306), (+0.5848,4.1469), (+0.5891,4.1633), (+0.5930,4.1796), (+0.5973,4.1959), (+0.6000,4.2122), (+0.6027,4.2286), (+0.6078,4.2449), (+0.6074,4.2612), (+0.6109,4.2776), (+0.6159,4.2939), (+0.6167,4.3102), (+0.6218,4.3265), (+0.6253,4.3429), (+0.6237,4.3592), (+0.6272,4.3755), (+0.6323,4.3918), (+0.6327,4.4082), (+0.6330,4.4245), (+0.6381,4.4408), (+0.6416,4.4571), (+0.6408,4.4735), (+0.6412,4.4898), (+0.6463,4.5061), (+0.6498,4.5224), (+0.6490,4.5388), (+0.6482,4.5551), (+0.6517,4.5714), (+0.6568,4.5878), (+0.6571,4.6041), (+0.6571,4.6204), (+0.6571,4.6367), (+0.6571,4.6531), (+0.6575,4.6694), (+0.6626,4.6857), (+0.6661,4.7020), (+0.6653,4.7184), (+0.6653,4.7347), (+0.6653,4.7510), (+0.6653,4.7673), (+0.6653,4.7837), (+0.6653,4.8000), (+0.6653,4.8163), (+0.6653,4.8327), (+0.6653,4.8490), (+0.6653,4.8653), (+0.6653,4.8816), (+0.6653,4.8980), (+0.6653,4.9143), (+0.6653,4.9306), (+0.6653,4.9469), (+0.6653,4.9633), (+0.6653,4.9796), (+0.6653,4.9959), (+0.6653,5.0122), (+0.6653,5.0286), (+0.6653,5.0449), (+0.6653,5.0612), (+0.6653,5.0776), (+0.6653,5.0954), (+0.6653,5.1055), (+0.6653,5.0954), (+0.6653,5.0776), (+0.6653,5.0612), (+0.6653,5.0449), (+0.6653,5.0286), (+0.6653,5.0122), (+0.6653,4.9959), (+0.6653,4.9796), (+0.6653,4.9633), (+0.6653,4.9469), (+0.6653,4.9306), (+0.6653,4.9143), (+0.6653,4.8980), (+0.6653,4.8816), (+0.6653,4.8653), (+0.6653,4.8490), (+0.6653,4.8327), (+0.6653,4.8163), (+0.6653,4.8000), (+0.6653,4.7837), (+0.6653,4.7673), (+0.6653,4.7510), (+0.6653,4.7347), (+0.6653,4.7184), (+0.6661,4.7020), (+0.6626,4.6857), (+0.6575,4.6694), (+0.6571,4.6531), (+0.6571,4.6367), (+0.6571,4.6204), (+0.6571,4.6041), (+0.6568,4.5878), (+0.6517,4.5714), (+0.6482,4.5551), (+0.6490,4.5388), (+0.6498,4.5224), (+0.6463,4.5061), (+0.6412,4.4898), (+0.6408,4.4735), (+0.6416,4.4571), (+0.6381,4.4408), (+0.6330,4.4245), (+0.6327,4.4082), (+0.6323,4.3918), (+0.6272,4.3755), (+0.6237,4.3592), (+0.6253,4.3429), (+0.6218,4.3265), (+0.6167,4.3102), (+0.6159,4.2939), (+0.6109,4.2776), (+0.6074,4.2612), (+0.6078,4.2449), (+0.6027,4.2286), (+0.6000,4.2122), (+0.5973,4.1959), (+0.5930,4.1796), (+0.5891,4.1633), (+0.5848,4.1469), (+0.5810,4.1306), (+0.5759,4.1143), (+0.5751,4.0980), (+0.5708,4.0816), (+0.5642,4.0649), (+0.5518,4.0571), (+0.5347,4.0626), (+0.5184,4.0661), (+0.5020,4.0653), (+0.4857,4.0661), (+0.4694,4.0626), (+0.4531,4.0583), (+0.4367,4.0544), (+0.4204,4.0490), (+0.4041,4.0431), (+0.3878,4.0350), (+0.3714,4.0229), (+0.3551,4.0179), (+0.3388,4.0260), (+0.3224,4.0342), (+0.3061,4.0424), (+0.2898,4.0505), (+0.2735,4.0587), (+0.2571,4.0669), (+0.2408,4.0750), (+0.2245,4.0844), (+0.2082,4.0945), (+0.1918,4.1061), (+0.1755,4.1178), (+0.1592,4.1267), (+0.1429,4.1333), (+0.1265,4.1415), (+0.1102,4.1516), (+0.0939,4.1637), (+0.0776,4.1800), (+0.0604,4.1878), (+0.0472,4.1955), (+0.0441,4.2122), (+0.0449,4.2286), (+0.0449,4.2449), (+0.0449,4.2612), (+0.0441,4.2776), (+0.0476,4.2939), (+0.0527,4.3102), (+0.0531,4.3265), (+0.0523,4.3429), (+0.0558,4.3592), (+0.0608,4.3755), (+0.0604,4.3918), (+0.0639,4.4082), (+0.0690,4.4245), (+0.0686,4.4408), (+0.0721,4.4571), (+0.0772,4.4735), (+0.0768,4.4898), (+0.0803,4.5061), (+0.0853,4.5224), (+0.0861,4.5388), (+0.0912,4.5551), (+0.0950,4.5714), (+0.0993,4.5878), (+0.1020,4.6041), (+0.1040,4.6204), (+0.1121,4.6375), (+0.1121,4.6375), (+0.1040,4.6204), (+0.1020,4.6041), (+0.0993,4.5878), (+0.0950,4.5714), (+0.0912,4.5551), (+0.0861,4.5388), (+0.0853,4.5224), (+0.0803,4.5061), (+0.0768,4.4898), (+0.0772,4.4735), (+0.0721,4.4571), (+0.0686,4.4408), (+0.0690,4.4245), (+0.0639,4.4082), (+0.0604,4.3918), (+0.0608,4.3755), (+0.0558,4.3592), (+0.0523,4.3429), (+0.0531,4.3265), (+0.0527,4.3102), (+0.0476,4.2939), (+0.0441,4.2776), (+0.0449,4.2612), (+0.0449,4.2449), (+0.0449,4.2286), (+0.0441,4.2122), (+0.0472,4.1955), (+0.0604,4.1878), (+0.0776,4.1800), (+0.0939,4.1637), (+0.1110,4.1524), (+0.1246,4.1396), (+0.1331,4.1224), (+0.1405,4.1061), (+0.1510,4.0898), (+0.1627,4.0735), (+0.1720,4.0571), (+0.1837,4.0408), (+0.1946,4.0245), (+0.2070,4.0082), (+0.2190,3.9918), (+0.2327,3.9755), (+0.2463,3.9592), (+0.2575,3.9429), (+0.2739,3.9265), (+0.2816,3.9102), (+0.2770,3.8939), (+0.2700,3.8776), (+0.2657,3.8612), (+0.2653,3.8449), (+0.2653,3.8286), (+0.2653,3.8122), (+0.2657,3.7951), (+0.2575,3.7819), (+0.2393,3.7788), (+0.2292,3.7796), (+0.2393,3.7804), (+0.2568,3.7773), (+0.2684,3.7640), (+0.2723,3.7469), (+0.2754,3.7306), (+0.2832,3.7143), (+0.2914,3.6980), (+0.2999,3.6816), (+0.3135,3.6653), (+0.3306,3.6490), (+0.3469,3.6327), (+0.3633,3.6155), (+0.3796,3.6019), (+0.3959,3.5934), (+0.4122,3.5852), (+0.4293,3.5778), (+0.4426,3.5670), (+0.4453,3.5510), (+0.4395,3.5347), (+0.4360,3.5184), (+0.4367,3.5020), (+0.4363,3.4857), (+0.4313,3.4694), (+0.4278,3.4531), (+0.4286,3.4367), (+0.4282,3.4204), (+0.4231,3.4041), (+0.4196,3.3878), (+0.4204,3.3714), (+0.4204,3.3551), (+0.4200,3.3388), (+0.4157,3.3224), (+0.4091,3.3057), (+0.3967,3.2976), (+0.3796,3.2980), (+0.3633,3.2980), (+0.3469,3.2980), (+0.3306,3.2980), (+0.3143,3.2980), (+0.2980,3.2980), (+0.2816,3.2980), (+0.2653,3.2980), (+0.2490,3.2980), (+0.2327,3.2980), (+0.2163,3.2980), (+0.2000,3.2980), (+0.1837,3.2980), (+0.1673,3.2980), (+0.1510,3.2980), (+0.1347,3.2980), (+0.1184,3.2980), (+0.1020,3.2980), (+0.0857,3.2980), (+0.0694,3.2980), (+0.0515,3.2980), (+0.0414,3.2980), (+0.0515,3.2980), (+0.0694,3.2980), (+0.0857,3.2980), (+0.1020,3.2980), (+0.1184,3.2980), (+0.1347,3.2980), (+0.1510,3.2980), (+0.1673,3.2980), (+0.1837,3.2980), (+0.2000,3.2980), (+0.2163,3.2980), (+0.2327,3.2980), (+0.2490,3.2980), (+0.2653,3.2980), (+0.2816,3.2980), (+0.2980,3.2980), (+0.3143,3.2980), (+0.3306,3.2980), (+0.3469,3.2980), (+0.3633,3.2980), (+0.3796,3.2980), (+0.3959,3.2980), (+0.4122,3.2976), (+0.4286,3.2921), (+0.4449,3.2832), (+0.4612,3.2750), (+0.4776,3.2669), (+0.4939,3.2587), (+0.5102,3.2505), (+0.5265,3.2424), (+0.5429,3.2342), (+0.5592,3.2260), (+0.5763,3.2187), (+0.5899,3.2070), (+0.5848,3.1942), (+0.5673,3.1911), (+0.5510,3.1918), (+0.5347,3.1918), (+0.5184,3.1918), (+0.5020,3.1918), (+0.4857,3.1918), (+0.4694,3.1918), (+0.4531,3.1918), (+0.4367,3.1918), (+0.4204,3.1918), (+0.4041,3.1918), (+0.3878,3.1918), (+0.3714,3.1918), (+0.3551,3.1918), (+0.3388,3.1918), (+0.3224,3.1918), (+0.3061,3.1918), (+0.2898,3.1918), (+0.2735,3.1918), (+0.2571,3.1918), (+0.2408,3.1918), (+0.2245,3.1918), (+0.2082,3.1918), (+0.1918,3.1918), (+0.1755,3.1918), (+0.1592,3.1918), (+0.1429,3.1918), (+0.1265,3.1918), (+0.1102,3.1918), (+0.0939,3.1918), (+0.0776,3.1918), (+0.0612,3.1918), (+0.0441,3.1918), (+0.0441,3.1918), (+0.0612,3.1918), (+0.0776,3.1918), (+0.0939,3.1918), (+0.1102,3.1918), (+0.1265,3.1918), (+0.1429,3.1918), (+0.1592,3.1918), (+0.1755,3.1918), (+0.1918,3.1918), (+0.2082,3.1918), (+0.2245,3.1918), (+0.2408,3.1918), (+0.2571,3.1918), (+0.2735,3.1918), (+0.2898,3.1918), (+0.3061,3.1918), (+0.3224,3.1918), (+0.3388,3.1918), (+0.3559,3.1922), (+0.3691,3.1841), (+0.3722,3.1673), (+0.3714,3.1510), (+0.3714,3.1347), (+0.3714,3.1184), (+0.3714,3.1020), (+0.3714,3.0857), (+0.3714,3.0694), (+0.3714,3.0531), (+0.3714,3.0367), (+0.3714,3.0204), (+0.3714,3.0041), (+0.3714,2.9878), (+0.3714,2.9714), (+0.3714,2.9551), (+0.3714,2.9388), (+0.3718,2.9224), (+0.3769,2.9061), (+0.3804,2.8898), (+0.3796,2.8735), (+0.3796,2.8571), (+0.3796,2.8408), (+0.3796,2.8245), (+0.3796,2.8082), (+0.3796,2.7918), (+0.3800,2.7747), (+0.3718,2.7615), (+0.3551,2.7584), (+0.3388,2.7592), (+0.3224,2.7592), (+0.3061,2.7592), (+0.2898,2.7600), (+0.2735,2.7565), (+0.2571,2.7514), (+0.2408,2.7510), (+0.2245,2.7514), (+0.2082,2.7565), (+0.1918,2.7600), (+0.1755,2.7592), (+0.1592,2.7592), (+0.1429,2.7592), (+0.1265,2.7592), (+0.1102,2.7592), (+0.0939,2.7592), (+0.0776,2.7592), (+0.0597,2.7592), (+0.0496,2.7592), (+0.0597,2.7592), (+0.0776,2.7592), (+0.0939,2.7592), (+0.1102,2.7592), (+0.1265,2.7592), (+0.1429,2.7592), (+0.1592,2.7592), (+0.1755,2.7592), (+0.1918,2.7600), (+0.2082,2.7565), (+0.2245,2.7514), (+0.2408,2.7510), (+0.2571,2.7514), (+0.2735,2.7565), (+0.2898,2.7600), (+0.3061,2.7592), (+0.3224,2.7592), (+0.3388,2.7592), (+0.3551,2.7600), (+0.3718,2.7569), (+0.3804,2.7436), (+0.3850,2.7265), (+0.3885,2.7102), (+0.3878,2.6939), (+0.3870,2.6776), (+0.3905,2.6612), (+0.3963,2.6449), (+0.3936,2.6286), (+0.3796,2.6122), (+0.3660,2.5959), (+0.3547,2.5796), (+0.3380,2.5633), (+0.3252,2.5469), (+0.3139,2.5306), (+0.2972,2.5143), (+0.2844,2.4980), (+0.2731,2.4820), (+0.2571,2.4707), (+0.2408,2.4583), (+0.2245,2.4455), (+0.2082,2.4354), (+0.1918,2.4260), (+0.1755,2.4179), (+0.1592,2.4101), (+0.1429,2.4070), (+0.1265,2.4027), (+0.1102,2.3988), (+0.0939,2.3946), (+0.0776,2.3911), (+0.0612,2.3918), (+0.0441,2.3918), (+0.0441,2.3918), (+0.0612,2.3918), (+0.0776,2.3911), (+0.0939,2.3946), (+0.1102,2.3988), (+0.1265,2.4027), (+0.1429,2.4070), (+0.1592,2.4101), (+0.1755,2.4179), (+0.1918,2.4260), (+0.2082,2.4354), (+0.2245,2.4455), (+0.2408,2.4583), (+0.2571,2.4707), (+0.2731,2.4820), (+0.2844,2.4980), (+0.2972,2.5143), (+0.3139,2.5306), (+0.3252,2.5469), (+0.3380,2.5633), (+0.3547,2.5796), (+0.3660,2.5959), (+0.3796,2.6130), (+0.3940,2.6130), (+0.4021,2.5959), (+0.4049,2.5796), (+0.4033,2.5633), (+0.4068,2.5469), (+0.4119,2.5306), (+0.4122,2.5143), (+0.4126,2.4980), (+0.4177,2.4816), (+0.4212,2.4653), (+0.4208,2.4490), (+0.4259,2.4327), (+0.4293,2.4163), (+0.4286,2.4000), (+0.4290,2.3837), (+0.4340,2.3673), (+0.4375,2.3510), (+0.4360,2.3347), (+0.4395,2.3184), (+0.4445,2.3020), (+0.4449,2.2857), (+0.4453,2.2694), (+0.4507,2.2523), (+0.4461,2.2391), (+0.4286,2.2360), (+0.4122,2.2363), (+0.3959,2.2313), (+0.3796,2.2278), (+0.3633,2.2293), (+0.3469,2.2259), (+0.3306,2.2208), (+0.3143,2.2212), (+0.2980,2.2177), (+0.2816,2.2126), (+0.2653,2.2122), (+0.2490,2.2119), (+0.2327,2.2068), (+0.2163,2.2033), (+0.2000,2.2049), (+0.1837,2.2014), (+0.1673,2.1963), (+0.1510,2.1959), (+0.1347,2.1955), (+0.1184,2.1913), (+0.1020,2.1850), (+0.0857,2.1776), (+0.0694,2.1640), (+0.0515,2.1454), (+0.0414,2.1353), (+0.0515,2.1454), (+0.0694,2.1640), (+0.0857,2.1776), (+0.1020,2.1850), (+0.1184,2.1913), (+0.1347,2.1955), (+0.1510,2.1959), (+0.1673,2.1963), (+0.1837,2.2014), (+0.2000,2.2049), (+0.2163,2.2033), (+0.2327,2.2068), (+0.2490,2.2119), (+0.2653,2.2122), (+0.2816,2.2126), (+0.2980,2.2177), (+0.3143,2.2212), (+0.3306,2.2208), (+0.3469,2.2259), (+0.3633,2.2293), (+0.3796,2.2278), (+0.3959,2.2313), (+0.4122,2.2363), (+0.4286,2.2367), (+0.4457,2.2371), (+0.4581,2.2290), (+0.4639,2.2122), (+0.4709,2.1959), (+0.4791,2.1796), (+0.4873,2.1633), (+0.4966,2.1469), (+0.5071,2.1306), (+0.5114,2.1135), (+0.5024,2.1003), (+0.4857,2.0972), (+0.4678,2.0980), (+0.4577,2.0980), (+0.4678,2.0980), (+0.4857,2.0980), (+0.5020,2.0980), (+0.5184,2.0983), (+0.5355,2.0902), (+0.5483,2.0735), (+0.5596,2.0571), (+0.5755,2.0408), (+0.5914,2.0245), (+0.6027,2.0082), (+0.6155,1.9918), (+0.6327,1.9755), (+0.6490,1.9596), (+0.6653,1.9483), (+0.6816,1.9355), (+0.6991,1.9184), (+0.7042,1.9024), (+0.6906,1.8912), (+0.6739,1.8783), (+0.6626,1.8612), (+0.6501,1.8449), (+0.6385,1.8286), (+0.6311,1.8122), (+0.6222,1.7959), (+0.6167,1.7796), (+0.6159,1.7633), (+0.6109,1.7469), (+0.6074,1.7306), (+0.6082,1.7143), (+0.6082,1.6980), (+0.6086,1.6816), (+0.6136,1.6653), (+0.6175,1.6490), (+0.6222,1.6327), (+0.6311,1.6163), (+0.6249,1.6000), (+0.6109,1.5829), (+0.5996,1.5701), (+0.5837,1.5588), (+0.5666,1.5421), (+0.5666,1.5421), (+0.5837,1.5588), (+0.5996,1.5701), (+0.6109,1.5845), (+0.6237,1.5953), (+0.6416,1.5852), (+0.6544,1.5673), (+0.6657,1.5510), (+0.6816,1.5339), (+0.6980,1.5211), (+0.7143,1.5102), (+0.7306,1.4997), (+0.7469,1.4923), (+0.7633,1.4834), (+0.7796,1.4787), (+0.7959,1.4741), (+0.8122,1.4694)
  stroke[ 70] (  7 pts): (+1.2286,1.4449), (+1.2122,1.4449), (+1.1959,1.4449), (+1.1788,1.4449), (+1.1788,1.4449), (+1.1959,1.4449), (+1.2122,1.4449)
  stroke[ 71] (  7 pts): (+1.3386,1.4478), (+1.3335,1.4466), (+1.3184,1.4433), (+1.3005,1.4476), (+1.2904,1.4523), (+1.3005,1.4476), (+1.3172,1.4449)
  stroke[ 72] (  7 pts): (+1.4610,1.4478), (+1.4560,1.4466), (+1.4408,1.4441), (+1.4229,1.4449), (+1.4128,1.4449), (+1.4229,1.4449), (+1.4397,1.4449)
  stroke[ 73] (  8 pts): (+1.5878,1.4449), (+1.5714,1.4449), (+1.5551,1.4441), (+1.5372,1.4476), (+1.5271,1.4523), (+1.5372,1.4476), (+1.5551,1.4441), (+1.5714,1.4443)
  stroke[ 74] (  8 pts): (+1.7102,1.4449), (+1.6939,1.4449), (+1.6776,1.4441), (+1.6597,1.4476), (+1.6496,1.4523), (+1.6597,1.4476), (+1.6776,1.4441), (+1.6939,1.4443)
  stroke[ 75] (  7 pts): (+1.8202,1.4478), (+1.8152,1.4466), (+1.8000,1.4441), (+1.7821,1.4449), (+1.7720,1.4449), (+1.7821,1.4449), (+1.7988,1.4449)
  stroke[ 76] (214 pts): (+0.2480,1.0939), (+0.2548,1.1102), (+0.2587,1.1265), (+0.2548,1.1429), (+0.2416,1.1600), (+0.2245,1.1728), (+0.2082,1.1841), (+0.1918,1.1996), (+0.1755,1.2117), (+0.1592,1.2210), (+0.1429,1.2327), (+0.1265,1.2435), (+0.1094,1.2564), (+0.0966,1.2735), (+0.0857,1.2898), (+0.0744,1.3061), (+0.0694,1.3224), (+0.0647,1.3388), (+0.0577,1.3551), (+0.0542,1.3714), (+0.0503,1.3878), (+0.0461,1.4041), (+0.0422,1.4204), (+0.0367,1.4375), (+0.0453,1.4511), (+0.0593,1.4461), (+0.0667,1.4286), (+0.0729,1.4122), (+0.0764,1.3959), (+0.0803,1.3796), (+0.0857,1.3633), (+0.0904,1.3469), (+0.0966,1.3306), (+0.1040,1.3143), (+0.1176,1.2980), (+0.1347,1.2816), (+0.1510,1.2645), (+0.1673,1.2517), (+0.1837,1.2408), (+0.2000,1.2292), (+0.2163,1.2198), (+0.2327,1.2078), (+0.2490,1.1918), (+0.2661,1.1747), (+0.2661,1.1747), (+0.2490,1.1918), (+0.2327,1.2078), (+0.2163,1.2198), (+0.2000,1.2292), (+0.1837,1.2408), (+0.1673,1.2517), (+0.1510,1.2645), (+0.1347,1.2816), (+0.1176,1.2980), (+0.1040,1.3143), (+0.0966,1.3306), (+0.0904,1.3469), (+0.0857,1.3633), (+0.0803,1.3796), (+0.0764,1.3959), (+0.0729,1.4122), (+0.0655,1.4293), (+0.0694,1.4426), (+0.0857,1.4457), (+0.1020,1.4457), (+0.1184,1.4418), (+0.1347,1.4313), (+0.1510,1.4220), (+0.1673,1.4138), (+0.1837,1.4056), (+0.2000,1.3983), (+0.2163,1.3878), (+0.2327,1.3769), (+0.2490,1.3640), (+0.2653,1.3469), (+0.2816,1.3306), (+0.2976,1.3143), (+0.3096,1.2980), (+0.3205,1.2801), (+0.3267,1.2700), (+0.3205,1.2801), (+0.3096,1.2980), (+0.2976,1.3143), (+0.2816,1.3306), (+0.2653,1.3469), (+0.2490,1.3640), (+0.2327,1.3769), (+0.2163,1.3878), (+0.2000,1.3983), (+0.1837,1.4056), (+0.1673,1.4138), (+0.1510,1.4220), (+0.1331,1.4305), (+0.1230,1.4445), (+0.1331,1.4542), (+0.1510,1.4496), (+0.1673,1.4480), (+0.1837,1.4527), (+0.2000,1.4531), (+0.2163,1.4531), (+0.2327,1.4531), (+0.2490,1.4531), (+0.2653,1.4531), (+0.2816,1.4531), (+0.2980,1.4531), (+0.3143,1.4531), (+0.3306,1.4531), (+0.3469,1.4531), (+0.3633,1.4531), (+0.3796,1.4531), (+0.3959,1.4531), (+0.4122,1.4531), (+0.4286,1.4531), (+0.4449,1.4538), (+0.4612,1.4503), (+0.4776,1.4453), (+0.4939,1.4449), (+0.5102,1.4457), (+0.5265,1.4418), (+0.5436,1.4309), (+0.5429,1.4309), (+0.5421,1.4418), (+0.5592,1.4457), (+0.5755,1.4441), (+0.5918,1.4476), (+0.6082,1.4523), (+0.6245,1.4476), (+0.6408,1.4441), (+0.6571,1.4449), (+0.6735,1.4449), (+0.6898,1.4441), (+0.7061,1.4476), (+0.7224,1.4527), (+0.7396,1.4531), (+0.7396,1.4531), (+0.7224,1.4527), (+0.7061,1.4476), (+0.6898,1.4441), (+0.6735,1.4449), (+0.6571,1.4449), (+0.6408,1.4441), (+0.6245,1.4476), (+0.6082,1.4523), (+0.5918,1.4476), (+0.5755,1.4441), (+0.5592,1.4449), (+0.5429,1.4449), (+0.5265,1.4449), (+0.5102,1.4449), (+0.4939,1.4449), (+0.4776,1.4453), (+0.4612,1.4503), (+0.4449,1.4538), (+0.4286,1.4531), (+0.4122,1.4531), (+0.3959,1.4531), (+0.3796,1.4531), (+0.3633,1.4531), (+0.3469,1.4531), (+0.3306,1.4531), (+0.3143,1.4531), (+0.2980,1.4531), (+0.2816,1.4531), (+0.2653,1.4531), (+0.2490,1.4531), (+0.2327,1.4531), (+0.2163,1.4531), (+0.2000,1.4531), (+0.1837,1.4527), (+0.1673,1.4480), (+0.1510,1.4496), (+0.1347,1.4534), (+0.1184,1.4476), (+0.1020,1.4441), (+0.0857,1.4449), (+0.0694,1.4453), (+0.0523,1.4500), (+0.0391,1.4616), (+0.0360,1.4783), (+0.0367,1.4783), (+0.0367,1.4612), (+0.0360,1.4449), (+0.0395,1.4286), (+0.0437,1.4122), (+0.0476,1.3959), (+0.0519,1.3796), (+0.0558,1.3633), (+0.0612,1.3469), (+0.0659,1.3306), (+0.0721,1.3143), (+0.0803,1.2980), (+0.0904,1.2816), (+0.1028,1.2653), (+0.1098,1.2490), (+0.1121,1.2327), (+0.1207,1.2163), (+0.1265,1.2000), (+0.1328,1.1829), (+0.1328,1.1829), (+0.1265,1.2000), (+0.1207,1.2163), (+0.1118,1.2342), (+0.1172,1.2447), (+0.1347,1.2389), (+0.1510,1.2280), (+0.1673,1.2163), (+0.1837,1.2054), (+0.2000,1.1918), (+0.2163,1.1782), (+0.2327,1.1670), (+0.2494,1.1510), (+0.2575,1.1347), (+0.2577,1.1184), (+0.2500,1.1020)
  stroke[ 77] ( 15 pts): (+0.1825,0.6533), (+0.2012,0.6641), (+0.2008,0.6632), (+0.1837,0.6542), (+0.1673,0.6550), (+0.1510,0.6608), (+0.1347,0.6608), (+0.1184,0.6562), (+0.1005,0.6589), (+0.0904,0.6655), (+0.1005,0.6589), (+0.1184,0.6562), (+0.1347,0.6608), (+0.1510,0.6608), (+0.1673,0.6560)
  stroke[ 78] ( 20 pts): (+0.2070,0.5887), (+0.2257,0.5965), (+0.2253,0.5955), (+0.2082,0.5905), (+0.1918,0.5870), (+0.1755,0.5878), (+0.1592,0.5881), (+0.1429,0.5932), (+0.1265,0.5971), (+0.1102,0.6006), (+0.0939,0.6068), (+0.0768,0.6142), (+0.0768,0.6142), (+0.0939,0.6068), (+0.1102,0.6006), (+0.1265,0.5971), (+0.1429,0.5932), (+0.1592,0.5881), (+0.1755,0.5878), (+0.1918,0.5878)
  stroke[ 79] ( 92 pts): (+0.1184,0.4480), (+0.1347,0.4665), (+0.1510,0.4820), (+0.1673,0.4906), (+0.1837,0.4960), (+0.2016,0.4964), (+0.2117,0.4816), (+0.2148,0.4809), (+0.2167,0.4980), (+0.2241,0.5151), (+0.2408,0.5279), (+0.2568,0.5392), (+0.2676,0.5551), (+0.2750,0.5714), (+0.2840,0.5878), (+0.2894,0.6041), (+0.2890,0.6204), (+0.2925,0.6367), (+0.2976,0.6531), (+0.2980,0.6694), (+0.2980,0.6857), (+0.2980,0.7020), (+0.2980,0.7184), (+0.2980,0.7347), (+0.2972,0.7510), (+0.3003,0.7681), (+0.3131,0.7681), (+0.3256,0.7510), (+0.3306,0.7347), (+0.3361,0.7168), (+0.3403,0.7067), (+0.3361,0.7168), (+0.3306,0.7347), (+0.3256,0.7510), (+0.3139,0.7673), (+0.2976,0.7837), (+0.2894,0.8000), (+0.2906,0.8163), (+0.2871,0.8327), (+0.2820,0.8505), (+0.2816,0.8606), (+0.2820,0.8505), (+0.2871,0.8327), (+0.2914,0.8163), (+0.2875,0.7988), (+0.2746,0.7938), (+0.2630,0.8074), (+0.2536,0.8260), (+0.2470,0.8362), (+0.2536,0.8260), (+0.2630,0.8074), (+0.2739,0.7949), (+0.2902,0.7887), (+0.2983,0.7763), (+0.2980,0.7592), (+0.2980,0.7429), (+0.2980,0.7265), (+0.2980,0.7102), (+0.2980,0.6939), (+0.2980,0.6776), (+0.2987,0.6612), (+0.2952,0.6449), (+0.2902,0.6286), (+0.2906,0.6122), (+0.2879,0.5959), (+0.2801,0.5796), (+0.2719,0.5633), (+0.2634,0.5462), (+0.2498,0.5333), (+0.2327,0.5213), (+0.2163,0.5081), (+0.2000,0.4991), (+0.1837,0.4999), (+0.1673,0.5061), (+0.1510,0.5112), (+0.1347,0.5096), (+0.1184,0.5061), (+0.1020,0.5034), (+0.0857,0.4991), (+0.0694,0.4952), (+0.0515,0.4890), (+0.0414,0.4871), (+0.0515,0.4890), (+0.0694,0.4952), (+0.0857,0.4991), (+0.1020,0.5034), (+0.1184,0.5061), (+0.1347,0.5096), (+0.1526,0.5116), (+0.1627,0.4987), (+0.1526,0.4816), (+0.1359,0.4653)
  stroke[ 80] (  5 pts): (+0.0041,-0.0999), (+0.0041,-0.0793), (+0.0041,-0.0645), (+0.0041,-0.0645), (+0.0041,-0.0793)