============================================================
  BIKER GIRL — FULL EXTRACTED DATA
  639 contour, 179 strokes, 81 Y-levels
============================================================

── CONTOUR ──
  idx         dx         dy
    0    +0.0547     0.0046
    1    +0.0831     0.0039
    2    +0.1155     0.0084
    3    +0.1509     0.0172
    4    +0.1876     0.0293
    5    +0.2245     0.0440
    6    +0.2609     0.0612
    7    +0.2966     0.0810
    8    +0.3307     0.1038
    9    +0.3638     0.1299
   10    +0.3952     0.1590
   11    +0.4242     0.1909
   12    +0.4506     0.2248
   13    +0.4741     0.2601
   14    +0.4948     0.2959
   15    +0.5127     0.3315
   16    +0.5280     0.3667
   17    +0.5406     0.4015
   18    +0.5507     0.4360
   19    +0.5585     0.4706
   20    +0.5645     0.5052
   21    +0.5688     0.5398
   22    +0.5718     0.5744
   23    +0.5735     0.6090
   24    +0.5740     0.6436
   25    +0.5733     0.6782
   26    +0.5719     0.7128
   27    +0.5699     0.7474
   28    +0.5672     0.7820
   29    +0.5637     0.8166
   30    +0.5590     0.8512
   31    +0.5527     0.8858
   32    +0.5450     0.9204
   33    +0.5363     0.9550
   34    +0.5272     0.9896
   35    +0.5178     1.0242
   36    +0.5072     1.0588
   37    +0.4940     1.0934
   38    +0.4773     1.1282
   39    +0.4573     1.1632
   40    +0.4360     1.1983
   41    +0.4158     1.2333
   42    +0.3992     1.2681
   43    +0.3881     1.3024
   44    +0.3839     1.3360
   45    +0.3876     1.3684
   46    +0.3999     1.3986
   47    +0.4208     1.4259
   48    +0.4498     1.4496
   49    +0.4846     1.4692
   50    +0.5226     1.4849
   51    +0.5608     1.4973
   52    +0.5979     1.5070
   53    +0.6335     1.5144
   54    +0.6683     1.5205
   55    +0.7029     1.5265
   56    +0.7377     1.5336
   57    +0.7727     1.5430
   58    +0.8075     1.5560
   59    +0.8421     1.5728
   60    +0.8758     1.5933
   61    +0.9081     1.6174
   62    +0.9384     1.6448
   63    +0.9663     1.6748
   64    +0.9913     1.7072
   65    +1.0133     1.7413
   66    +1.0320     1.7763
   67    +1.0472     1.8118
   68    +1.0589     1.8471
   69    +1.0676     1.8821
   70    +1.0741     1.9169
   71    +1.0788     1.9516
   72    +1.0824     1.9862
   73    +1.0848     2.0208
   74    +1.0867     2.0554
   75    +1.0886     2.0900
   76    +1.0913     2.1246
   77    +1.0954     2.1592
   78    +1.1009     2.1938
   79    +1.1077     2.2284
   80    +1.1155     2.2630
   81    +1.1237     2.2976
   82    +1.1321     2.3322
   83    +1.1403     2.3668
   84    +1.1477     2.4014
   85    +1.1535     2.4360
   86    +1.1578     2.4706
   87    +1.1611     2.5052
   88    +1.1649     2.5398
   89    +1.1703     2.5744
   90    +1.1777     2.6090
   91    +1.1863     2.6436
   92    +1.1953     2.6782
   93    +1.2046     2.7128
   94    +1.2144     2.7474
   95    +1.2247     2.7820
   96    +1.2356     2.8166
   97    +1.2469     2.8512
   98    +1.2578     2.8858
   99    +1.2683     2.9204
  100    +1.2789     2.9550
  101    +1.2899     2.9896
  102    +1.3015     3.0242
  103    +1.3135     3.0588
  104    +1.3245     3.0934
  105    +1.3337     3.1280
  106    +1.3408     3.1626
  107    +1.3460     3.1972
  108    +1.3500     3.2318
  109    +1.3532     3.2664
  110    +1.3560     3.3010
  111    +1.3585     3.3356
  112    +1.3607     3.3702
  113    +1.3625     3.4048
  114    +1.3642     3.4394
  115    +1.3660     3.4740
  116    +1.3682     3.5087
  117    +1.3708     3.5433
  118    +1.3738     3.5779
  119    +1.3770     3.6125
  120    +1.3807     3.6471
  121    +1.3855     3.6817
  122    +1.3907     3.7163
  123    +1.3956     3.7509
  124    +1.3995     3.7855
  125    +1.4014     3.8201
  126    +1.4012     3.8547
  127    +1.3995     3.8893
  128    +1.3969     3.9239
  129    +1.3942     3.9585
  130    +1.3921     3.9931
  131    +1.3912     4.0277
  132    +1.3918     4.0623
  133    +1.3938     4.0969
  134    +1.3971     4.1315
  135    +1.4009     4.1661
  136    +1.4042     4.2007
  137    +1.4063     4.2353
  138    +1.4067     4.2699
  139    +1.4048     4.3044
  140    +1.4000     4.3388
  141    +1.3918     4.3737
  142    +1.3799     4.4094
  143    +1.3639     4.4464
  144    +1.3440     4.4843
  145    +1.3203     4.5219
  146    +1.2925     4.5566
  147    +1.2615     4.5862
  148    +1.2294     4.6082
  149    +1.1990     4.6212
  150    +1.1736     4.6236
  151    +1.1556     4.6151
  152    +1.1443     4.5968
  153    +1.1375     4.5711
  154    +1.1324     4.5409
  155    +1.1271     4.5096
  156    +1.1208     4.4790
  157    +1.1129     4.4503
  158    +1.1034     4.4238
  159    +1.0924     4.3988
  160    +1.0805     4.3742
  161    +1.0692     4.3489
  162    +1.0601     4.3218
  163    +1.0550     4.2924
  164    +1.0549     4.2600
  165    +1.0597     4.2251
  166    +1.0672     4.1890
  167    +1.0753     4.1528
  168    +1.0822     4.1175
  169    +1.0872     4.0829
  170    +1.0903     4.0484
  171    +1.0920     4.0138
  172    +1.0923     3.9792
  173    +1.0917     3.9446
  174    +1.0901     3.9100
  175    +1.0874     3.8754
  176    +1.0831     3.8408
  177    +1.0776     3.8062
  178    +1.0713     3.7716
  179    +1.0646     3.7370
  180    +1.0574     3.7024
  181    +1.0494     3.6678
  182    +1.0404     3.6332
  183    +1.0301     3.5986
  184    +1.0186     3.5640
  185    +1.0062     3.5294
  186    +0.9934     3.4948
  187    +0.9805     3.4602
  188    +0.9678     3.4256
  189    +0.9554     3.3910
  190    +0.9432     3.3564
  191    +0.9317     3.3218
  192    +0.9212     3.2872
  193    +0.9119     3.2526
  194    +0.9036     3.2180
  195    +0.8958     3.1834
  196    +0.8882     3.1488
  197    +0.8807     3.1142
  198    +0.8737     3.0796
  199    +0.8670     3.0450
  200    +0.8599     3.0105
  201    +0.8519     2.9760
  202    +0.8432     2.9410
  203    +0.8338     2.9049
  204    +0.8234     2.8674
  205    +0.8111     2.8292
  206    +0.7964     2.7921
  207    +0.7790     2.7588
  208    +0.7594     2.7319
  209    +0.7385     2.7133
  210    +0.7176     2.7042
  211    +0.6979     2.7052
  212    +0.6805     2.7163
  213    +0.6657     2.7367
  214    +0.6535     2.7651
  215    +0.6444     2.7993
  216    +0.6389     2.8368
  217    +0.6369     2.8750
  218    +0.6375     2.9123
  219    +0.6398     2.9481
  220    +0.6431     2.9829
  221    +0.6475     3.0174
  222    +0.6533     3.0519
  223    +0.6605     3.0865
  224    +0.6692     3.1211
  225    +0.6792     3.1557
  226    +0.6906     3.1903
  227    +0.7028     3.2251
  228    +0.7148     3.2599
  229    +0.7249     3.2946
  230    +0.7323     3.3291
  231    +0.7367     3.3632
  232    +0.7385     3.3971
  233    +0.7385     3.4308
  234    +0.7373     3.4644
  235    +0.7355     3.4980
  236    +0.7340     3.5315
  237    +0.7337     3.5652
  238    +0.7356     3.5990
  239    +0.7403     3.6330
  240    +0.7481     3.6674
  241    +0.7581     3.7020
  242    +0.7688     3.7368
  243    +0.7790     3.7716
  244    +0.7882     3.8063
  245    +0.7964     3.8408
  246    +0.8041     3.8754
  247    +0.8114     3.9100
  248    +0.8186     3.9446
  249    +0.8256     3.9792
  250    +0.8324     4.0138
  251    +0.8392     4.0484
  252    +0.8459     4.0830
  253    +0.8524     4.1176
  254    +0.8586     4.1522
  255    +0.8644     4.1869
  256    +0.8696     4.2215
  257    +0.8743     4.2561
  258    +0.8787     4.2907
  259    +0.8828     4.3253
  260    +0.8864     4.3599
  261    +0.8894     4.3945
  262    +0.8919     4.4291
  263    +0.8938     4.4637
  264    +0.8952     4.4983
  265    +0.8962     4.5329
  266    +0.8968     4.5675
  267    +0.8972     4.6021
  268    +0.8973     4.6367
  269    +0.8971     4.6713
  270    +0.8966     4.7059
  271    +0.8958     4.7405
  272    +0.8946     4.7751
  273    +0.8930     4.8097
  274    +0.8907     4.8443
  275    +0.8877     4.8789
  276    +0.8839     4.9135
  277    +0.8800     4.9481
  278    +0.8766     4.9827
  279    +0.8738     5.0173
  280    +0.8716     5.0519
  281    +0.8696     5.0865
  282    +0.8674     5.1211
  283    +0.8655     5.1557
  284    +0.8640     5.1903
  285    +0.8629     5.2249
  286    +0.8623     5.2595
  287    +0.8623     5.2941
  288    +0.8626     5.3287
  289    +0.8634     5.3633
  290    +0.8649     5.3979
  291    +0.8669     5.4325
  292    +0.8697     5.4671
  293    +0.8734     5.5017
  294    +0.8772     5.5363
  295    +0.8810     5.5709
  296    +0.8852     5.6055
  297    +0.8897     5.6401
  298    +0.8948     5.6747
  299    +0.9004     5.7093
  300    +0.9065     5.7439
  301    +0.9130     5.7785
  302    +0.9202     5.8131
  303    +0.9280     5.8478
  304    +0.9361     5.8824
  305    +0.9441     5.9170
  306    +0.9523     5.9516
  307    +0.9606     5.9862
  308    +0.9686     6.0208
  309    +0.9758     6.0554
  310    +0.9818     6.0900
  311    +0.9858     6.1246
  312    +0.9882     6.1592
  313    +0.9894     6.1938
  314    +0.9897     6.2284
  315    +0.9899     6.2630
  316    +0.9911     6.2976
  317    +0.9931     6.3322
  318    +0.9961     6.3668
  319    +1.0003     6.4014
  320    +1.0053     6.4360
  321    +1.0107     6.4706
  322    +1.0161     6.5052
  323    +1.0207     6.5398
  324    +1.0238     6.5744
  325    +1.0252     6.6090
  326    +1.0251     6.6436
  327    +1.0238     6.6782
  328    +1.0216     6.7128
  329    +1.0188     6.7474
  330    +1.0157     6.7820
  331    +1.0122     6.8166
  332    +1.0082     6.8512
  333    +1.0038     6.8858
  334    +0.9993     6.9204
  335    +0.9954     6.9550
  336    +0.9930     6.9896
  337    +0.9924     7.0242
  338    +0.9932     7.0588
  339    +0.9945     7.0936
  340    +0.9958     7.1286
  341    +0.9972     7.1635
  342    +0.9997     7.1981
  343    +1.0044     7.2321
  344    +1.0115     7.2654
  345    +1.0200     7.2983
  346    +1.0288     7.3310
  347    +1.0377     7.3635
  348    +1.0465     7.3961
  349    +1.0566     7.4287
  350    +1.0693     7.4616
  351    +1.0849     7.4948
  352    +1.1027     7.5286
  353    +1.1219     7.5631
  354    +1.1419     7.5980
  355    +1.1628     7.6329
  356    +1.1852     7.6677
  357    +1.2091     7.7027
  358    +1.2327     7.7383
  359    +1.2531     7.7745
  360    +1.2681     7.8106
  361    +1.2755     7.8455
  362    +1.2746     7.8783
  363    +1.2662     7.9082
  364    +1.2510     7.9343
  365    +1.2299     7.9561
  366    +1.2035     7.9734
  367    +1.1727     7.9860
  368    +1.1383     7.9945
  369    +1.1017     7.9995
  370    +1.0647     8.0019
  371    +1.0282     8.0025
  372    +0.9918     8.0019
  373    +0.9556     7.9997
  374    +0.9201     7.9946
  375    +0.8862     7.9855
  376    +0.8550     7.9723
  377    +0.8266     7.9550
  378    +0.7997     7.9346
  379    +0.7734     7.9121
  380    +0.7470     7.8878
  381    +0.7207     7.8622
  382    +0.6950     7.8357
  383    +0.6706     7.8084
  384    +0.6482     7.7807
  385    +0.6280     7.7527
  386    +0.6103     7.7242
  387    +0.5963     7.6944
  388    +0.5870     7.6627
  389    +0.5831     7.6290
  390    +0.5845     7.5939
  391    +0.5893     7.5582
  392    +0.5951     7.5228
  393    +0.5997     7.4879
  394    +0.6024     7.4532
  395    +0.6033     7.4186
  396    +0.6033     7.3841
  397    +0.6031     7.3495
  398    +0.6030     7.3149
  399    +0.6027     7.2803
  400    +0.6020     7.2457
  401    +0.6006     7.2111
  402    +0.5984     7.1765
  403    +0.5958     7.1419
  404    +0.5926     7.1073
  405    +0.5884     7.0727
  406    +0.5824     7.0381
  407    +0.5746     7.0035
  408    +0.5653     6.9689
  409    +0.5554     6.9343
  410    +0.5456     6.8997
  411    +0.5357     6.8651
  412    +0.5262     6.8304
  413    +0.5170     6.7958
  414    +0.5083     6.7612
  415    +0.5000     6.7266
  416    +0.4923     6.6920
  417    +0.4852     6.6574
  418    +0.4788     6.6228
  419    +0.4732     6.5882
  420    +0.4680     6.5536
  421    +0.4627     6.5190
  422    +0.4570     6.4844
  423    +0.4508     6.4498
  424    +0.4438     6.4152
  425    +0.4362     6.3806
  426    +0.4286     6.3460
  427    +0.4212     6.3114
  428    +0.4145     6.2768
  429    +0.4087     6.2422
  430    +0.4042     6.2076
  431    +0.4010     6.1730
  432    +0.3992     6.1384
  433    +0.3982     6.1038
  434    +0.3971     6.0692
  435    +0.3958     6.0346
  436    +0.3942     6.0000
  437    +0.3923     5.9654
  438    +0.3897     5.9308
  439    +0.3859     5.8962
  440    +0.3804     5.8616
  441    +0.3732     5.8270
  442    +0.3652     5.7924
  443    +0.3571     5.7578
  444    +0.3490     5.7232
  445    +0.3411     5.6886
  446    +0.3332     5.6540
  447    +0.3249     5.6194
  448    +0.3161     5.5848
  449    +0.3076     5.5502
  450    +0.2994     5.5156
  451    +0.2914     5.4810
  452    +0.2835     5.4464
  453    +0.2754     5.4118
  454    +0.2672     5.3772
  455    +0.2596     5.3426
  456    +0.2530     5.3080
  457    +0.2475     5.2734
  458    +0.2427     5.2388
  459    +0.2381     5.2042
  460    +0.2330     5.1696
  461    +0.2269     5.1349
  462    +0.2199     5.1003
  463    +0.2117     5.0657
  464    +0.2026     5.0311
  465    +0.1926     4.9965
  466    +0.1821     4.9619
  467    +0.1714     4.9273
  468    +0.1607     4.8927
  469    +0.1502     4.8581
  470    +0.1402     4.8235
  471    +0.1305     4.7889
  472    +0.1211     4.7544
  473    +0.1120     4.7199
  474    +0.1040     4.6850
  475    +0.0967     4.6496
  476    +0.0896     4.6141
  477    +0.0817     4.5791
  478    +0.0722     4.5453
  479    +0.0610     4.5130
  480    +0.0490     4.4824
  481    +0.0367     4.4523
  482    +0.0240     4.4215
  483    +0.0112     4.3897
  484    -0.0009     4.3575
  485    -0.0106     4.3267
  486    -0.0149     4.2990
  487    -0.0123     4.2750
  488    -0.0023     4.2537
  489    +0.0140     4.2344
  490    +0.0346     4.2161
  491    +0.0571     4.1983
  492    +0.0794     4.1797
  493    +0.0984     4.1597
  494    +0.1114     4.1376
  495    +0.1162     4.1143
  496    +0.1118     4.0927
  497    +0.0990     4.0759
  498    +0.0804     4.0663
  499    +0.0591     4.0647
  500    +0.0382     4.0691
  501    +0.0195     4.0766
  502    +0.0041     4.0837
  503    -0.0068     4.0874
  504    -0.0131     4.0850
  505    -0.0152     4.0745
  506    -0.0141     4.0547
  507    -0.0124     4.0259
  508    -0.0112     3.9903
  509    -0.0106     3.9514
  510    -0.0105     3.9127
  511    -0.0105     3.8756
  512    -0.0103     3.8404
  513    -0.0103     3.8061
  514    -0.0107     3.7715
  515    -0.0113     3.7368
  516    -0.0117     3.7020
  517    -0.0112     3.6672
  518    -0.0097     3.6327
  519    -0.0075     3.5987
  520    -0.0053     3.5650
  521    -0.0038     3.5318
  522    -0.0029     3.4990
  523    -0.0024     3.4663
  524    -0.0024     3.4337
  525    -0.0030     3.4010
  526    -0.0040     3.3681
  527    -0.0057     3.3349
  528    -0.0078     3.3011
  529    -0.0100     3.2670
  530    -0.0113     3.2324
  531    -0.0116     3.1976
  532    -0.0112     3.1628
  533    -0.0106     3.1281
  534    -0.0103     3.0934
  535    -0.0103     3.0588
  536    -0.0104     3.0242
  537    -0.0104     2.9896
  538    -0.0104     2.9550
  539    -0.0104     2.9204
  540    -0.0104     2.8858
  541    -0.0104     2.8512
  542    -0.0104     2.8166
  543    -0.0104     2.7820
  544    -0.0104     2.7474
  545    -0.0104     2.7128
  546    -0.0104     2.6782
  547    -0.0104     2.6436
  548    -0.0104     2.6090
  549    -0.0104     2.5744
  550    -0.0104     2.5398
  551    -0.0104     2.5052
  552    -0.0104     2.4706
  553    -0.0104     2.4360
  554    -0.0104     2.4014
  555    -0.0104     2.3668
  556    -0.0104     2.3322
  557    -0.0104     2.2976
  558    -0.0104     2.2630
  559    -0.0104     2.2284
  560    -0.0104     2.1938
  561    -0.0104     2.1592
  562    -0.0103     2.1247
  563    -0.0102     2.0902
  564    -0.0106     2.0551
  565    -0.0120     2.0193
  566    -0.0142     1.9828
  567    -0.0162     1.9465
  568    -0.0168     1.9118
  569    -0.0143     1.8802
  570    -0.0074     1.8526
  571    +0.0053     1.8293
  572    +0.0248     1.8095
  573    +0.0507     1.7920
  574    +0.0813     1.7750
  575    +0.1129     1.7577
  576    +0.1414     1.7409
  577    +0.1625     1.7255
  578    +0.1733     1.7116
  579    +0.1729     1.6990
  580    +0.1635     1.6866
  581    +0.1486     1.6732
  582    +0.1314     1.6585
  583    +0.1135     1.6429
  584    +0.0960     1.6268
  585    +0.0798     1.6102
  586    +0.0659     1.5924
  587    +0.0545     1.5721
  588    +0.0455     1.5481
  589    +0.0370     1.5214
  590    +0.0275     1.4941
  591    +0.0167     1.4672
  592    +0.0052     1.4409
  593    -0.0052     1.4143
  594    -0.0125     1.3854
  595    -0.0160     1.3529
  596    -0.0171     1.3171
  597    -0.0171     1.2799
  598    -0.0161     1.2433
  599    -0.0129     1.2089
  600    -0.0061     1.1771
  601    +0.0037     1.1475
  602    +0.0143     1.1197
  603    +0.0232     1.0942
  604    +0.0292     1.0711
  605    +0.0322     1.0496
  606    +0.0325     1.0285
  607    +0.0301     1.0068
  608    +0.0247     0.9835
  609    +0.0163     0.9576
  610    +0.0059     0.9292
  611    -0.0044     0.8987
  612    -0.0120     0.8666
  613    -0.0153     0.8330
  614    -0.0148     0.7983
  615    -0.0127     0.7628
  616    -0.0109     0.7271
  617    -0.0102     0.6920
  618    -0.0102     0.6573
  619    -0.0104     0.6228
  620    -0.0104     0.5882
  621    -0.0104     0.5536
  622    -0.0104     0.5190
  623    -0.0104     0.4844
  624    -0.0104     0.4498
  625    -0.0104     0.4152
  626    -0.0104     0.3806
  627    -0.0103     0.3461
  628    -0.0102     0.3116
  629    -0.0103     0.2769
  630    -0.0113     0.2413
  631    -0.0133     0.2047
  632    -0.0150     0.1676
  633    -0.0162     0.1314
  634    -0.0152     0.0976
  635    -0.0107     0.0677
  636    -0.0019     0.0428
  637    +0.0119     0.0238
  638    +0.0308     0.0111

── MEASUREMENTS ──
  y=  0.0  [-0.0519..+0.0519]
  y=  0.1  [-0.3287..+0.3287]
  y=  0.2  [+0.3910..+0.4256]  [-0.2249..+0.2249]  [-0.4256..-0.3910]
  y=  0.3  [-0.4948..+0.4948]
  y=  0.4  [+0.1626..+0.5363]  [-0.0519..+0.0519]  [-0.5363..-0.1626]
  y=  0.5  [-0.5709..+0.5709]
  y=  0.6  [-0.5779..+0.5709]
  y=  0.7  [-0.5709..+0.5709]
  y=  0.8  [-0.5709..+0.5640]
  y=  0.9  [-0.5502..+0.5502]
  y=  1.0  [+0.0311..+0.5225]  [-0.5225..-0.0311]
  y=  1.1  [-0.4948..+0.4879]
  y=  1.2  [-0.4533..+0.4533]
  y=  1.3  [-0.3841..+0.3772]
  y=  1.4  [-0.3910..+0.3910]
  y=  1.5  [-0.5502..+0.5502]
  y=  1.6  [+0.0727..+0.8962]  [-0.8962..-0.0796]
  y=  1.7  [+0.2111..+0.9862]  [-0.9862..-0.2111]
  y=  1.8  [-0.2803..+1.0415]  [-1.0415..-0.3841]
  y=  1.9  [-0.3426..+1.0692]  [-1.0692..-0.4879]
  y=  2.0  [+1.0484..+1.0830]  [-1.0830..+0.9792]
  y=  2.1  [+0.6678..+1.0900]  [-0.5294..+0.5225]  [-1.0900..-0.6678]
  y=  2.2  [-1.0969..+1.0969]
  y=  2.3  [+1.1107..+1.1246]  [+0.7024..+0.9516]  [+0.4948..+0.5571]  [-0.2180..+0.3979]  [-0.3564..-0.3149]  [-0.5571..-0.4740]  [-0.9516..-0.7024]  [-1.1246..-1.1107]
  y=  2.4  [+1.1107..+1.1522]  [+0.6678..+1.0069]  [-0.5294..+0.5294]  [-0.9931..-0.6678]  [-1.1522..-1.1246]
  y=  2.5  [+1.1522..+1.1661]  [-0.9931..+0.9931]  [-1.1661..-1.1522]
  y=  2.6  [+1.1315..+1.1730]  [+0.6540..+1.0208]  [-0.5017..+0.4948]  [-1.0208..-0.6540]  [-1.1730..-1.1315]
  y=  2.7  [+0.7578..+1.2007]  [+0.6471..+0.6609]  [-0.4879..+0.4879]  [-0.6609..-0.6471]  [-1.2007..-0.7578]
  y=  2.8  [+0.7924..+1.2422]  [-0.6540..+0.6471]  [-1.2422..-0.7924]
  y=  2.9  [+0.8339..+1.2491]  [-0.3218..+0.6401]  [-0.6401..-0.3910]  [-1.2491..-0.8339]
  y=  3.0  [+1.1799..+1.2976]  [+1.0415..+1.0761]  [+0.8547..+0.8893]  [-0.3010..+0.6401]  [-0.6401..-0.4048]  [-0.8893..-0.8547]  [-1.0761..-1.0277]  [-1.2976..-1.1799]
  y=  3.1  [+1.3114..+1.3253]  [+0.8824..+1.1938]  [+0.5709..+0.6609]  [-0.4740..+0.4671]  [-0.6678..-0.5709]  [-1.1938..-0.8824]  [-1.3253..-1.3114]
  y=  3.2  [+1.2907..+1.3460]  [+0.8962..+1.1522]  [+0.5986..+0.6955]  [-0.2734..+0.4810]  [-0.4810..-0.4187]  [-0.6955..-0.5986]  [-1.1522..-0.8962]  [-1.3460..-1.2907]
  y=  3.3  [+1.2837..+1.3529]  [+0.9239..+1.1522]  [+0.6401..+0.7232]  [+0.4533..+0.4810]  [-0.2872..+0.3080]  [-0.4810..-0.4256]  [-0.7232..-0.6401]  [-1.1522..-0.9239]  [-1.3529..-1.2907]
  y=  3.4  [+1.2699..+1.3599]  [+0.9585..+1.1730]  [+0.2526..+0.7509]  [-0.3010..+0.1488]  [-0.5156..-0.4325]  [-0.7509..-0.5917]  [-1.1730..-0.9585]  [-1.3599..-1.2699]
  y=  3.5  [+1.3391..+1.3668]  [+1.1522..+1.2699]  [+0.9931..+1.0069]  [-0.0035..+0.7232]  [-0.3287..-0.2249]  [-0.4879..-0.4118]  [-0.7232..-0.6125]  [-1.0138..-0.9931]  [-1.2699..-1.1522]  [-1.3668..-1.3391]
  y=  3.6  [+1.0277..+1.3737]  [+0.0796..+0.7370]  [-0.7370..+0.0104]  [-1.3737..-1.0277]
  y=  3.7  [+1.0623..+1.3875]  [+0.4740..+0.7578]  [+0.0934..+0.3564]  [-0.3495..-0.0035]  [-0.7578..-0.4810]  [-1.3875..-1.0623]
  y=  3.8  [+1.3806..+1.3945]  [+1.2007..+1.2353]  [+1.0692..+1.0830]  [+0.7647..+0.7855]  [+0.5986..+0.6332]  [+0.0934..+0.1211]  [-0.1765..-0.0035]  [-0.6401..-0.5986]  [-0.7855..-0.7647]  [-1.0830..-1.0692]  [-1.2353..-1.2007]  [-1.4014..-1.3806]
  y=  3.9  [+1.0900..+1.4083]  [+0.4948..+0.8062]  [-0.3426..+0.3356]  [-0.6955..-0.4948]  [-0.8062..-0.7716]  [-1.4083..-1.0900]
  y=  4.0  [+1.1038..+1.3806]  [+0.7993..+0.8270]  [+0.6263..+0.7024]  [-0.4810..+0.4810]  [-0.7024..-0.6332]  [-0.8270..-0.7993]  [-1.3806..-1.1038]
  y=  4.1  [+1.0761..+1.3875]  [+0.8339..+0.8478]  [+0.1280..+0.6817]  [-0.6817..-0.0035]  [-0.8478..-0.8339]  [-1.3945..-1.0761]
  y=  4.2  [+1.0761..+1.4083]  [+0.8478..+0.8685]  [+0.1073..+0.7024]  [-0.0104..+0.0104]  [-0.7024..-0.1073]  [-0.8685..-0.8478]  [-1.4083..-1.0761]
  y=  4.3  [+1.3529..+1.4083]  [+1.0554..+1.2561]  [+0.8616..+0.8824]  [-0.7232..+0.7232]  [-0.8824..-0.8616]  [-1.2561..-1.0554]  [-1.4083..-1.3529]
  y=  4.4  [+1.0484..+1.3806]  [+0.8754..+0.8893]  [-0.7370..+0.7301]  [-0.8893..-0.8754]  [-1.3806..-1.0484]
  y=  4.5  [+1.1453..+1.3460]  [+0.8824..+0.8962]  [+0.0588..+0.7439]  [-0.7439..-0.0657]  [-0.8962..-0.8824]  [-1.3460..-1.1453]
  y=  4.6  [+1.1246..+1.2491]  [+0.8824..+0.8962]  [+0.0796..+0.7509]  [-0.7509..-0.0865]  [-0.9031..-0.8824]  [-1.2491..-1.1246]
  y=  4.7  [+0.8824..+0.8962]  [+0.1073..+0.7509]  [-0.7509..-0.1073]  [-0.8962..-0.8824]
  y=  4.8  [+0.8754..+0.8962]  [+0.1349..+0.7509]  [-0.7509..-0.1349]  [-0.8962..-0.8824]
  y=  4.9  [+0.8685..+0.8893]  [+0.1626..+0.7509]  [-0.7509..-0.1626]  [-0.8893..-0.8685]
  y=  5.0  [+0.8616..+0.8754]  [+0.1903..+0.7439]  [-0.7439..-0.1903]  [-0.8754..-0.8616]
  y=  5.1  [+0.2180..+0.8685]  [-0.8685..-0.2249]
  y=  5.2  [+0.7301..+0.8754]  [+0.2388..+0.5363]  [-0.5363..-0.2388]  [-0.8754..-0.7301]
  y=  5.3  [+0.5709..+0.8547]  [+0.2526..+0.4464]  [-0.3287..-0.2526]  [-0.8616..-0.5709]
  y=  5.4  [+0.2664..+0.8616]  [-0.3218..-0.2734]  [-0.8685..-0.4464]
  y=  5.5  [+0.3010..+0.8754]  [-0.8754..-0.3010]
  y=  5.6  [+0.3149..+0.8824]  [-0.8824..-0.3149]
  y=  5.7  [+0.3356..+0.8962]  [-0.8962..-0.3356]
  y=  5.8  [+0.3702..+0.9100]  [-0.9170..-0.3702]
  y=  5.9  [+0.3841..+0.9377]  [-0.9377..-0.3841]
  y=  6.0  [+0.8893..+0.9654]  [+0.3979..+0.6332]  [-0.6332..-0.4048]  [-0.9654..-0.8893]
  y=  6.1  [+0.7232..+0.9862]  [+0.3979..+0.6194]  [-0.6194..-0.3979]  [-0.9862..-0.7232]
  y=  6.2  [+0.3979..+0.9931]  [-0.9931..-0.4048]
  y=  6.3  [+0.4187..+0.9862]  [-0.9931..-0.4187]
  y=  6.4  [+0.4464..+0.9931]  [-1.0000..-0.4464]
  y=  6.5  [+0.4533..+1.0138]  [-1.0138..-0.4533]
  y=  6.6  [+0.4740..+1.0208]  [-1.0277..-0.4740]
  y=  6.7  [+0.4948..+1.0208]  [-1.0277..-0.4948]
  y=  6.8  [+0.5156..+1.0138]  [-1.0138..-0.5225]
  y=  6.9  [+0.5433..+1.0000]  [-1.0069..-0.5433]
  y=  7.0  [+0.5709..+0.9931]  [-0.9931..-0.5709]
  y=  7.1  [+0.5917..+0.9862]  [-0.9862..-0.5986]
  y=  7.2  [+0.5986..+1.0138]  [-1.0138..-0.5986]
  y=  7.3  [+0.5917..+1.0069]  [-1.0138..-0.5986]
  y=  7.4  [+0.9723..+1.0623]  [+0.6125..+0.7647]  [-0.7647..-0.6125]  [-1.0623..-0.9723]
  y=  7.5  [+0.5986..+1.0900]  [-1.0900..-0.5986]
  y=  7.6  [+0.5848..+1.1315]  [-1.1315..-0.5848]
  y=  7.7  [+0.5848..+1.2145]  [-1.2215..-0.5848]
  y=  7.8  [+1.2353..+1.2561]  [+0.6609..+0.9792]  [-0.9862..-0.6609]  [-1.2561..-1.2422]
  y=  7.9  [+0.7509..+1.2768]  [-1.2768..-0.7509]
  y=  8.0  [+0.9308..+1.1038]  [-1.1038..-0.9308]

── STROKES ──
  stroke[  0] ( 66 pts): (+0.7785,7.8331), (+0.7924,7.8487), (+0.8062,7.8613), (+0.8201,7.8711), (+0.8339,7.8754), (+0.8478,7.8794), (+0.8616,7.8853), (+0.8754,7.8883), (+0.8893,7.8916), (+0.9031,7.8959), (+0.9170,7.8962), (+0.9308,7.8962), (+0.9446,7.8962), (+0.9585,7.8962), (+0.9723,7.8962), (+0.9862,7.8962), (+1.0000,7.8962), (+1.0138,7.8962), (+1.0277,7.8962), (+1.0415,7.8962), (+1.0554,7.8962), (+1.0692,7.8962), (+1.0830,7.8959), (+1.0969,7.8916), (+1.1107,7.8886), (+1.1246,7.8899), (+1.1384,7.8870), (+1.1522,7.8827), (+1.1661,7.8830), (+1.1799,7.8800), (+1.1938,7.8764), (+1.2076,7.8731), (+1.2228,7.8679), (+1.2313,7.8662), (+1.2228,7.8679), (+1.2076,7.8731), (+1.1938,7.8764), (+1.1799,7.8800), (+1.1661,7.8830), (+1.1522,7.8827), (+1.1384,7.8870), (+1.1246,7.8899), (+1.1107,7.8886), (+1.0969,7.8916), (+1.0830,7.8959), (+1.0692,7.8962), (+1.0554,7.8962), (+1.0415,7.8962), (+1.0277,7.8962), (+1.0138,7.8962), (+1.0000,7.8962), (+0.9862,7.8962), (+0.9723,7.8962), (+0.9585,7.8962), (+0.9446,7.8962), (+0.9308,7.8962), (+0.9170,7.8962), (+0.9031,7.8959), (+0.8893,7.8916), (+0.8754,7.8883), (+0.8616,7.8853), (+0.8478,7.8794), (+0.8339,7.8754), (+0.8201,7.8711), (+0.8062,7.8613), (+0.7924,7.8482)
  stroke[  1] ( 13 pts): (+0.7023,7.7301), (+0.7163,7.7439), (+0.7252,7.7578), (+0.7318,7.7723), (+0.7318,7.7723), (+0.7252,7.7578), (+0.7159,7.7433), (+0.7018,7.7318), (+0.6906,7.7360), (+0.6879,7.7522), (+0.6886,7.7608), (+0.6879,7.7522), (+0.6911,7.7380)
  stroke[  2] (  9 pts): (+1.1176,7.7163), (+1.1038,7.7163), (+1.0900,7.7163), (+1.0761,7.7163), (+1.0616,7.7163), (+1.0616,7.7163), (+1.0761,7.7163), (+1.0900,7.7163), (+1.1038,7.7163)
  stroke[  3] ( 21 pts): (+0.8962,7.6874), (+0.9100,7.7039), (+0.9239,7.7136), (+0.9377,7.7192), (+0.9516,7.7229), (+0.9654,7.7232), (+0.9792,7.7232), (+0.9931,7.7232), (+1.0069,7.7232), (+1.0208,7.7232), (+1.0353,7.7232), (+1.0353,7.7232), (+1.0208,7.7232), (+1.0069,7.7232), (+0.9931,7.7232), (+0.9792,7.7232), (+0.9654,7.7232), (+0.9516,7.7229), (+0.9377,7.7192), (+0.9239,7.7136), (+0.9100,7.7029)
  stroke[  4] (  5 pts): (+1.0224,7.6471), (+1.0049,7.6471), (+0.9924,7.6471), (+0.9924,7.6471), (+1.0049,7.6471)
  stroke[  5] ( 27 pts): (+0.6263,7.6260), (+0.6401,7.6406), (+0.6540,7.6517), (+0.6678,7.6612), (+0.6817,7.6744), (+0.6955,7.6840), (+0.7100,7.6948), (+0.7209,7.7093), (+0.7301,7.7232), (+0.7390,7.7370), (+0.7459,7.7509), (+0.7509,7.7647), (+0.7548,7.7785), (+0.7604,7.7930), (+0.7604,7.7930), (+0.7548,7.7785), (+0.7509,7.7647), (+0.7459,7.7509), (+0.7390,7.7370), (+0.7301,7.7232), (+0.7209,7.7093), (+0.7100,7.6948), (+0.6955,7.6840), (+0.6817,7.6744), (+0.6678,7.6612), (+0.6540,7.6517), (+0.6401,7.6401)
  stroke[  6] (193 pts): (+0.6471,7.4533), (+0.6510,7.4671), (+0.6550,7.4810), (+0.6586,7.4948), (+0.6619,7.5087), (+0.6655,7.5225), (+0.6685,7.5363), (+0.6681,7.5502), (+0.6724,7.5640), (+0.6754,7.5779), (+0.6751,7.5917), (+0.6794,7.6055), (+0.6823,7.6194), (+0.6813,7.6339), (+0.6883,7.6448), (+0.7024,7.6556), (+0.7159,7.6639), (+0.7258,7.6553), (+0.7301,7.6401), (+0.7344,7.6263), (+0.7443,7.6118), (+0.7578,7.5999), (+0.7716,7.5996), (+0.7855,7.6082), (+0.7993,7.6101), (+0.8131,7.5993), (+0.8273,7.5848), (+0.8342,7.5703), (+0.8342,7.5703), (+0.8273,7.5848), (+0.8131,7.5993), (+0.7993,7.6101), (+0.7855,7.6082), (+0.7716,7.5996), (+0.7578,7.5999), (+0.7443,7.6118), (+0.7344,7.6263), (+0.7301,7.6401), (+0.7248,7.6540), (+0.7252,7.6685), (+0.7350,7.6678), (+0.7347,7.6672), (+0.7331,7.6817), (+0.7416,7.6955), (+0.7495,7.7093), (+0.7565,7.7232), (+0.7624,7.7370), (+0.7677,7.7509), (+0.7716,7.7647), (+0.7759,7.7785), (+0.7865,7.7930), (+0.7973,7.7930), (+0.8003,7.7785), (+0.8039,7.7647), (+0.8072,7.7509), (+0.8112,7.7370), (+0.8181,7.7232), (+0.8273,7.7093), (+0.8408,7.6955), (+0.8547,7.6817), (+0.8685,7.6681), (+0.8824,7.6583), (+0.8962,7.6540), (+0.9100,7.6500), (+0.9239,7.6441), (+0.9377,7.6401), (+0.9516,7.6355), (+0.9654,7.6326), (+0.9792,7.6329), (+0.9931,7.6286), (+1.0069,7.6256), (+1.0208,7.6263), (+1.0346,7.6263), (+1.0491,7.6263), (+1.0491,7.6263), (+1.0346,7.6263), (+1.0208,7.6263), (+1.0069,7.6256), (+0.9931,7.6286), (+0.9792,7.6329), (+0.9654,7.6326), (+0.9516,7.6355), (+0.9377,7.6401), (+0.9239,7.6441), (+0.9100,7.6500), (+0.8962,7.6540), (+0.8824,7.6583), (+0.8685,7.6681), (+0.8547,7.6817), (+0.8408,7.6955), (+0.8273,7.7093), (+0.8181,7.7232), (+0.8112,7.7370), (+0.8072,7.7509), (+0.8039,7.7647), (+0.8003,7.7785), (+0.7963,7.7924), (+0.7947,7.8062), (+0.8056,7.8201), (+0.8201,7.8336), (+0.8339,7.8428), (+0.8478,7.8497), (+0.8616,7.8547), (+0.8754,7.8593), (+0.8893,7.8623), (+0.9031,7.8619), (+0.9170,7.8662), (+0.9308,7.8692), (+0.9446,7.8685), (+0.9585,7.8685), (+0.9723,7.8685), (+0.9862,7.8685), (+1.0000,7.8685), (+1.0138,7.8685), (+1.0277,7.8685), (+1.0415,7.8692), (+1.0554,7.8662), (+1.0692,7.8619), (+1.0830,7.8616), (+1.0969,7.8616), (+1.1107,7.8613), (+1.1246,7.8570), (+1.1384,7.8540), (+1.1522,7.8543), (+1.1661,7.8501), (+1.1799,7.8478), (+1.1938,7.8454), (+1.2089,7.8402), (+1.2175,7.8385), (+1.2089,7.8402), (+1.1938,7.8454), (+1.1799,7.8478), (+1.1661,7.8501), (+1.1522,7.8543), (+1.1384,7.8540), (+1.1246,7.8570), (+1.1107,7.8613), (+1.0969,7.8616), (+1.0830,7.8616), (+1.0692,7.8619), (+1.0554,7.8662), (+1.0415,7.8692), (+1.0277,7.8685), (+1.0138,7.8685), (+1.0000,7.8685), (+0.9862,7.8685), (+0.9723,7.8685), (+0.9585,7.8685), (+0.9446,7.8685), (+0.9308,7.8692), (+0.9170,7.8662), (+0.9031,7.8619), (+0.8893,7.8623), (+0.8754,7.8593), (+0.8616,7.8547), (+0.8478,7.8497), (+0.8339,7.8428), (+0.8201,7.8336), (+0.8056,7.8201), (+0.7947,7.8062), (+0.7855,7.7924), (+0.7759,7.7785), (+0.7716,7.7647), (+0.7677,7.7509), (+0.7624,7.7370), (+0.7565,7.7232), (+0.7495,7.7093), (+0.7416,7.6955), (+0.7331,7.6810), (+0.7229,7.6701), (+0.7093,7.6599), (+0.6955,7.6494), (+0.6817,7.6398), (+0.6678,7.6266), (+0.6540,7.6171), (+0.6388,7.6059), (+0.6303,7.5980), (+0.6388,7.6059), (+0.6540,7.6171), (+0.6685,7.6273), (+0.6797,7.6270), (+0.6820,7.6125), (+0.6770,7.5986), (+0.6741,7.5848), (+0.6744,7.5709), (+0.6701,7.5571), (+0.6672,7.5433), (+0.6675,7.5294), (+0.6632,7.5156), (+0.6599,7.5017), (+0.6563,7.4879), (+0.6530,7.4740), (+0.6490,7.4602)
  stroke[  7] ( 28 pts): (+0.9723,7.4516), (+0.9585,7.4469), (+0.9446,7.4464), (+0.9308,7.4467), (+0.9170,7.4510), (+0.9031,7.4533), (+0.8893,7.4556), (+0.8754,7.4592), (+0.8616,7.4619), (+0.8471,7.4688), (+0.8352,7.4803), (+0.8349,7.4948), (+0.8425,7.5087), (+0.8540,7.5110), (+0.8685,7.5030), (+0.8824,7.4965), (+0.8962,7.4938), (+0.9100,7.4902), (+0.9239,7.4872), (+0.9377,7.4879), (+0.9516,7.4879), (+0.9654,7.4879), (+0.9792,7.4879), (+0.9937,7.4882), (+1.0056,7.4813), (+1.0056,7.4665), (+0.9946,7.4558), (+0.9781,7.4525)
  stroke[  8] (  9 pts): (+0.9862,7.4045), (+1.0000,7.4192), (+1.0138,7.4302), (+1.0290,7.4411), (+1.0376,7.4493), (+1.0290,7.4411), (+1.0138,7.4299), (+1.0000,7.4263), (+0.9862,7.4182)
  stroke[  9] (  5 pts): (+0.6766,7.3478), (+0.6713,7.3653), (+0.6662,7.3778), (+0.6662,7.3778), (+0.6718,7.3653)
  stroke[ 10] (  5 pts): (+0.7426,7.3202), (+0.7469,7.3376), (+0.7505,7.3501), (+0.7505,7.3501), (+0.7464,7.3376)
  stroke[ 11] ( 32 pts): (+0.9516,7.2994), (+0.9377,7.2946), (+0.9239,7.2941), (+0.9100,7.2941), (+0.8962,7.2941), (+0.8824,7.2944), (+0.8685,7.2987), (+0.8547,7.3017), (+0.8408,7.3004), (+0.8270,7.3033), (+0.8131,7.3080), (+0.7993,7.3119), (+0.7855,7.3172), (+0.7706,7.3234), (+0.7667,7.3350), (+0.7710,7.3495), (+0.7782,7.3637), (+0.7924,7.3712), (+0.8062,7.3686), (+0.8201,7.3613), (+0.8339,7.3564), (+0.8478,7.3518), (+0.8616,7.3485), (+0.8754,7.3449), (+0.8893,7.3419), (+0.9031,7.3426), (+0.9170,7.3426), (+0.9308,7.3426), (+0.9453,7.3429), (+0.9565,7.3360), (+0.9595,7.3228), (+0.9521,7.3071)
  stroke[ 12] (  6 pts): (+0.6817,7.2803), (+0.6817,7.2941), (+0.6817,7.3093), (+0.6817,7.3178), (+0.6817,7.3093), (+0.6817,7.2951)
  stroke[ 13] ( 35 pts): (+0.9446,7.2358), (+0.9308,7.2353), (+0.9170,7.2384), (+0.9031,7.2388), (+0.8893,7.2381), (+0.8754,7.2411), (+0.8616,7.2453), (+0.8478,7.2457), (+0.8339,7.2460), (+0.8201,7.2503), (+0.8062,7.2533), (+0.7924,7.2526), (+0.7785,7.2526), (+0.7640,7.2523), (+0.7522,7.2592), (+0.7525,7.2734), (+0.7575,7.2872), (+0.7575,7.3010), (+0.7644,7.3159), (+0.7785,7.3198), (+0.7924,7.3149), (+0.8062,7.3109), (+0.8201,7.3050), (+0.8339,7.3014), (+0.8478,7.3010), (+0.8616,7.3007), (+0.8754,7.2964), (+0.8893,7.2935), (+0.9031,7.2941), (+0.9170,7.2941), (+0.9308,7.2948), (+0.9446,7.2921), (+0.9473,7.2809), (+0.9440,7.2664), (+0.9441,7.2526)
  stroke[ 14] (  5 pts): (+0.7301,7.2233), (+0.7301,7.2407), (+0.7301,7.2533), (+0.7301,7.2533), (+0.7301,7.2407)
  stroke[ 15] (  6 pts): (+0.9585,7.2042), (+0.9585,7.2180), (+0.9585,7.2332), (+0.9585,7.2417), (+0.9585,7.2332), (+0.9585,7.2190)
  stroke[ 16] (  5 pts): (+0.6672,7.1801), (+0.6565,7.1844), (+0.6576,7.1986), (+0.6685,7.2071), (+0.6742,7.1992)
  stroke[ 17] ( 35 pts): (+0.9377,7.1743), (+0.9239,7.1745), (+0.9100,7.1794), (+0.8962,7.1824), (+0.8824,7.1857), (+0.8685,7.1900), (+0.8547,7.1903), (+0.8408,7.1897), (+0.8270,7.1926), (+0.8131,7.1969), (+0.7993,7.1972), (+0.7855,7.1969), (+0.7716,7.1926), (+0.7571,7.1893), (+0.7459,7.1969), (+0.7436,7.2111), (+0.7486,7.2249), (+0.7512,7.2394), (+0.7575,7.2506), (+0.7716,7.2533), (+0.7855,7.2526), (+0.7993,7.2526), (+0.8131,7.2523), (+0.8270,7.2480), (+0.8408,7.2450), (+0.8547,7.2463), (+0.8685,7.2434), (+0.8824,7.2391), (+0.8962,7.2388), (+0.9100,7.2394), (+0.9245,7.2368), (+0.9357,7.2256), (+0.9384,7.2111), (+0.9377,7.1972), (+0.9377,7.1834)
  stroke[ 18] ( 39 pts): (+0.6467,7.1626), (+0.6614,7.1765), (+0.6731,7.1903), (+0.6794,7.2042), (+0.6846,7.2180), (+0.6883,7.2318), (+0.6889,7.2457), (+0.6932,7.2595), (+0.6962,7.2734), (+0.6955,7.2872), (+0.6955,7.3010), (+0.6955,7.3149), (+0.6955,7.3287), (+0.6952,7.3426), (+0.6915,7.3564), (+0.6863,7.3702), (+0.6800,7.3841), (+0.6672,7.3983), (+0.6579,7.4055), (+0.6672,7.3983), (+0.6800,7.3841), (+0.6863,7.3702), (+0.6915,7.3564), (+0.6952,7.3426), (+0.6955,7.3287), (+0.6955,7.3149), (+0.6955,7.3010), (+0.6955,7.2872), (+0.6962,7.2734), (+0.6932,7.2595), (+0.6889,7.2457), (+0.6883,7.2318), (+0.6843,7.2167), (+0.6741,7.2081), (+0.6675,7.2173), (+0.6675,7.2187), (+0.6629,7.2042), (+0.6546,7.1903), (+0.6515,7.1765)
  stroke[ 19] ( 34 pts): (+0.9377,7.1190), (+0.9239,7.1167), (+0.9100,7.1211), (+0.8962,7.1257), (+0.8824,7.1290), (+0.8685,7.1326), (+0.8547,7.1356), (+0.8408,7.1349), (+0.8270,7.1349), (+0.8131,7.1349), (+0.7993,7.1349), (+0.7855,7.1349), (+0.7716,7.1349), (+0.7571,7.1346), (+0.7459,7.1415), (+0.7433,7.1557), (+0.7433,7.1696), (+0.7459,7.1837), (+0.7571,7.1900), (+0.7716,7.1926), (+0.7855,7.1969), (+0.7993,7.1972), (+0.8131,7.1969), (+0.8270,7.1926), (+0.8408,7.1897), (+0.8547,7.1903), (+0.8685,7.1900), (+0.8824,7.1857), (+0.8962,7.1824), (+0.9100,7.1794), (+0.9245,7.1738), (+0.9357,7.1633), (+0.9384,7.1488), (+0.9382,7.1349)
  stroke[ 20] ( 12 pts): (+0.8754,7.1081), (+0.8616,7.1063), (+0.8478,7.1076), (+0.8339,7.1119), (+0.8201,7.1148), (+0.8049,7.1142), (+0.7963,7.1142), (+0.8049,7.1142), (+0.8201,7.1148), (+0.8339,7.1119), (+0.8478,7.1076), (+0.8616,7.1068)
  stroke[ 21] ( 17 pts): (+0.6677,7.0934), (+0.6693,7.1073), (+0.6764,7.1211), (+0.6879,7.1356), (+0.7024,7.1465), (+0.7166,7.1560), (+0.7235,7.1696), (+0.7232,7.1834), (+0.7232,7.1979), (+0.7232,7.1979), (+0.7232,7.1834), (+0.7235,7.1696), (+0.7166,7.1560), (+0.7024,7.1465), (+0.6879,7.1356), (+0.6764,7.1211), (+0.6693,7.1073)
  stroke[ 22] (  8 pts): (+0.9446,7.0802), (+0.9308,7.0885), (+0.9170,7.0954), (+0.9018,7.1000), (+0.8932,7.1003), (+0.9018,7.1000), (+0.9170,7.0954), (+0.9308,7.0890)
  stroke[ 23] (  8 pts): (+0.7095,7.0450), (+0.7093,7.0588), (+0.7136,7.0727), (+0.7248,7.0878), (+0.7331,7.0964), (+0.7248,7.0878), (+0.7136,7.0727), (+0.7093,7.0588)
  stroke[ 24] ( 12 pts): (+0.6810,6.9135), (+0.6826,6.9273), (+0.6863,6.9412), (+0.6886,6.9550), (+0.6909,6.9689), (+0.6952,6.9840), (+0.6955,6.9926), (+0.6952,6.9840), (+0.6909,6.9689), (+0.6886,6.9550), (+0.6863,6.9412), (+0.6826,6.9273)
  stroke[ 25] ( 33 pts): (+0.6118,6.8512), (+0.6134,6.8651), (+0.6171,6.8789), (+0.6204,6.8927), (+0.6240,6.9066), (+0.6263,6.9204), (+0.6286,6.9343), (+0.6322,6.9481), (+0.6355,6.9619), (+0.6398,6.9758), (+0.6405,6.9896), (+0.6448,7.0035), (+0.6480,7.0173), (+0.6517,7.0311), (+0.6550,7.0450), (+0.6586,7.0588), (+0.6616,7.0733), (+0.6616,7.0733), (+0.6586,7.0588), (+0.6550,7.0450), (+0.6517,7.0311), (+0.6480,7.0173), (+0.6448,7.0035), (+0.6405,6.9896), (+0.6398,6.9758), (+0.6355,6.9619), (+0.6322,6.9481), (+0.6286,6.9343), (+0.6263,6.9204), (+0.6240,6.9066), (+0.6204,6.8927), (+0.6171,6.8789), (+0.6134,6.8651)
  stroke[ 26] ( 17 pts): (+0.6533,6.7820), (+0.6550,6.7958), (+0.6586,6.8097), (+0.6609,6.8235), (+0.6632,6.8374), (+0.6675,6.8512), (+0.6681,6.8651), (+0.6724,6.8789), (+0.6754,6.8934), (+0.6754,6.8934), (+0.6724,6.8789), (+0.6681,6.8651), (+0.6675,6.8512), (+0.6632,6.8374), (+0.6609,6.8235), (+0.6586,6.8097), (+0.6550,6.7958)
  stroke[ 27] ( 17 pts): (+0.5841,6.7197), (+0.5858,6.7336), (+0.5894,6.7474), (+0.5924,6.7612), (+0.5920,6.7751), (+0.5963,6.7889), (+0.5996,6.8028), (+0.6032,6.8166), (+0.6062,6.8311), (+0.6062,6.8311), (+0.6032,6.8166), (+0.5996,6.8028), (+0.5963,6.7889), (+0.5920,6.7751), (+0.5924,6.7612), (+0.5894,6.7474), (+0.5858,6.7336)
  stroke[ 28] ( 50 pts): (+0.9585,6.6586), (+0.9446,6.6658), (+0.9308,6.6713), (+0.9170,6.6752), (+0.9031,6.6812), (+0.8893,6.6851), (+0.8754,6.6897), (+0.8616,6.6920), (+0.8478,6.6943), (+0.8339,6.6986), (+0.8201,6.6990), (+0.8062,6.6990), (+0.7924,6.6990), (+0.7785,6.6990), (+0.7647,6.6990), (+0.7509,6.6990), (+0.7370,6.6990), (+0.7232,6.6990), (+0.7093,6.6990), (+0.6955,6.6990), (+0.6817,6.6986), (+0.6678,6.7056), (+0.6536,6.7197), (+0.6467,6.7336), (+0.6471,6.7487), (+0.6471,6.7573), (+0.6471,6.7487), (+0.6467,6.7336), (+0.6536,6.7197), (+0.6678,6.7056), (+0.6817,6.6986), (+0.6955,6.6990), (+0.7093,6.6990), (+0.7232,6.6990), (+0.7370,6.6990), (+0.7509,6.6990), (+0.7647,6.6990), (+0.7785,6.6990), (+0.7924,6.6990), (+0.8062,6.6990), (+0.8201,6.6990), (+0.8339,6.6986), (+0.8478,6.6943), (+0.8616,6.6920), (+0.8754,6.6897), (+0.8893,6.6851), (+0.9031,6.6812), (+0.9170,6.6752), (+0.9308,6.6713), (+0.9446,6.6663)
  stroke[ 29] ( 12 pts): (+0.5502,6.4851), (+0.5640,6.4933), (+0.5779,6.4996), (+0.5917,6.5065), (+0.6055,6.5134), (+0.6207,6.5220), (+0.6293,6.5276), (+0.6207,6.5220), (+0.6055,6.5134), (+0.5917,6.5065), (+0.5779,6.4996), (+0.5640,6.4933)
  stroke[ 30] ( 17 pts): (+0.9446,6.4498), (+0.9308,6.4637), (+0.9170,6.4782), (+0.9031,6.4890), (+0.8893,6.4993), (+0.8754,6.5098), (+0.8616,6.5190), (+0.8478,6.5289), (+0.8333,6.5378), (+0.8333,6.5378), (+0.8478,6.5289), (+0.8616,6.5190), (+0.8754,6.5098), (+0.8893,6.4993), (+0.9031,6.4890), (+0.9170,6.4782), (+0.9308,6.4642)
  stroke[ 31] ( 22 pts): (+0.6125,6.4365), (+0.6263,6.4454), (+0.6401,6.4544), (+0.6540,6.4623), (+0.6678,6.4693), (+0.6817,6.4762), (+0.6955,6.4831), (+0.7093,6.4897), (+0.7232,6.4923), (+0.7370,6.4960), (+0.7522,6.4989), (+0.7608,6.4983), (+0.7522,6.4989), (+0.7370,6.4960), (+0.7232,6.4923), (+0.7093,6.4897), (+0.6955,6.4831), (+0.6817,6.4762), (+0.6678,6.4693), (+0.6540,6.4623), (+0.6401,6.4544), (+0.6263,6.4459)
  stroke[ 32] ( 22 pts): (+0.5848,6.0766), (+0.5986,6.0855), (+0.6125,6.0939), (+0.6263,6.1038), (+0.6401,6.1127), (+0.6540,6.1190), (+0.6678,6.1259), (+0.6817,6.1328), (+0.6955,6.1404), (+0.7093,6.1453), (+0.7245,6.1499), (+0.7331,6.1536), (+0.7245,6.1499), (+0.7093,6.1453), (+0.6955,6.1404), (+0.6817,6.1328), (+0.6678,6.1259), (+0.6540,6.1190), (+0.6401,6.1127), (+0.6263,6.1038), (+0.6125,6.0939), (+0.5986,6.0855)
  stroke[ 33] ( 21 pts): (+0.8824,6.0084), (+0.8685,6.0148), (+0.8547,6.0231), (+0.8408,6.0313), (+0.8270,6.0369), (+0.8131,6.0428), (+0.7993,6.0504), (+0.7855,6.0554), (+0.7716,6.0593), (+0.7578,6.0652), (+0.7433,6.0689), (+0.7433,6.0689), (+0.7578,6.0652), (+0.7716,6.0593), (+0.7855,6.0554), (+0.7993,6.0504), (+0.8131,6.0428), (+0.8270,6.0369), (+0.8408,6.0313), (+0.8547,6.0231), (+0.8685,6.0158)
  stroke[ 34] ( 14 pts): (+0.4948,5.9946), (+0.5087,6.0010), (+0.5225,6.0092), (+0.5363,6.0185), (+0.5502,6.0264), (+0.5640,6.0333), (+0.5792,6.0409), (+0.5877,6.0451), (+0.5792,6.0409), (+0.5640,6.0333), (+0.5502,6.0264), (+0.5363,6.0185), (+0.5225,6.0092), (+0.5087,6.0020)
  stroke[ 35] (  5 pts): (+0.7110,5.9792), (+0.6935,5.9792), (+0.6810,5.9792), (+0.6810,5.9792), (+0.6935,5.9792)
  stroke[ 36] ( 25 pts): (+0.8833,5.8547), (+0.8759,5.8685), (+0.8662,5.8824), (+0.8553,5.8962), (+0.8408,5.9100), (+0.8270,5.9245), (+0.8131,5.9361), (+0.7993,5.9433), (+0.7855,5.9502), (+0.7716,5.9572), (+0.7578,5.9631), (+0.7439,5.9684), (+0.7294,5.9720), (+0.7294,5.9720), (+0.7439,5.9684), (+0.7578,5.9631), (+0.7716,5.9572), (+0.7855,5.9502), (+0.7993,5.9433), (+0.8131,5.9361), (+0.8270,5.9245), (+0.8408,5.9100), (+0.8553,5.8962), (+0.8662,5.8824), (+0.8764,5.8685)
  stroke[ 37] (101 pts): (+0.4398,5.5917), (+0.4390,5.6055), (+0.4418,5.6194), (+0.4464,5.6332), (+0.4503,5.6471), (+0.4563,5.6609), (+0.4602,5.6747), (+0.4652,5.6886), (+0.4727,5.7024), (+0.4790,5.7163), (+0.4879,5.7301), (+0.4968,5.7439), (+0.5030,5.7578), (+0.5110,5.7716), (+0.5195,5.7855), (+0.5294,5.7993), (+0.5386,5.8131), (+0.5492,5.8270), (+0.5594,5.8408), (+0.5703,5.8547), (+0.5848,5.8685), (+0.5986,5.8820), (+0.6125,5.8919), (+0.6263,5.8959), (+0.6401,5.8962), (+0.6540,5.8962), (+0.6678,5.8962), (+0.6817,5.8959), (+0.6955,5.8916), (+0.7093,5.8883), (+0.7232,5.8847), (+0.7370,5.8814), (+0.7509,5.8781), (+0.7647,5.8685), (+0.7785,5.8593), (+0.7921,5.8484), (+0.8019,5.8339), (+0.8062,5.8201), (+0.8102,5.8062), (+0.8161,5.7924), (+0.8201,5.7785), (+0.8247,5.7647), (+0.8280,5.7509), (+0.8316,5.7370), (+0.8339,5.7232), (+0.8362,5.7093), (+0.8405,5.6955), (+0.8412,5.6817), (+0.8454,5.6678), (+0.8484,5.6540), (+0.8478,5.6395), (+0.8478,5.6395), (+0.8484,5.6540), (+0.8454,5.6678), (+0.8412,5.6817), (+0.8405,5.6955), (+0.8362,5.7093), (+0.8339,5.7232), (+0.8316,5.7370), (+0.8280,5.7509), (+0.8247,5.7647), (+0.8201,5.7785), (+0.8161,5.7924), (+0.8102,5.8062), (+0.8062,5.8201), (+0.8019,5.8339), (+0.7921,5.8484), (+0.7785,5.8593), (+0.7647,5.8685), (+0.7509,5.8781), (+0.7370,5.8814), (+0.7232,5.8847), (+0.7093,5.8883), (+0.6955,5.8916), (+0.6817,5.8959), (+0.6678,5.8962), (+0.6540,5.8962), (+0.6401,5.8962), (+0.6263,5.8959), (+0.6125,5.8919), (+0.5986,5.8820), (+0.5848,5.8685), (+0.5703,5.8547), (+0.5594,5.8408), (+0.5492,5.8270), (+0.5386,5.8131), (+0.5294,5.7993), (+0.5195,5.7855), (+0.5110,5.7716), (+0.5030,5.7578), (+0.4968,5.7439), (+0.4879,5.7301), (+0.4790,5.7163), (+0.4727,5.7024), (+0.4652,5.6886), (+0.4602,5.6747), (+0.4563,5.6609), (+0.4503,5.6471), (+0.4464,5.6332), (+0.4418,5.6194), (+0.4394,5.6055)
  stroke[ 38] (  7 pts): (+0.4325,5.5294), (+0.4325,5.5433), (+0.4325,5.5571), (+0.4325,5.5716), (+0.4325,5.5716), (+0.4325,5.5571), (+0.4325,5.5433)
  stroke[ 39] (  8 pts): (+0.5017,5.5087), (+0.5116,5.5225), (+0.5215,5.5363), (+0.5330,5.5515), (+0.5380,5.5601), (+0.5330,5.5515), (+0.5215,5.5363), (+0.5116,5.5225)
  stroke[ 40] (  7 pts): (+0.7998,5.4671), (+0.7973,5.4810), (+0.7924,5.4948), (+0.7871,5.5093), (+0.7871,5.5093), (+0.7924,5.4948), (+0.7973,5.4810)
  stroke[ 41] ( 67 pts): (+0.7439,5.3510), (+0.7578,5.3574), (+0.7716,5.3650), (+0.7855,5.3765), (+0.8000,5.3910), (+0.8108,5.4048), (+0.8207,5.4200), (+0.8276,5.4286), (+0.8207,5.4200), (+0.8108,5.4048), (+0.8000,5.3910), (+0.7855,5.3765), (+0.7716,5.3650), (+0.7578,5.3577), (+0.7439,5.3511), (+0.7301,5.3488), (+0.7163,5.3495), (+0.7024,5.3495), (+0.6886,5.3498), (+0.6747,5.3541), (+0.6609,5.3571), (+0.6471,5.3567), (+0.6332,5.3610), (+0.6194,5.3633), (+0.6055,5.3656), (+0.5917,5.3699), (+0.5779,5.3706), (+0.5640,5.3749), (+0.5502,5.3782), (+0.5363,5.3818), (+0.5225,5.3851), (+0.5087,5.3884), (+0.4948,5.3983), (+0.4813,5.4118), (+0.4711,5.4256), (+0.4625,5.4394), (+0.4556,5.4533), (+0.4503,5.4671), (+0.4464,5.4810), (+0.4418,5.4948), (+0.4388,5.5093), (+0.4388,5.5093), (+0.4418,5.4948), (+0.4464,5.4810), (+0.4503,5.4671), (+0.4556,5.4533), (+0.4625,5.4394), (+0.4711,5.4256), (+0.4813,5.4118), (+0.4948,5.3983), (+0.5087,5.3884), (+0.5225,5.3851), (+0.5363,5.3818), (+0.5502,5.3782), (+0.5640,5.3749), (+0.5779,5.3706), (+0.5917,5.3699), (+0.6055,5.3656), (+0.6194,5.3633), (+0.6332,5.3610), (+0.6471,5.3567), (+0.6609,5.3571), (+0.6747,5.3541), (+0.6886,5.3498), (+0.7024,5.3495), (+0.7163,5.3495), (+0.7301,5.3495)
  stroke[ 42] (185 pts): (+0.7439,5.3154), (+0.7578,5.3243), (+0.7716,5.3327), (+0.7855,5.3429), (+0.7993,5.3564), (+0.8135,5.3702), (+0.8204,5.3847), (+0.8204,5.3847), (+0.8135,5.3702), (+0.7993,5.3564), (+0.7855,5.3429), (+0.7716,5.3327), (+0.7578,5.3241), (+0.7439,5.3165), (+0.7301,5.3142), (+0.7163,5.3149), (+0.7024,5.3152), (+0.6886,5.3195), (+0.6747,5.3225), (+0.6609,5.3211), (+0.6471,5.3241), (+0.6332,5.3284), (+0.6194,5.3281), (+0.6055,5.3310), (+0.5917,5.3347), (+0.5779,5.3379), (+0.5640,5.3416), (+0.5502,5.3449), (+0.5363,5.3485), (+0.5225,5.3518), (+0.5087,5.3564), (+0.4948,5.3607), (+0.4810,5.3706), (+0.4665,5.3841), (+0.4549,5.3979), (+0.4477,5.4118), (+0.4408,5.4256), (+0.4338,5.4394), (+0.4279,5.4533), (+0.4226,5.4671), (+0.4197,5.4810), (+0.4164,5.4948), (+0.4121,5.5087), (+0.4118,5.5225), (+0.4118,5.5363), (+0.4118,5.5502), (+0.4118,5.5640), (+0.4118,5.5779), (+0.4121,5.5917), (+0.4164,5.6055), (+0.4187,5.6194), (+0.4210,5.6332), (+0.4256,5.6471), (+0.4296,5.6609), (+0.4355,5.6747), (+0.4394,5.6886), (+0.4444,5.7024), (+0.4520,5.7163), (+0.4589,5.7301), (+0.4652,5.7439), (+0.4740,5.7578), (+0.4829,5.7716), (+0.4902,5.7855), (+0.4988,5.7993), (+0.5087,5.8131), (+0.5179,5.8270), (+0.5284,5.8408), (+0.5386,5.8547), (+0.5492,5.8685), (+0.5594,5.8824), (+0.5703,5.8969), (+0.5848,5.9084), (+0.5986,5.9153), (+0.6125,5.9170), (+0.6263,5.9193), (+0.6401,5.9235), (+0.6540,5.9245), (+0.6678,5.9216), (+0.6817,5.9173), (+0.6955,5.9170), (+0.7093,5.9166), (+0.7232,5.9123), (+0.7370,5.9090), (+0.7509,5.9061), (+0.7647,5.9008), (+0.7785,5.8945), (+0.7924,5.8830), (+0.8069,5.8685), (+0.8184,5.8547), (+0.8247,5.8408), (+0.8300,5.8270), (+0.8339,5.8131), (+0.8379,5.7993), (+0.8438,5.7855), (+0.8468,5.7716), (+0.8501,5.7578), (+0.8543,5.7439), (+0.8547,5.7301), (+0.8547,5.7149), (+0.8547,5.7064), (+0.8547,5.7149), (+0.8547,5.7301), (+0.8543,5.7439), (+0.8501,5.7578), (+0.8468,5.7716), (+0.8438,5.7855), (+0.8379,5.7993), (+0.8339,5.8131), (+0.8300,5.8270), (+0.8247,5.8408), (+0.8184,5.8547), (+0.8069,5.8685), (+0.7924,5.8830), (+0.7785,5.8945), (+0.7647,5.9008), (+0.7509,5.9061), (+0.7370,5.9090), (+0.7232,5.9123), (+0.7093,5.9166), (+0.6955,5.9170), (+0.6817,5.9173), (+0.6678,5.9216), (+0.6540,5.9245), (+0.6401,5.9235), (+0.6263,5.9193), (+0.6125,5.9170), (+0.5986,5.9153), (+0.5848,5.9084), (+0.5703,5.8969), (+0.5594,5.8824), (+0.5492,5.8685), (+0.5386,5.8547), (+0.5284,5.8408), (+0.5179,5.8270), (+0.5087,5.8131), (+0.4988,5.7993), (+0.4902,5.7855), (+0.4829,5.7716), (+0.4740,5.7578), (+0.4652,5.7439), (+0.4589,5.7301), (+0.4520,5.7163), (+0.4444,5.7024), (+0.4394,5.6886), (+0.4355,5.6747), (+0.4296,5.6609), (+0.4256,5.6471), (+0.4210,5.6332), (+0.4187,5.6194), (+0.4164,5.6055), (+0.4121,5.5917), (+0.4118,5.5779), (+0.4118,5.5640), (+0.4118,5.5502), (+0.4118,5.5363), (+0.4118,5.5225), (+0.4121,5.5087), (+0.4164,5.4948), (+0.4197,5.4810), (+0.4226,5.4671), (+0.4279,5.4533), (+0.4338,5.4394), (+0.4408,5.4256), (+0.4477,5.4118), (+0.4549,5.3979), (+0.4665,5.3841), (+0.4810,5.3706), (+0.4948,5.3607), (+0.5087,5.3564), (+0.5225,5.3518), (+0.5363,5.3485), (+0.5502,5.3449), (+0.5640,5.3416), (+0.5779,5.3379), (+0.5917,5.3347), (+0.6055,5.3310), (+0.6194,5.3281), (+0.6332,5.3284), (+0.6471,5.3241), (+0.6609,5.3211), (+0.6747,5.3225), (+0.6886,5.3195), (+0.7024,5.3152), (+0.7163,5.3149), (+0.7301,5.3149)
  stroke[ 43] ( 33 pts): (+0.7370,5.2803), (+0.7232,5.2803), (+0.7093,5.2803), (+0.6955,5.2803), (+0.6817,5.2796), (+0.6678,5.2826), (+0.6540,5.2869), (+0.6401,5.2872), (+0.6263,5.2875), (+0.6125,5.2918), (+0.5986,5.2941), (+0.5848,5.2964), (+0.5709,5.3000), (+0.5571,5.3033), (+0.5433,5.3070), (+0.5294,5.3103), (+0.5149,5.3145), (+0.5149,5.3145), (+0.5294,5.3103), (+0.5433,5.3070), (+0.5571,5.3033), (+0.5709,5.3000), (+0.5848,5.2964), (+0.5986,5.2941), (+0.6125,5.2918), (+0.6263,5.2875), (+0.6401,5.2872), (+0.6540,5.2869), (+0.6678,5.2826), (+0.6817,5.2796), (+0.6955,5.2803), (+0.7093,5.2803), (+0.7232,5.2803)
  stroke[ 44] (  5 pts): (+0.6349,5.1488), (+0.6174,5.1488), (+0.6049,5.1488), (+0.6049,5.1488), (+0.6174,5.1488)
  stroke[ 45] (  7 pts): (+0.7509,5.0657), (+0.7509,5.0796), (+0.7509,5.0934), (+0.7509,5.1079), (+0.7509,5.1079), (+0.7509,5.0934), (+0.7509,5.0796)
  stroke[ 46] (  5 pts): (+0.2954,4.9741), (+0.2912,4.9916), (+0.2875,5.0041), (+0.2875,5.0041), (+0.2916,4.9916)
  stroke[ 47] (  8 pts): (+0.7439,4.9204), (+0.7439,4.9343), (+0.7439,4.9481), (+0.7439,4.9633), (+0.7439,4.9718), (+0.7439,4.9633), (+0.7439,4.9481), (+0.7439,4.9343)
  stroke[ 48] ( 32 pts): (+0.7509,4.6367), (+0.7509,4.6505), (+0.7509,4.6644), (+0.7509,4.6782), (+0.7509,4.6920), (+0.7509,4.7059), (+0.7509,4.7197), (+0.7509,4.7336), (+0.7509,4.7474), (+0.7509,4.7612), (+0.7509,4.7751), (+0.7509,4.7889), (+0.7509,4.8028), (+0.7509,4.8166), (+0.7509,4.8304), (+0.7509,4.8456), (+0.7509,4.8542), (+0.7509,4.8456), (+0.7509,4.8304), (+0.7509,4.8166), (+0.7509,4.8028), (+0.7509,4.7889), (+0.7509,4.7751), (+0.7509,4.7612), (+0.7509,4.7474), (+0.7509,4.7336), (+0.7509,4.7197), (+0.7509,4.7059), (+0.7509,4.6920), (+0.7509,4.6782), (+0.7509,4.6644), (+0.7509,4.6505)
  stroke[ 49] ( 92 pts): (+0.1475,4.6090), (+0.1518,4.6228), (+0.1547,4.6367), (+0.1580,4.6505), (+0.1616,4.6644), (+0.1649,4.6782), (+0.1696,4.6920), (+0.1742,4.7059), (+0.1775,4.7197), (+0.1804,4.7336), (+0.1864,4.7474), (+0.1893,4.7612), (+0.1926,4.7751), (+0.1972,4.7889), (+0.2018,4.8028), (+0.2051,4.8166), (+0.2081,4.8304), (+0.2140,4.8443), (+0.2180,4.8581), (+0.2226,4.8720), (+0.2259,4.8858), (+0.2289,4.8997), (+0.2348,4.9135), (+0.2388,4.9273), (+0.2434,4.9412), (+0.2467,4.9550), (+0.2503,4.9689), (+0.2536,4.9827), (+0.2572,4.9965), (+0.2605,5.0104), (+0.2635,5.0242), (+0.2697,5.0387), (+0.2776,5.0374), (+0.2816,5.0282), (+0.2780,5.0367), (+0.2737,5.0519), (+0.2734,5.0657), (+0.2727,5.0796), (+0.2757,5.0934), (+0.2799,5.1073), (+0.2803,5.1211), (+0.2803,5.1349), (+0.2796,5.1488), (+0.2826,5.1626), (+0.2869,5.1765), (+0.2872,5.1903), (+0.2872,5.2042), (+0.2872,5.2187), (+0.2872,5.2187), (+0.2872,5.2042), (+0.2872,5.1903), (+0.2869,5.1765), (+0.2826,5.1626), (+0.2796,5.1488), (+0.2803,5.1349), (+0.2803,5.1211), (+0.2799,5.1073), (+0.2757,5.0934), (+0.2727,5.0796), (+0.2734,5.0657), (+0.2730,5.0519), (+0.2694,5.0381), (+0.2635,5.0242), (+0.2605,5.0104), (+0.2572,4.9965), (+0.2536,4.9827), (+0.2503,4.9689), (+0.2467,4.9550), (+0.2434,4.9412), (+0.2388,4.9273), (+0.2348,4.9135), (+0.2289,4.8997), (+0.2259,4.8858), (+0.2226,4.8720), (+0.2180,4.8581), (+0.2140,4.8443), (+0.2081,4.8304), (+0.2051,4.8166), (+0.2018,4.8028), (+0.1972,4.7889), (+0.1926,4.7751), (+0.1893,4.7612), (+0.1864,4.7474), (+0.1804,4.7336), (+0.1775,4.7197), (+0.1742,4.7059), (+0.1696,4.6920), (+0.1649,4.6782), (+0.1616,4.6644), (+0.1580,4.6505), (+0.1547,4.6367), (+0.1508,4.6228)
  stroke[ 50] ( 10 pts): (+0.7439,4.5121), (+0.7439,4.5260), (+0.7439,4.5398), (+0.7439,4.5536), (+0.7439,4.5688), (+0.7439,4.5774), (+0.7439,4.5688), (+0.7439,4.5536), (+0.7439,4.5398), (+0.7439,4.5260)
  stroke[ 51] ( 15 pts): (+0.1204,4.4913), (+0.1221,4.5052), (+0.1257,4.5190), (+0.1290,4.5329), (+0.1326,4.5467), (+0.1359,4.5606), (+0.1396,4.5744), (+0.1425,4.5889), (+0.1425,4.5889), (+0.1396,4.5744), (+0.1359,4.5606), (+0.1326,4.5467), (+0.1290,4.5329), (+0.1257,4.5190), (+0.1221,4.5052)
  stroke[ 52] (  7 pts): (+0.7370,4.4291), (+0.7370,4.4429), (+0.7370,4.4567), (+0.7370,4.4712), (+0.7370,4.4712), (+0.7370,4.4567), (+0.7370,4.4429)
  stroke[ 53] (  7 pts): (+0.0997,4.4014), (+0.1013,4.4152), (+0.1050,4.4291), (+0.1079,4.4436), (+0.1079,4.4436), (+0.1050,4.4291), (+0.1013,4.4152)
  stroke[ 54] (  5 pts): (+0.7301,4.3651), (+0.7301,4.3826), (+0.7301,4.3951), (+0.7301,4.3951), (+0.7301,4.3826)
  stroke[ 55] (  7 pts): (+0.0858,4.3391), (+0.0875,4.3529), (+0.0911,4.3668), (+0.0941,4.3813), (+0.0941,4.3813), (+0.0911,4.3668), (+0.0875,4.3529)
  stroke[ 56] (  6 pts): (+1.1055,4.3253), (+1.1102,4.3391), (+1.1107,4.3543), (+1.1107,4.3628), (+1.1107,4.3543), (+1.1107,4.3401)
  stroke[ 57] (  5 pts): (+0.7163,4.2682), (+0.7163,4.2857), (+0.7163,4.2982), (+0.7163,4.2982), (+0.7163,4.2857)
  stroke[ 58] ( 14 pts): (+0.0389,4.2630), (+0.0371,4.2768), (+0.0384,4.2907), (+0.0427,4.3045), (+0.0456,4.3183), (+0.0450,4.3322), (+0.0450,4.3473), (+0.0450,4.3559), (+0.0450,4.3473), (+0.0450,4.3322), (+0.0456,4.3183), (+0.0427,4.3045), (+0.0384,4.2907), (+0.0376,4.2768)
  stroke[ 59] (  5 pts): (+0.0644,4.2613), (+0.0687,4.2788), (+0.0723,4.2913), (+0.0723,4.2913), (+0.0682,4.2788)
  stroke[ 60] ( 29 pts): (+1.3668,4.2284), (+1.3668,4.2422), (+1.3668,4.2561), (+1.3665,4.2699), (+1.3628,4.2837), (+1.3569,4.2976), (+1.3529,4.3114), (+1.3483,4.3253), (+1.3460,4.3391), (+1.3437,4.3529), (+1.3394,4.3668), (+1.3391,4.3806), (+1.3388,4.3945), (+1.3345,4.4083), (+1.3315,4.4228), (+1.3315,4.4228), (+1.3345,4.4083), (+1.3388,4.3945), (+1.3391,4.3806), (+1.3394,4.3668), (+1.3437,4.3529), (+1.3460,4.3391), (+1.3483,4.3253), (+1.3529,4.3114), (+1.3569,4.2976), (+1.3628,4.2837), (+1.3665,4.2699), (+1.3668,4.2561), (+1.3668,4.2422)
  stroke[ 61] (  9 pts): (+0.7028,4.1938), (+0.7019,4.2076), (+0.7047,4.2215), (+0.7090,4.2353), (+0.7093,4.2498), (+0.7093,4.2498), (+0.7090,4.2353), (+0.7047,4.2215), (+0.7024,4.2076)
  stroke[ 62] ( 19 pts): (+0.2941,4.1730), (+0.2803,4.1730), (+0.2664,4.1730), (+0.2526,4.1730), (+0.2388,4.1724), (+0.2249,4.1753), (+0.2111,4.1796), (+0.1972,4.1799), (+0.1834,4.1803), (+0.1689,4.1852), (+0.1689,4.1852), (+0.1834,4.1803), (+0.1972,4.1799), (+0.2111,4.1796), (+0.2249,4.1753), (+0.2388,4.1724), (+0.2526,4.1730), (+0.2664,4.1730), (+0.2803,4.1730)
  stroke[ 63] (109 pts): (+1.2083,4.1453), (+1.2027,4.1592), (+1.1951,4.1730), (+1.1882,4.1875), (+1.1928,4.1984), (+1.2076,4.2079), (+1.2221,4.2215), (+1.2333,4.2353), (+1.2363,4.2491), (+1.2399,4.2630), (+1.2432,4.2768), (+1.2468,4.2907), (+1.2501,4.3045), (+1.2537,4.3183), (+1.2574,4.3322), (+1.2537,4.3460), (+1.2495,4.3599), (+1.2491,4.3737), (+1.2491,4.3875), (+1.2491,4.4014), (+1.2491,4.4152), (+1.2488,4.4291), (+1.2442,4.4429), (+1.2366,4.4567), (+1.2307,4.4706), (+1.2261,4.4844), (+1.2201,4.4983), (+1.2132,4.5121), (+1.2063,4.5260), (+1.1984,4.5398), (+1.1892,4.5536), (+1.1816,4.5675), (+1.1793,4.5826), (+1.1799,4.5912), (+1.1793,4.5826), (+1.1816,4.5675), (+1.1892,4.5536), (+1.1984,4.5391), (+1.1948,4.5276), (+1.1799,4.5319), (+1.1654,4.5474), (+1.1654,4.5474), (+1.1799,4.5332), (+1.1938,4.5240), (+1.2073,4.5174), (+1.2165,4.5058), (+1.2234,4.4913), (+1.2284,4.4775), (+1.2333,4.4637), (+1.2416,4.4498), (+1.2455,4.4350), (+1.2366,4.4307), (+1.2208,4.4429), (+1.2208,4.4429), (+1.2360,4.4314), (+1.2472,4.4218), (+1.2498,4.4083), (+1.2491,4.3945), (+1.2495,4.3800), (+1.2419,4.3684), (+1.2307,4.3727), (+1.2211,4.3875), (+1.2063,4.4027), (+1.1977,4.4113), (+1.2063,4.4027), (+1.2211,4.3875), (+1.2307,4.3740), (+1.2412,4.3645), (+1.2518,4.3536), (+1.2557,4.3391), (+1.2557,4.3253), (+1.2514,4.3114), (+1.2481,4.2976), (+1.2445,4.2837), (+1.2412,4.2699), (+1.2376,4.2561), (+1.2350,4.2422), (+1.2287,4.2284), (+1.2145,4.2139), (+1.2007,4.2020), (+1.1862,4.2020), (+1.1750,4.2139), (+1.1720,4.2284), (+1.1684,4.2422), (+1.1654,4.2561), (+1.1667,4.2699), (+1.1638,4.2837), (+1.1595,4.2976), (+1.1588,4.3114), (+1.1552,4.3253), (+1.1499,4.3391), (+1.1437,4.3536), (+1.1315,4.3655), (+1.1315,4.3655), (+1.1437,4.3536), (+1.1499,4.3391), (+1.1552,4.3253), (+1.1588,4.3114), (+1.1595,4.2976), (+1.1638,4.2837), (+1.1667,4.2699), (+1.1654,4.2561), (+1.1684,4.2422), (+1.1720,4.2284), (+1.1756,4.2145), (+1.1836,4.2007), (+1.1892,4.1869), (+1.1951,4.1730), (+1.2027,4.1592)
  stroke[ 64] (  7 pts): (+0.6194,4.0410), (+0.6055,4.0460), (+0.5917,4.0514), (+0.5772,4.0550), (+0.5772,4.0550), (+0.5917,4.0514), (+0.6055,4.0460)
  stroke[ 65] ( 73 pts): (+0.4740,4.0058), (+0.4602,4.0099), (+0.4464,4.0185), (+0.4325,4.0254), (+0.4187,4.0300), (+0.4048,4.0366), (+0.3910,4.0415), (+0.3772,4.0465), (+0.3633,4.0531), (+0.3495,4.0583), (+0.3356,4.0623), (+0.3218,4.0672), (+0.3080,4.0748), (+0.2941,4.0807), (+0.2803,4.0854), (+0.2664,4.0913), (+0.2513,4.0989), (+0.2427,4.1031), (+0.2513,4.0989), (+0.2664,4.0913), (+0.2803,4.0854), (+0.2941,4.0807), (+0.3080,4.0748), (+0.3218,4.0672), (+0.3356,4.0623), (+0.3495,4.0583), (+0.3633,4.0531), (+0.3772,4.0465), (+0.3910,4.0415), (+0.4048,4.0366), (+0.4187,4.0300), (+0.4332,4.0244), (+0.4332,4.0165), (+0.4187,4.0125), (+0.4048,4.0161), (+0.3910,4.0198), (+0.3772,4.0231), (+0.3633,4.0267), (+0.3495,4.0300), (+0.3356,4.0336), (+0.3218,4.0369), (+0.3080,4.0415), (+0.2941,4.0455), (+0.2803,4.0514), (+0.2664,4.0554), (+0.2526,4.0593), (+0.2388,4.0646), (+0.2249,4.0712), (+0.2111,4.0761), (+0.1972,4.0811), (+0.1821,4.0883), (+0.1735,4.0913), (+0.1821,4.0883), (+0.1972,4.0811), (+0.2111,4.0761), (+0.2249,4.0712), (+0.2388,4.0646), (+0.2526,4.0593), (+0.2664,4.0554), (+0.2803,4.0514), (+0.2941,4.0455), (+0.3080,4.0415), (+0.3218,4.0369), (+0.3356,4.0336), (+0.3495,4.0300), (+0.3633,4.0267), (+0.3772,4.0231), (+0.3910,4.0198), (+0.4048,4.0161), (+0.4187,4.0138), (+0.4325,4.0115), (+0.4464,4.0072), (+0.4602,4.0064)
  stroke[ 66] (  6 pts): (+0.0802,3.9446), (+0.0746,3.9585), (+0.0664,3.9736), (+0.0621,3.9822), (+0.0664,3.9736), (+0.0741,3.9595)
  stroke[ 67] ( 34 pts): (+1.2907,3.9056), (+1.3045,3.9086), (+1.3183,3.9104), (+1.3322,3.9140), (+1.3460,3.9199), (+1.3605,3.9235), (+1.3605,3.9235), (+1.3460,3.9199), (+1.3322,3.9140), (+1.3183,3.9104), (+1.3045,3.9097), (+1.2907,3.9054), (+1.2768,3.9025), (+1.2630,3.9031), (+1.2491,3.9025), (+1.2353,3.9054), (+1.2215,3.9097), (+1.2076,3.9094), (+1.1938,3.9123), (+1.1799,3.9170), (+1.1661,3.9212), (+1.1519,3.9311), (+1.1450,3.9453), (+1.1450,3.9453), (+1.1519,3.9311), (+1.1661,3.9212), (+1.1799,3.9170), (+1.1938,3.9123), (+1.2076,3.9094), (+1.2215,3.9097), (+1.2353,3.9054), (+1.2491,3.9025), (+1.2630,3.9031), (+1.2768,3.9031)
  stroke[ 68] ( 13 pts): (+0.5156,3.8888), (+0.5017,3.8913), (+0.4879,3.8962), (+0.4740,3.9001), (+0.4602,3.9061), (+0.4464,3.9100), (+0.4319,3.9153), (+0.4319,3.9153), (+0.4464,3.9100), (+0.4602,3.9061), (+0.4740,3.9001), (+0.4879,3.8962), (+0.5017,3.8913)
  stroke[ 69] (  5 pts): (+0.6902,3.8893), (+0.6728,3.8893), (+0.6602,3.8893), (+0.6602,3.8893), (+0.6728,3.8893)
  stroke[ 70] (  5 pts): (+0.6181,3.7631), (+0.6223,3.7805), (+0.6260,3.7930), (+0.6260,3.7930), (+0.6218,3.7805)
  stroke[ 71] (  7 pts): (+1.2284,3.7578), (+1.2284,3.7716), (+1.2284,3.7855), (+1.2284,3.8000), (+1.2284,3.8000), (+1.2284,3.7855), (+1.2284,3.7716)
  stroke[ 72] (  8 pts): (+0.7370,3.7509), (+0.7232,3.7509), (+0.7093,3.7509), (+0.6942,3.7509), (+0.6856,3.7509), (+0.6942,3.7509), (+0.7093,3.7509), (+0.7232,3.7509)
  stroke[ 73] (  5 pts): (+0.6625,3.7439), (+0.6451,3.7439), (+0.6326,3.7439), (+0.6326,3.7439), (+0.6451,3.7439)
  stroke[ 74] (1059 pts): (+0.5823,3.7252), (+0.5932,3.7331), (+0.6059,3.7410), (+0.6131,3.7456), (+0.6059,3.7397), (+0.5917,3.7383), (+0.5891,3.7502), (+0.5927,3.7647), (+0.5963,3.7785), (+0.5996,3.7924), (+0.6032,3.8062), (+0.6065,3.8201), (+0.6101,3.8339), (+0.6131,3.8478), (+0.6125,3.8616), (+0.6118,3.8754), (+0.6144,3.8896), (+0.6263,3.8969), (+0.6382,3.8896), (+0.6408,3.8754), (+0.6401,3.8616), (+0.6401,3.8471), (+0.6401,3.8471), (+0.6401,3.8616), (+0.6408,3.8754), (+0.6382,3.8896), (+0.6263,3.8962), (+0.6144,3.9028), (+0.6121,3.9170), (+0.6164,3.9308), (+0.6223,3.9446), (+0.6263,3.9585), (+0.6309,3.9723), (+0.6342,3.9862), (+0.6378,4.0000), (+0.6405,4.0145), (+0.6467,4.0264), (+0.6612,4.0264), (+0.6675,4.0138), (+0.6698,4.0142), (+0.6810,4.0194), (+0.6968,4.0119), (+0.7054,4.0076), (+0.6968,4.0119), (+0.6810,4.0188), (+0.6698,4.0280), (+0.6672,4.0422), (+0.6681,4.0415), (+0.6612,4.0290), (+0.6467,4.0290), (+0.6398,4.0409), (+0.6405,4.0554), (+0.6448,4.0692), (+0.6471,4.0830), (+0.6494,4.0969), (+0.6536,4.1107), (+0.6543,4.1246), (+0.6586,4.1384), (+0.6619,4.1522), (+0.6655,4.1661), (+0.6678,4.1799), (+0.6701,4.1938), (+0.6744,4.2076), (+0.6751,4.2215), (+0.6794,4.2353), (+0.6823,4.2491), (+0.6820,4.2630), (+0.6863,4.2768), (+0.6892,4.2907), (+0.6879,4.3045), (+0.6909,4.3183), (+0.6952,4.3322), (+0.6955,4.3460), (+0.6948,4.3599), (+0.6978,4.3737), (+0.7021,4.3875), (+0.7024,4.4014), (+0.7024,4.4152), (+0.7028,4.4291), (+0.7070,4.4429), (+0.7100,4.4567), (+0.7093,4.4706), (+0.7093,4.4844), (+0.7093,4.4983), (+0.7097,4.5121), (+0.7140,4.5260), (+0.7169,4.5398), (+0.7163,4.5536), (+0.7163,4.5675), (+0.7163,4.5813), (+0.7163,4.5952), (+0.7163,4.6090), (+0.7163,4.6228), (+0.7163,4.6367), (+0.7156,4.6505), (+0.7186,4.6644), (+0.7229,4.6782), (+0.7232,4.6920), (+0.7232,4.7059), (+0.7232,4.7197), (+0.7232,4.7336), (+0.7232,4.7474), (+0.7232,4.7612), (+0.7232,4.7751), (+0.7232,4.7889), (+0.7232,4.8028), (+0.7232,4.8166), (+0.7232,4.8304), (+0.7232,4.8443), (+0.7232,4.8581), (+0.7232,4.8720), (+0.7238,4.8858), (+0.7209,4.8997), (+0.7166,4.9135), (+0.7163,4.9273), (+0.7163,4.9412), (+0.7163,4.9550), (+0.7163,4.9689), (+0.7163,4.9827), (+0.7163,4.9965), (+0.7163,5.0104), (+0.7163,5.0242), (+0.7166,5.0381), (+0.7209,5.0519), (+0.7238,5.0657), (+0.7225,5.0796), (+0.7255,5.0934), (+0.7298,5.1073), (+0.7301,5.1211), (+0.7301,5.1349), (+0.7301,5.1488), (+0.7301,5.1626), (+0.7298,5.1771), (+0.7374,5.1887), (+0.7486,5.1837), (+0.7581,5.1709), (+0.7716,5.1705), (+0.7855,5.1778), (+0.7993,5.1847), (+0.8145,5.1933), (+0.8230,5.1989), (+0.8145,5.1933), (+0.7993,5.1847), (+0.7855,5.1778), (+0.7716,5.1705), (+0.7575,5.1709), (+0.7502,5.1834), (+0.7575,5.1956), (+0.7716,5.2028), (+0.7855,5.2098), (+0.7993,5.2167), (+0.8138,5.2239), (+0.8138,5.2239), (+0.7993,5.2167), (+0.7855,5.2098), (+0.7716,5.2028), (+0.7578,5.1953), (+0.7439,5.1903), (+0.7301,5.1857), (+0.7163,5.1834), (+0.7024,5.1811), (+0.6886,5.1768), (+0.6747,5.1765), (+0.6609,5.1765), (+0.6471,5.1765), (+0.6332,5.1765), (+0.6194,5.1765), (+0.6055,5.1768), (+0.5917,5.1811), (+0.5779,5.1841), (+0.5640,5.1837), (+0.5502,5.1880), (+0.5363,5.1913), (+0.5225,5.1949), (+0.5087,5.1982), (+0.4948,5.2012), (+0.4810,5.2071), (+0.4671,5.2111), (+0.4533,5.2150), (+0.4394,5.2203), (+0.4256,5.2262), (+0.4118,5.2332), (+0.3979,5.2401), (+0.3841,5.2480), (+0.3702,5.2565), (+0.3564,5.2664), (+0.3426,5.2757), (+0.3287,5.2872), (+0.3142,5.2987), (+0.3030,5.3083), (+0.3007,5.3218), (+0.3057,5.3356), (+0.3089,5.3495), (+0.3126,5.3633), (+0.3159,5.3772), (+0.3195,5.3910), (+0.3228,5.4048), (+0.3258,5.4187), (+0.3317,5.4325), (+0.3356,5.4464), (+0.3406,5.4602), (+0.3472,5.4740), (+0.3524,5.4879), (+0.3564,5.5017), (+0.3610,5.5156), (+0.3640,5.5294), (+0.3637,5.5433), (+0.3679,5.5571), (+0.3709,5.5709), (+0.3706,5.5848), (+0.3749,5.5986), (+0.3772,5.6125), (+0.3795,5.6263), (+0.3831,5.6401), (+0.3864,5.6540), (+0.3900,5.6678), (+0.3933,5.6817), (+0.3979,5.6955), (+0.4019,5.7093), (+0.4078,5.7232), (+0.4118,5.7370), (+0.4164,5.7509), (+0.4197,5.7647), (+0.4233,5.7785), (+0.4263,5.7924), (+0.4256,5.8062), (+0.4256,5.8201), (+0.4256,5.8339), (+0.4249,5.8478), (+0.4276,5.8616), (+0.4388,5.8751), (+0.4533,5.8853), (+0.4671,5.8932), (+0.4810,5.9031), (+0.4948,5.9120), (+0.5087,5.9183), (+0.5225,5.9252), (+0.5363,5.9328), (+0.5502,5.9377), (+0.5640,5.9417), (+0.5779,5.9476), (+0.5917,5.9506), (+0.6055,5.9539), (+0.6194,5.9581), (+0.6332,5.9585), (+0.6471,5.9585), (+0.6609,5.9585), (+0.6747,5.9591), (+0.6886,5.9562), (+0.7024,5.9519), (+0.7163,5.9512), (+0.7301,5.9469), (+0.7439,5.9436), (+0.7578,5.9397), (+0.7716,5.9321), (+0.7855,5.9259), (+0.7993,5.9170), (+0.8131,5.9077), (+0.8270,5.8969), (+0.8415,5.8824), (+0.8524,5.8685), (+0.8616,5.8547), (+0.8711,5.8395), (+0.8748,5.8309), (+0.8711,5.8395), (+0.8616,5.8547), (+0.8524,5.8685), (+0.8415,5.8824), (+0.8270,5.8969), (+0.8131,5.9077), (+0.7993,5.9170), (+0.7855,5.9259), (+0.7716,5.9321), (+0.7578,5.9397), (+0.7439,5.9436), (+0.7301,5.9469), (+0.7163,5.9512), (+0.7024,5.9519), (+0.6886,5.9562), (+0.6747,5.9591), (+0.6609,5.9585), (+0.6471,5.9585), (+0.6332,5.9585), (+0.6194,5.9581), (+0.6055,5.9539), (+0.5917,5.9506), (+0.5779,5.9476), (+0.5640,5.9417), (+0.5502,5.9377), (+0.5363,5.9328), (+0.5225,5.9252), (+0.5087,5.9183), (+0.4948,5.9120), (+0.4810,5.9031), (+0.4671,5.8932), (+0.4533,5.8840), (+0.4385,5.8791), (+0.4338,5.8880), (+0.4411,5.9028), (+0.4526,5.9130), (+0.4671,5.9216), (+0.4810,5.9288), (+0.4948,5.9384), (+0.5087,5.9453), (+0.5225,5.9496), (+0.5363,5.9572), (+0.5502,5.9631), (+0.5640,5.9684), (+0.5779,5.9713), (+0.5917,5.9746), (+0.6055,5.9789), (+0.6207,5.9792), (+0.6293,5.9792), (+0.6207,5.9792), (+0.6055,5.9789), (+0.5917,5.9746), (+0.5779,5.9713), (+0.5640,5.9684), (+0.5502,5.9631), (+0.5363,5.9572), (+0.5225,5.9496), (+0.5087,5.9453), (+0.4948,5.9384), (+0.4810,5.9288), (+0.4671,5.9216), (+0.4526,5.9123), (+0.4414,5.9160), (+0.4381,5.9308), (+0.4418,5.9446), (+0.4464,5.9585), (+0.4510,5.9723), (+0.4539,5.9862), (+0.4536,6.0000), (+0.4579,6.0138), (+0.4609,6.0277), (+0.4602,6.0415), (+0.4602,6.0554), (+0.4602,6.0692), (+0.4602,6.0830), (+0.4602,6.0969), (+0.4602,6.1107), (+0.4602,6.1246), (+0.4602,6.1384), (+0.4602,6.1522), (+0.4602,6.1661), (+0.4602,6.1799), (+0.4602,6.1938), (+0.4602,6.2076), (+0.4602,6.2215), (+0.4605,6.2353), (+0.4648,6.2491), (+0.4678,6.2630), (+0.4675,6.2768), (+0.4717,6.2907), (+0.4750,6.3045), (+0.4787,6.3183), (+0.4820,6.3322), (+0.4849,6.3460), (+0.4909,6.3599), (+0.4948,6.3737), (+0.4988,6.3875), (+0.5047,6.4014), (+0.5087,6.4152), (+0.5133,6.4291), (+0.5162,6.4429), (+0.5156,6.4567), (+0.5156,6.4706), (+0.5156,6.4844), (+0.5156,6.4983), (+0.5159,6.5121), (+0.5199,6.5260), (+0.5294,6.5398), (+0.5383,6.5536), (+0.5449,6.5678), (+0.5564,6.5741), (+0.5709,6.5767), (+0.5848,6.5810), (+0.5986,6.5813), (+0.6125,6.5813), (+0.6263,6.5813), (+0.6401,6.5813), (+0.6540,6.5813), (+0.6678,6.5813), (+0.6817,6.5813), (+0.6955,6.5813), (+0.7093,6.5813), (+0.7232,6.5813), (+0.7370,6.5813), (+0.7509,6.5813), (+0.7647,6.5810), (+0.7785,6.5767), (+0.7924,6.5737), (+0.8062,6.5744), (+0.8201,6.5751), (+0.8339,6.5721), (+0.8478,6.5678), (+0.8616,6.5681), (+0.8754,6.5652), (+0.8893,6.5615), (+0.9031,6.5582), (+0.9170,6.5546), (+0.9308,6.5513), (+0.9446,6.5477), (+0.9585,6.5451), (+0.9726,6.5381), (+0.9796,6.5260), (+0.9796,6.5260), (+0.9713,6.5375), (+0.9634,6.5470), (+0.9621,6.5606), (+0.9588,6.5744), (+0.9591,6.5882), (+0.9555,6.6021), (+0.9539,6.6169), (+0.9661,6.6209), (+0.9753,6.6166), (+0.9667,6.6199), (+0.9516,6.6261), (+0.9377,6.6344), (+0.9239,6.6413), (+0.9100,6.6466), (+0.8962,6.6505), (+0.8824,6.6551), (+0.8685,6.6574), (+0.8547,6.6597), (+0.8408,6.6640), (+0.8270,6.6644), (+0.8131,6.6647), (+0.7993,6.6690), (+0.7855,6.6719), (+0.7716,6.6713), (+0.7578,6.6713), (+0.7439,6.6713), (+0.7301,6.6713), (+0.7163,6.6713), (+0.7024,6.6713), (+0.6886,6.6713), (+0.6747,6.6706), (+0.6609,6.6733), (+0.6464,6.6845), (+0.6349,6.6990), (+0.6276,6.7128), (+0.6210,6.7266), (+0.6187,6.7405), (+0.6197,6.7543), (+0.6240,6.7682), (+0.6270,6.7820), (+0.6266,6.7958), (+0.6309,6.8097), (+0.6332,6.8235), (+0.6355,6.8374), (+0.6398,6.8512), (+0.6405,6.8651), (+0.6448,6.8789), (+0.6471,6.8927), (+0.6494,6.9066), (+0.6536,6.9204), (+0.6543,6.9343), (+0.6586,6.9481), (+0.6619,6.9619), (+0.6655,6.9758), (+0.6678,6.9896), (+0.6701,7.0035), (+0.6738,7.0173), (+0.6770,7.0311), (+0.6813,7.0450), (+0.6820,7.0588), (+0.6856,7.0727), (+0.6909,7.0865), (+0.6971,7.1003), (+0.7087,7.1139), (+0.7232,7.1231), (+0.7370,7.1300), (+0.7509,7.1346), (+0.7647,7.1349), (+0.7785,7.1349), (+0.7924,7.1349), (+0.8062,7.1349), (+0.8201,7.1349), (+0.8339,7.1349), (+0.8478,7.1349), (+0.8616,7.1346), (+0.8754,7.1303), (+0.8893,7.1270), (+0.9031,7.1241), (+0.9170,7.1181), (+0.9321,7.1135), (+0.9404,7.1116), (+0.9387,7.1198), (+0.9377,7.1349), (+0.9377,7.1488), (+0.9377,7.1626), (+0.9377,7.1765), (+0.9377,7.1903), (+0.9377,7.2042), (+0.9380,7.2180), (+0.9423,7.2318), (+0.9453,7.2457), (+0.9446,7.2595), (+0.9450,7.2734), (+0.9493,7.2872), (+0.9525,7.3010), (+0.9562,7.3149), (+0.9585,7.3287), (+0.9611,7.3426), (+0.9585,7.3452), (+0.9446,7.3419), (+0.9308,7.3426), (+0.9170,7.3426), (+0.9031,7.3426), (+0.8893,7.3419), (+0.8754,7.3449), (+0.8616,7.3485), (+0.8478,7.3518), (+0.8339,7.3564), (+0.8201,7.3613), (+0.8062,7.3679), (+0.7924,7.3735), (+0.7785,7.3811), (+0.7647,7.3913), (+0.7509,7.4048), (+0.7370,7.4187), (+0.7232,7.4325), (+0.7090,7.4464), (+0.7014,7.4602), (+0.7041,7.4740), (+0.7113,7.4879), (+0.7163,7.5017), (+0.7212,7.5156), (+0.7281,7.5301), (+0.7374,7.5419), (+0.7509,7.5419), (+0.7647,7.5301), (+0.7785,7.5149), (+0.7924,7.5040), (+0.8062,7.4938), (+0.8201,7.4836), (+0.8339,7.4777), (+0.8478,7.4694), (+0.8616,7.4619), (+0.8754,7.4592), (+0.8893,7.4556), (+0.9031,7.4533), (+0.9170,7.4510), (+0.9308,7.4467), (+0.9446,7.4464), (+0.9585,7.4467), (+0.9723,7.4510), (+0.9862,7.4543), (+1.0000,7.4579), (+1.0138,7.4605), (+1.0277,7.4665), (+1.0422,7.4764), (+1.0415,7.4757), (+1.0300,7.4800), (+1.0313,7.4948), (+1.0422,7.5100), (+1.0491,7.5185), (+1.0422,7.5100), (+1.0320,7.4948), (+1.0287,7.4810), (+1.0257,7.4661), (+1.0142,7.4619), (+1.0059,7.4734), (+1.0086,7.4879), (+1.0161,7.5017), (+1.0247,7.5156), (+1.0356,7.5301), (+1.0356,7.5301), (+1.0247,7.5156), (+1.0168,7.5011), (+1.0066,7.4899), (+0.9931,7.4872), (+0.9792,7.4879), (+0.9654,7.4879), (+0.9516,7.4879), (+0.9377,7.4879), (+0.9239,7.4872), (+0.9100,7.4902), (+0.8962,7.4938), (+0.8824,7.4965), (+0.8685,7.5030), (+0.8537,7.5103), (+0.8497,7.5218), (+0.8537,7.5363), (+0.8566,7.5502), (+0.8573,7.5640), (+0.8524,7.5779), (+0.8461,7.5917), (+0.8346,7.6055), (+0.8201,7.6200), (+0.8062,7.6309), (+0.7924,7.6289), (+0.7785,7.6210), (+0.7640,7.6184), (+0.7525,7.6260), (+0.7449,7.6408), (+0.7449,7.6408), (+0.7525,7.6260), (+0.7640,7.6184), (+0.7785,7.6210), (+0.7924,7.6289), (+0.8062,7.6309), (+0.8201,7.6200), (+0.8346,7.6055), (+0.8461,7.5917), (+0.8524,7.5779), (+0.8573,7.5640), (+0.8566,7.5502), (+0.8537,7.5363), (+0.8497,7.5225), (+0.8421,7.5087), (+0.8359,7.4942), (+0.8267,7.4826), (+0.8131,7.4876), (+0.7993,7.4994), (+0.7855,7.5090), (+0.7716,7.5225), (+0.7578,7.5367), (+0.7433,7.5439), (+0.7318,7.5367), (+0.7245,7.5225), (+0.7186,7.5087), (+0.7140,7.4948), (+0.7074,7.4810), (+0.7021,7.4671), (+0.7044,7.4533), (+0.7156,7.4394), (+0.7301,7.4256), (+0.7439,7.4118), (+0.7588,7.3979), (+0.7627,7.3828), (+0.7578,7.3749), (+0.7644,7.3814), (+0.7795,7.3828), (+0.7832,7.3709), (+0.7749,7.3564), (+0.7687,7.3426), (+0.7657,7.3287), (+0.7624,7.3149), (+0.7581,7.3010), (+0.7575,7.2872), (+0.7532,7.2734), (+0.7502,7.2595), (+0.7509,7.2457), (+0.7505,7.2318), (+0.7463,7.2180), (+0.7433,7.2042), (+0.7439,7.1903), (+0.7439,7.1765), (+0.7439,7.1626), (+0.7446,7.1488), (+0.7420,7.1353), (+0.7308,7.1261), (+0.7163,7.1195), (+0.7028,7.1079), (+0.6929,7.0934), (+0.6886,7.0796), (+0.6840,7.0657), (+0.6817,7.0519), (+0.6794,7.0381), (+0.6757,7.0242), (+0.6724,7.0104), (+0.6681,6.9965), (+0.6675,6.9827), (+0.6632,6.9689), (+0.6599,6.9550), (+0.6563,6.9412), (+0.6540,6.9273), (+0.6517,6.9135), (+0.6474,6.8997), (+0.6467,6.8858), (+0.6424,6.8720), (+0.6401,6.8581), (+0.6378,6.8443), (+0.6335,6.8304), (+0.6329,6.8166), (+0.6286,6.8028), (+0.6256,6.7889), (+0.6260,6.7751), (+0.6217,6.7612), (+0.6187,6.7474), (+0.6197,6.7336), (+0.6243,6.7197), (+0.6312,6.7059), (+0.6405,6.6920), (+0.6540,6.6779), (+0.6678,6.6710), (+0.6817,6.6719), (+0.6965,6.6693), (+0.7011,6.6581), (+0.6942,6.6436), (+0.6869,6.6298), (+0.6741,6.6156), (+0.6649,6.6083), (+0.6741,6.6156), (+0.6869,6.6298), (+0.6942,6.6436), (+0.7004,6.6581), (+0.7097,6.6693), (+0.7232,6.6719), (+0.7370,6.6713), (+0.7509,6.6713), (+0.7647,6.6713), (+0.7785,6.6713), (+0.7924,6.6710), (+0.8062,6.6667), (+0.8201,6.6637), (+0.8339,6.6650), (+0.8478,6.6621), (+0.8616,6.6578), (+0.8754,6.6571), (+0.8893,6.6535), (+0.9031,6.6476), (+0.9170,6.6436), (+0.9308,6.6393), (+0.9450,6.6294), (+0.9522,6.6159), (+0.9562,6.6021), (+0.9591,6.5882), (+0.9588,6.5744), (+0.9634,6.5599), (+0.9595,6.5487), (+0.9446,6.5464), (+0.9308,6.5513), (+0.9170,6.5546), (+0.9031,6.5582), (+0.8893,6.5615), (+0.8754,6.5652), (+0.8616,6.5681), (+0.8478,6.5678), (+0.8339,6.5721), (+0.8201,6.5751), (+0.8062,6.5744), (+0.7924,6.5737), (+0.7785,6.5767), (+0.7647,6.5810), (+0.7509,6.5813), (+0.7370,6.5813), (+0.7232,6.5813), (+0.7093,6.5813), (+0.6955,6.5813), (+0.6817,6.5813), (+0.6678,6.5813), (+0.6540,6.5813), (+0.6401,6.5813), (+0.6256,6.5810), (+0.6141,6.5879), (+0.6069,6.6021), (+0.5999,6.6159), (+0.5930,6.6298), (+0.5861,6.6436), (+0.5792,6.6574), (+0.5723,6.6713), (+0.5660,6.6851), (+0.5561,6.6996), (+0.5564,6.7112), (+0.5706,6.7069), (+0.5798,6.6920), (+0.5861,6.6782), (+0.5930,6.6644), (+0.5999,6.6505), (+0.6069,6.6367), (+0.6141,6.6228), (+0.6256,6.6087), (+0.6408,6.6017), (+0.6408,6.6017), (+0.6256,6.6087), (+0.6141,6.6228), (+0.6069,6.6367), (+0.5999,6.6505), (+0.5930,6.6644), (+0.5861,6.6782), (+0.5798,6.6920), (+0.5706,6.7056), (+0.5558,6.7154), (+0.5485,6.7197), (+0.5518,6.7128), (+0.5439,6.7056), (+0.5426,6.7062), (+0.5568,6.6993), (+0.5660,6.6851), (+0.5723,6.6713), (+0.5792,6.6574), (+0.5861,6.6436), (+0.5930,6.6298), (+0.5999,6.6159), (+0.6082,6.6021), (+0.6101,6.5879), (+0.5993,6.5810), (+0.5848,6.5810), (+0.5709,6.5767), (+0.5571,6.5737), (+0.5433,6.5751), (+0.5288,6.5724), (+0.5294,6.5727), (+0.5409,6.5685), (+0.5396,6.5536), (+0.5294,6.5398), (+0.5199,6.5260), (+0.5159,6.5121), (+0.5156,6.4983), (+0.5156,6.4844), (+0.5156,6.4706), (+0.5156,6.4567), (+0.5162,6.4429), (+0.5133,6.4291), (+0.5087,6.4152), (+0.5047,6.4014), (+0.4988,6.3875), (+0.4948,6.3737), (+0.4909,6.3599), (+0.4849,6.3460), (+0.4820,6.3322), (+0.4787,6.3183), (+0.4750,6.3045), (+0.4717,6.2907), (+0.4675,6.2768), (+0.4678,6.2630), (+0.4648,6.2491), (+0.4605,6.2353), (+0.4602,6.2215), (+0.4602,6.2076), (+0.4602,6.1938), (+0.4602,6.1799), (+0.4602,6.1661), (+0.4602,6.1522), (+0.4602,6.1384), (+0.4602,6.1246), (+0.4602,6.1107), (+0.4602,6.0969), (+0.4602,6.0830), (+0.4602,6.0692), (+0.4602,6.0554), (+0.4602,6.0415), (+0.4609,6.0277), (+0.4579,6.0138), (+0.4536,6.0000), (+0.4539,5.9862), (+0.4510,5.9723), (+0.4464,5.9585), (+0.4418,5.9446), (+0.4388,5.9308), (+0.4394,5.9170), (+0.4391,5.9031), (+0.4348,5.8893), (+0.4315,5.8754), (+0.4279,5.8616), (+0.4249,5.8478), (+0.4256,5.8339), (+0.4256,5.8201), (+0.4256,5.8062), (+0.4263,5.7924), (+0.4233,5.7785), (+0.4197,5.7647), (+0.4164,5.7509), (+0.4118,5.7370), (+0.4078,5.7232), (+0.4019,5.7093), (+0.3979,5.6955), (+0.3933,5.6817), (+0.3900,5.6678), (+0.3864,5.6540), (+0.3831,5.6401), (+0.3795,5.6263), (+0.3772,5.6125), (+0.3749,5.5986), (+0.3706,5.5848), (+0.3709,5.5709), (+0.3679,5.5571), (+0.3637,5.5433), (+0.3640,5.5294), (+0.3610,5.5156), (+0.3564,5.5017), (+0.3524,5.4879), (+0.3472,5.4740), (+0.3406,5.4602), (+0.3356,5.4464), (+0.3317,5.4325), (+0.3258,5.4187), (+0.3228,5.4048), (+0.3195,5.3910), (+0.3159,5.3772), (+0.3126,5.3633), (+0.3089,5.3495), (+0.3057,5.3356), (+0.3014,5.3218), (+0.3010,5.3080), (+0.3010,5.2941), (+0.3007,5.2803), (+0.2964,5.2664), (+0.2935,5.2513), (+0.2941,5.2427), (+0.2935,5.2513), (+0.2961,5.2674), (+0.3073,5.2717), (+0.3218,5.2595), (+0.3356,5.2480), (+0.3495,5.2378), (+0.3633,5.2266), (+0.3772,5.2200), (+0.3910,5.2111), (+0.4062,5.2015), (+0.4147,5.1979), (+0.4062,5.2015), (+0.3910,5.2111), (+0.3772,5.2200), (+0.3633,5.2266), (+0.3495,5.2378), (+0.3356,5.2480), (+0.3218,5.2589), (+0.3076,5.2734), (+0.3004,5.2879), (+0.3076,5.2994), (+0.3218,5.2951), (+0.3356,5.2806), (+0.3495,5.2704), (+0.3633,5.2625), (+0.3772,5.2526), (+0.3910,5.2437), (+0.4048,5.2374), (+0.4187,5.2305), (+0.4325,5.2229), (+0.4464,5.2180), (+0.4602,5.2140), (+0.4740,5.2081), (+0.4879,5.2042), (+0.5017,5.1995), (+0.5156,5.1962), (+0.5294,5.1926), (+0.5433,5.1893), (+0.5571,5.1857), (+0.5709,5.1827), (+0.5848,5.1831), (+0.5986,5.1788), (+0.6125,5.1758), (+0.6263,5.1765), (+0.6401,5.1765), (+0.6540,5.1765), (+0.6678,5.1765), (+0.6817,5.1758), (+0.6955,5.1788), (+0.7093,5.1837), (+0.7235,5.1814), (+0.7308,5.1696), (+0.7229,5.1583), (+0.7229,5.1531), (+0.7304,5.1425), (+0.7301,5.1280), (+0.7308,5.1142), (+0.7278,5.1003), (+0.7235,5.0865), (+0.7232,5.0727), (+0.7229,5.0588), (+0.7186,5.0450), (+0.7156,5.0311), (+0.7163,5.0173), (+0.7163,5.0035), (+0.7163,4.9896), (+0.7163,4.9758), (+0.7163,4.9619), (+0.7163,4.9481), (+0.7163,4.9343), (+0.7156,4.9204), (+0.7186,4.9066), (+0.7229,4.8927), (+0.7232,4.8789), (+0.7232,4.8651), (+0.7232,4.8512), (+0.7232,4.8374), (+0.7232,4.8235), (+0.7232,4.8097), (+0.7232,4.7958), (+0.7232,4.7820), (+0.7232,4.7682), (+0.7232,4.7543), (+0.7232,4.7405), (+0.7232,4.7266), (+0.7232,4.7128), (+0.7232,4.6990), (+0.7238,4.6851), (+0.7209,4.6713), (+0.7166,4.6574), (+0.7163,4.6436), (+0.7163,4.6298), (+0.7163,4.6159), (+0.7163,4.6021), (+0.7163,4.5882), (+0.7163,4.5744), (+0.7163,4.5606), (+0.7163,4.5467), (+0.7159,4.5329), (+0.7116,4.5190), (+0.7087,4.5052), (+0.7093,4.4913), (+0.7093,4.4775), (+0.7093,4.4637), (+0.7090,4.4498), (+0.7047,4.4360), (+0.7018,4.4221), (+0.7024,4.4083), (+0.7031,4.3945), (+0.7001,4.3806), (+0.6958,4.3668), (+0.6955,4.3529), (+0.6962,4.3391), (+0.6932,4.3253), (+0.6889,4.3114), (+0.6886,4.2976), (+0.6883,4.2837), (+0.6840,4.2699), (+0.6810,4.2561), (+0.6813,4.2422), (+0.6770,4.2284), (+0.6747,4.2145), (+0.6724,4.2007), (+0.6681,4.1869), (+0.6675,4.1730), (+0.6632,4.1592), (+0.6599,4.1453), (+0.6563,4.1315), (+0.6540,4.1176), (+0.6517,4.1038), (+0.6474,4.0900), (+0.6467,4.0761), (+0.6424,4.0623), (+0.6395,4.0484), (+0.6401,4.0346), (+0.6401,4.0208), (+0.6398,4.0069), (+0.6355,3.9931), (+0.6322,3.9792), (+0.6293,3.9654), (+0.6233,3.9516), (+0.6194,3.9377), (+0.6154,3.9239), (+0.6098,3.9097), (+0.5993,3.9021), (+0.5848,3.9054), (+0.5696,3.9097), (+0.5610,3.9100), (+0.5696,3.9097), (+0.5848,3.9054), (+0.5993,3.9028), (+0.6105,3.8965), (+0.6131,3.8824), (+0.6125,3.8685), (+0.6125,3.8547), (+0.6121,3.8408), (+0.6078,3.8270), (+0.6045,3.8131), (+0.6009,3.7993), (+0.5976,3.7855), (+0.5940,3.7716), (+0.5907,3.7578), (+0.5874,3.7433), (+0.5762,3.7321), (+0.5699,3.7286), (+0.5754,3.7313)
  stroke[ 75] (  6 pts): (+1.2215,3.7024), (+1.2215,3.7163), (+1.2215,3.7314), (+1.2215,3.7400), (+1.2215,3.7314), (+1.2215,3.7173)
  stroke[ 76] ( 17 pts): (+0.4246,3.6194), (+0.4320,3.6332), (+0.4418,3.6471), (+0.4526,3.6609), (+0.4671,3.6747), (+0.4810,3.6892), (+0.4948,3.7008), (+0.5087,3.7080), (+0.5232,3.7153), (+0.5232,3.7153), (+0.5087,3.7080), (+0.4948,3.7008), (+0.4810,3.6892), (+0.4671,3.6747), (+0.4526,3.6609), (+0.4418,3.6471), (+0.4315,3.6332)
  stroke[ 77] ( 16 pts): (+0.6747,3.6130), (+0.6609,3.6120), (+0.6471,3.6197), (+0.6326,3.6319), (+0.6332,3.6312), (+0.6339,3.6220), (+0.6194,3.6181), (+0.6055,3.6217), (+0.5904,3.6260), (+0.5818,3.6263), (+0.5904,3.6260), (+0.6055,3.6217), (+0.6194,3.6194), (+0.6332,3.6171), (+0.6471,3.6128), (+0.6609,3.6120)
  stroke[ 78] ( 13 pts): (+1.1099,3.5986), (+1.1117,3.6125), (+1.1104,3.6263), (+1.1061,3.6401), (+1.1031,3.6540), (+1.1035,3.6678), (+1.0985,3.6823), (+1.0985,3.6823), (+1.1035,3.6678), (+1.1031,3.6540), (+1.1061,3.6401), (+1.1104,3.6263), (+1.1112,3.6125)
  stroke[ 79] (  9 pts): (+1.2699,3.5779), (+1.2837,3.5917), (+1.2976,3.6055), (+1.3114,3.6194), (+1.3259,3.6339), (+1.3259,3.6339), (+1.3114,3.6194), (+1.2976,3.6055), (+1.2837,3.5917)
  stroke[ 80] (  8 pts): (+0.3365,3.5433), (+0.3347,3.5571), (+0.3353,3.5716), (+0.3435,3.5828), (+0.3524,3.5861), (+0.3435,3.5828), (+0.3353,3.5716), (+0.3347,3.5576)
  stroke[ 81] (  5 pts): (+0.5657,3.5281), (+0.5482,3.5324), (+0.5357,3.5360), (+0.5357,3.5360), (+0.5482,3.5319)
  stroke[ 82] ( 22 pts): (+0.1903,3.5087), (+0.1765,3.5087), (+0.1626,3.5080), (+0.1488,3.5110), (+0.1349,3.5152), (+0.1211,3.5156), (+0.1073,3.5156), (+0.0934,3.5156), (+0.0796,3.5159), (+0.0657,3.5202), (+0.0506,3.5232), (+0.0420,3.5225), (+0.0506,3.5232), (+0.0657,3.5202), (+0.0796,3.5159), (+0.0934,3.5156), (+0.1073,3.5156), (+0.1211,3.5156), (+0.1349,3.5152), (+0.1488,3.5110), (+0.1626,3.5080), (+0.1765,3.5082)
  stroke[ 83] (  6 pts): (+0.3287,3.4879), (+0.3287,3.5017), (+0.3287,3.5169), (+0.3287,3.5255), (+0.3287,3.5169), (+0.3287,3.5027)
  stroke[ 84] (  6 pts): (+0.3218,3.4325), (+0.3218,3.4464), (+0.3218,3.4615), (+0.3218,3.4701), (+0.3218,3.4615), (+0.3218,3.4474)
  stroke[ 85] (  5 pts): (+0.5034,3.3897), (+0.4859,3.3940), (+0.4734,3.3976), (+0.4734,3.3976), (+0.4859,3.3935)
  stroke[ 86] (  7 pts): (+0.6342,3.3633), (+0.6406,3.3772), (+0.6448,3.3910), (+0.6477,3.4055), (+0.6477,3.4055), (+0.6448,3.3910), (+0.6411,3.3772)
  stroke[ 87] ( 51 pts): (+0.6886,3.3208), (+0.6747,3.3243), (+0.6609,3.3307), (+0.6471,3.3356), (+0.6332,3.3403), (+0.6194,3.3429), (+0.6052,3.3492), (+0.5976,3.3633), (+0.6009,3.3772), (+0.6055,3.3910), (+0.6101,3.4048), (+0.6125,3.4187), (+0.6148,3.4325), (+0.6190,3.4464), (+0.6194,3.4602), (+0.6187,3.4740), (+0.6214,3.4882), (+0.6326,3.4948), (+0.6471,3.4899), (+0.6609,3.4823), (+0.6747,3.4760), (+0.6892,3.4661), (+0.6892,3.4661), (+0.6747,3.4760), (+0.6609,3.4823), (+0.6471,3.4892), (+0.6332,3.4971), (+0.6194,3.5063), (+0.6055,3.5133), (+0.5904,3.5185), (+0.5818,3.5218), (+0.5904,3.5185), (+0.6055,3.5133), (+0.6204,3.5070), (+0.6243,3.4955), (+0.6197,3.4810), (+0.6194,3.4671), (+0.6200,3.4533), (+0.6171,3.4394), (+0.6128,3.4256), (+0.6121,3.4118), (+0.6085,3.3979), (+0.6026,3.3841), (+0.5983,3.3702), (+0.6006,3.3557), (+0.6118,3.3445), (+0.6263,3.3416), (+0.6401,3.3386), (+0.6540,3.3333), (+0.6678,3.3277), (+0.6817,3.3203)
  stroke[ 88] (  5 pts): (+0.3080,3.3132), (+0.3080,3.3307), (+0.3080,3.3432), (+0.3080,3.3432), (+0.3080,3.3307)
  stroke[ 89] (  5 pts): (+0.3010,3.2648), (+0.3010,3.2823), (+0.3010,3.2948), (+0.3010,3.2948), (+0.3010,3.2823)
  stroke[ 90] (  5 pts): (+1.2907,3.2509), (+1.2907,3.2684), (+1.2907,3.2809), (+1.2907,3.2809), (+1.2907,3.2684)
  stroke[ 91] ( 72 pts): (+0.4810,3.2457), (+0.4810,3.2595), (+0.4810,3.2734), (+0.4810,3.2872), (+0.4810,3.3010), (+0.4810,3.3149), (+0.4810,3.3287), (+0.4803,3.3426), (+0.4829,3.3567), (+0.4942,3.3643), (+0.5087,3.3610), (+0.5225,3.3564), (+0.5363,3.3524), (+0.5502,3.3472), (+0.5640,3.3406), (+0.5779,3.3356), (+0.5917,3.3307), (+0.6055,3.3231), (+0.6194,3.3162), (+0.6332,3.3093), (+0.6471,3.3024), (+0.6616,3.2951), (+0.6616,3.2951), (+0.6471,3.3024), (+0.6332,3.3093), (+0.6194,3.3162), (+0.6055,3.3231), (+0.5917,3.3307), (+0.5779,3.3356), (+0.5640,3.3406), (+0.5502,3.3472), (+0.5363,3.3524), (+0.5225,3.3564), (+0.5087,3.3610), (+0.4948,3.3633), (+0.4810,3.3656), (+0.4671,3.3702), (+0.4533,3.3742), (+0.4394,3.3801), (+0.4256,3.3831), (+0.4118,3.3864), (+0.3979,3.3900), (+0.3841,3.3933), (+0.3702,3.3969), (+0.3564,3.4002), (+0.3426,3.4045), (+0.3281,3.4052), (+0.3169,3.3983), (+0.3142,3.3828), (+0.3149,3.3742), (+0.3142,3.3828), (+0.3169,3.3983), (+0.3281,3.4052), (+0.3426,3.4045), (+0.3564,3.4002), (+0.3702,3.3969), (+0.3841,3.3933), (+0.3979,3.3900), (+0.4118,3.3864), (+0.4256,3.3831), (+0.4394,3.3801), (+0.4533,3.3742), (+0.4678,3.3709), (+0.4790,3.3637), (+0.4816,3.3495), (+0.4810,3.3356), (+0.4810,3.3218), (+0.4810,3.3080), (+0.4810,3.2941), (+0.4810,3.2803), (+0.4810,3.2664), (+0.4810,3.2526)
  stroke[ 92] ( 18 pts): (+0.1903,3.2323), (+0.1765,3.2412), (+0.1626,3.2503), (+0.1488,3.2582), (+0.1349,3.2651), (+0.1211,3.2720), (+0.1073,3.2790), (+0.0934,3.2859), (+0.0783,3.2935), (+0.0697,3.2977), (+0.0783,3.2935), (+0.0934,3.2859), (+0.1073,3.2790), (+0.1211,3.2720), (+0.1349,3.2651), (+0.1488,3.2582), (+0.1626,3.2503), (+0.1765,3.2417)
  stroke[ 93] (  5 pts): (+0.2941,3.2094), (+0.2941,3.2269), (+0.2941,3.2394), (+0.2941,3.2394), (+0.2941,3.2269)
  stroke[ 94] (  9 pts): (+1.1453,3.2111), (+1.1453,3.2249), (+1.1453,3.2388), (+1.1453,3.2526), (+1.1453,3.2671), (+1.1453,3.2671), (+1.1453,3.2526), (+1.1453,3.2388), (+1.1453,3.2249)
  stroke[ 95] (  5 pts): (+0.2872,3.1610), (+0.2872,3.1784), (+0.2872,3.1910), (+0.2872,3.1910), (+0.2872,3.1784)
  stroke[ 96] (  7 pts): (+1.1666,3.1488), (+1.1616,3.1626), (+1.1562,3.1765), (+1.1526,3.1910), (+1.1526,3.1910), (+1.1562,3.1765), (+1.1616,3.1626)
  stroke[ 97] (  5 pts): (+0.2803,3.1125), (+0.2803,3.1300), (+0.2803,3.1425), (+0.2803,3.1425), (+0.2803,3.1300)
  stroke[ 98] (  9 pts): (+0.5765,3.1003), (+0.5808,3.1142), (+0.5838,3.1280), (+0.5871,3.1419), (+0.5914,3.1564), (+0.5914,3.1564), (+0.5871,3.1419), (+0.5838,3.1280), (+0.5798,3.1142)
  stroke[ 99] (  5 pts): (+1.0086,3.0727), (+0.9911,3.0727), (+0.9786,3.0727), (+0.9786,3.0727), (+0.9911,3.0727)
  stroke[100] (  5 pts): (+0.2734,3.0641), (+0.2734,3.0816), (+0.2734,3.0941), (+0.2734,3.0941), (+0.2734,3.0816)
  stroke[101] ( 14 pts): (+0.1280,3.0386), (+0.1142,3.0475), (+0.1003,3.0565), (+0.0865,3.0644), (+0.0727,3.0713), (+0.0588,3.0783), (+0.0437,3.0858), (+0.0351,3.0901), (+0.0437,3.0858), (+0.0588,3.0783), (+0.0727,3.0713), (+0.0865,3.0644), (+0.1003,3.0565), (+0.1142,3.0479)
  stroke[102] ( 14 pts): (+1.2081,3.0381), (+1.2056,3.0519), (+1.2007,3.0657), (+1.1957,3.0796), (+1.1892,3.0934), (+1.1845,3.1073), (+1.1780,3.1224), (+1.1737,3.1310), (+1.1780,3.1224), (+1.1845,3.1073), (+1.1892,3.0934), (+1.1957,3.0796), (+1.2007,3.0657), (+1.2056,3.0519)
  stroke[103] (  5 pts): (+0.2664,3.0157), (+0.2664,3.0331), (+0.2664,3.0456), (+0.2664,3.0456), (+0.2664,3.0331)
  stroke[104] ( 12 pts): (+0.5489,3.0035), (+0.5531,3.0173), (+0.5561,3.0311), (+0.5594,3.0450), (+0.5640,3.0588), (+0.5686,3.0740), (+0.5723,3.0826), (+0.5686,3.0740), (+0.5640,3.0588), (+0.5594,3.0450), (+0.5561,3.0311), (+0.5522,3.0173)
  stroke[105] (  9 pts): (+0.5770,2.9725), (+0.5665,2.9768), (+0.5627,2.9896), (+0.5663,3.0035), (+0.5703,3.0186), (+0.5779,3.0272), (+0.5851,3.0186), (+0.5844,3.0035), (+0.5803,2.9896)
  stroke[106] (  8 pts): (+1.2000,2.9273), (+1.2017,2.9412), (+1.2053,2.9550), (+1.2083,2.9702), (+1.2076,2.9787), (+1.2083,2.9702), (+1.2053,2.9550), (+1.2017,2.9412)
  stroke[107] ( 23 pts): (+1.1331,2.9204), (+1.1241,2.9343), (+1.1107,2.9481), (+1.0969,2.9616), (+1.0830,2.9712), (+1.0692,2.9820), (+1.0554,2.9962), (+1.0415,3.0064), (+1.0277,3.0143), (+1.0138,3.0252), (+1.0000,3.0358), (+0.9855,3.0460), (+0.9855,3.0460), (+1.0000,3.0358), (+1.0138,3.0252), (+1.0277,3.0143), (+1.0415,3.0064), (+1.0554,2.9962), (+1.0692,2.9820), (+1.0830,2.9712), (+1.0969,2.9616), (+1.1107,2.9481), (+1.1246,2.9343)
  stroke[108] ( 11 pts): (+0.5363,2.9135), (+0.5363,2.9273), (+0.5357,2.9412), (+0.5386,2.9550), (+0.5429,2.9689), (+0.5433,2.9834), (+0.5433,2.9834), (+0.5429,2.9689), (+0.5386,2.9550), (+0.5357,2.9412), (+0.5358,2.9273)
  stroke[109] ( 24 pts): (+1.0969,2.9143), (+1.0830,2.9125), (+1.0692,2.9138), (+1.0554,2.9181), (+1.0415,2.9204), (+1.0277,2.9227), (+1.0138,2.9273), (+1.0000,2.9313), (+0.9862,2.9372), (+0.9723,2.9412), (+0.9585,2.9461), (+0.9433,2.9544), (+0.9348,2.9586), (+0.9433,2.9544), (+0.9585,2.9461), (+0.9723,2.9412), (+0.9862,2.9372), (+1.0000,2.9313), (+1.0138,2.9273), (+1.0277,2.9227), (+1.0415,2.9204), (+1.0554,2.9181), (+1.0692,2.9138), (+1.0830,2.9130)
  stroke[110] ( 52 pts): (+0.4602,2.8720), (+0.4602,2.8858), (+0.4602,2.8997), (+0.4602,2.9135), (+0.4602,2.9273), (+0.4602,2.9412), (+0.4602,2.9550), (+0.4602,2.9689), (+0.4602,2.9827), (+0.4602,2.9965), (+0.4602,3.0104), (+0.4602,3.0242), (+0.4595,3.0381), (+0.4625,3.0519), (+0.4668,3.0657), (+0.4671,3.0796), (+0.4671,3.0934), (+0.4671,3.1073), (+0.4665,3.1211), (+0.4694,3.1349), (+0.4737,3.1488), (+0.4740,3.1626), (+0.4740,3.1765), (+0.4740,3.1903), (+0.4740,3.2042), (+0.4740,3.2193), (+0.4740,3.2279), (+0.4740,3.2193), (+0.4740,3.2042), (+0.4740,3.1903), (+0.4740,3.1765), (+0.4740,3.1626), (+0.4737,3.1488), (+0.4694,3.1349), (+0.4665,3.1211), (+0.4671,3.1073), (+0.4671,3.0934), (+0.4671,3.0796), (+0.4668,3.0657), (+0.4625,3.0519), (+0.4595,3.0381), (+0.4602,3.0242), (+0.4602,3.0104), (+0.4602,2.9965), (+0.4602,2.9827), (+0.4602,2.9689), (+0.4602,2.9550), (+0.4602,2.9412), (+0.4602,2.9273), (+0.4602,2.9135), (+0.4602,2.8997), (+0.4602,2.8858)
  stroke[111] ( 10 pts): (+1.0692,2.8585), (+1.0554,2.8576), (+1.0415,2.8604), (+1.0277,2.8641), (+1.0125,2.8674), (+1.0040,2.8713), (+1.0125,2.8674), (+1.0277,2.8641), (+1.0415,2.8604), (+1.0554,2.8581)
  stroke[112] (  8 pts): (+0.5294,2.8443), (+0.5294,2.8581), (+0.5294,2.8720), (+0.5294,2.8871), (+0.5294,2.8957), (+0.5294,2.8871), (+0.5294,2.8720), (+0.5294,2.8581)
  stroke[113] ( 14 pts): (+0.5790,2.8085), (+0.5625,2.8028), (+0.5522,2.8094), (+0.5498,2.8235), (+0.5548,2.8374), (+0.5571,2.8512), (+0.5591,2.8657), (+0.5703,2.8772), (+0.5854,2.8723), (+0.5848,2.8608), (+0.5841,2.8555), (+0.5881,2.8449), (+0.5833,2.8304), (+0.5765,2.8166)
  stroke[114] ( 18 pts): (+1.0277,2.8090), (+1.0138,2.8146), (+1.0000,2.8216), (+0.9862,2.8308), (+0.9723,2.8443), (+0.9578,2.8581), (+0.9469,2.8720), (+0.9367,2.8858), (+0.9249,2.9010), (+0.9203,2.9095), (+0.9249,2.9010), (+0.9367,2.8858), (+0.9469,2.8720), (+0.9578,2.8581), (+0.9723,2.8443), (+0.9862,2.8308), (+1.0000,2.8216), (+1.0138,2.8141)
  stroke[115] (  6 pts): (+0.5225,2.7820), (+0.5225,2.7958), (+0.5225,2.8110), (+0.5225,2.8196), (+0.5225,2.8110), (+0.5225,2.7968)
  stroke[116] (  9 pts): (+0.8270,2.7757), (+0.8408,2.7840), (+0.8547,2.7902), (+0.8685,2.7978), (+0.8830,2.8024), (+0.8830,2.8024), (+0.8685,2.7978), (+0.8547,2.7902), (+0.8408,2.7840)
  stroke[117] ( 13 pts): (+0.4671,2.7682), (+0.4671,2.7820), (+0.4671,2.7958), (+0.4671,2.8097), (+0.4671,2.8235), (+0.4671,2.8374), (+0.4671,2.8519), (+0.4671,2.8519), (+0.4671,2.8374), (+0.4671,2.8235), (+0.4671,2.8097), (+0.4671,2.7958), (+0.4671,2.7820)
  stroke[118] (  7 pts): (+0.5645,2.7649), (+0.5497,2.7692), (+0.5423,2.7820), (+0.5452,2.7962), (+0.5571,2.8034), (+0.5690,2.7962), (+0.5719,2.7830)
  stroke[119] (114 pts): (+0.5711,2.7474), (+0.5670,2.7612), (+0.5680,2.7751), (+0.5719,2.7889), (+0.5755,2.8028), (+0.5788,2.8166), (+0.5818,2.8304), (+0.5877,2.8443), (+0.5917,2.8581), (+0.5848,2.8720), (+0.5775,2.8871), (+0.5785,2.8957), (+0.5752,2.8865), (+0.5667,2.8852), (+0.5634,2.8997), (+0.5643,2.9135), (+0.5686,2.9273), (+0.5716,2.9412), (+0.5713,2.9550), (+0.5755,2.9689), (+0.5788,2.9827), (+0.5825,2.9965), (+0.5858,3.0104), (+0.5887,3.0242), (+0.5947,3.0381), (+0.5986,3.0519), (+0.6032,3.0657), (+0.6065,3.0796), (+0.6101,3.0934), (+0.6134,3.1073), (+0.6164,3.1211), (+0.6223,3.1349), (+0.6253,3.1488), (+0.6286,3.1626), (+0.6329,3.1765), (+0.6332,3.1910), (+0.6332,3.1910), (+0.6329,3.1765), (+0.6286,3.1626), (+0.6253,3.1488), (+0.6223,3.1349), (+0.6164,3.1211), (+0.6134,3.1073), (+0.6101,3.0934), (+0.6065,3.0796), (+0.6039,3.0657), (+0.5963,3.0512), (+0.5874,3.0512), (+0.5844,3.0657), (+0.5887,3.0796), (+0.5947,3.0934), (+0.5976,3.1073), (+0.6009,3.1211), (+0.6055,3.1349), (+0.6101,3.1488), (+0.6134,3.1626), (+0.6171,3.1765), (+0.6194,3.1903), (+0.6227,3.2045), (+0.6279,3.2117), (+0.6227,3.2045), (+0.6194,3.1903), (+0.6171,3.1765), (+0.6134,3.1626), (+0.6101,3.1488), (+0.6055,3.1349), (+0.6009,3.1211), (+0.5976,3.1073), (+0.5947,3.0934), (+0.5887,3.0796), (+0.5858,3.0657), (+0.5825,3.0519), (+0.5779,3.0381), (+0.5739,3.0242), (+0.5680,3.0104), (+0.5643,2.9965), (+0.5637,2.9827), (+0.5594,2.9689), (+0.5571,2.9550), (+0.5548,2.9412), (+0.5505,2.9273), (+0.5502,2.9135), (+0.5502,2.8983), (+0.5502,2.8898), (+0.5502,2.8983), (+0.5502,2.9135), (+0.5505,2.9273), (+0.5548,2.9412), (+0.5571,2.9550), (+0.5597,2.9695), (+0.5683,2.9695), (+0.5716,2.9550), (+0.5716,2.9412), (+0.5686,2.9273), (+0.5643,2.9135), (+0.5640,2.8997), (+0.5647,2.8858), (+0.5617,2.8720), (+0.5581,2.8581), (+0.5545,2.8436), (+0.5459,2.8436), (+0.5426,2.8594), (+0.5433,2.8680), (+0.5426,2.8594), (+0.5456,2.8443), (+0.5498,2.8304), (+0.5508,2.8166), (+0.5479,2.8028), (+0.5442,2.7889), (+0.5409,2.7751), (+0.5363,2.7606), (+0.5429,2.7491), (+0.5561,2.7514), (+0.5718,2.7593)
  stroke[120] (  9 pts): (+0.5571,2.7191), (+0.5433,2.7247), (+0.5288,2.7316), (+0.5175,2.7408), (+0.5149,2.7550), (+0.5149,2.7550), (+0.5175,2.7408), (+0.5288,2.7316), (+0.5428,2.7242)
  stroke[121] ( 13 pts): (+0.4810,2.6644), (+0.4810,2.6782), (+0.4816,2.6920), (+0.4787,2.7059), (+0.4744,2.7197), (+0.4740,2.7336), (+0.4740,2.7481), (+0.4740,2.7481), (+0.4740,2.7336), (+0.4744,2.7197), (+0.4787,2.7059), (+0.4816,2.6920), (+0.4815,2.6782)
  stroke[122] ( 24 pts): (+1.0412,2.6644), (+1.0460,2.6782), (+1.0557,2.6920), (+1.0692,2.7059), (+1.0830,2.7197), (+1.0969,2.7336), (+1.1107,2.7474), (+1.1246,2.7612), (+1.1391,2.7751), (+1.1499,2.7889), (+1.1592,2.8028), (+1.1687,2.8179), (+1.1724,2.8265), (+1.1687,2.8179), (+1.1592,2.8028), (+1.1499,2.7889), (+1.1391,2.7751), (+1.1246,2.7612), (+1.1107,2.7474), (+1.0969,2.7336), (+1.0830,2.7197), (+1.0692,2.7059), (+1.0557,2.6920), (+1.0460,2.6782)
  stroke[123] (  7 pts): (+1.0203,2.6021), (+1.0227,2.6159), (+1.0277,2.6298), (+1.0330,2.6443), (+1.0330,2.6443), (+1.0277,2.6298), (+1.0227,2.6159)
  stroke[124] ( 20 pts): (+1.1320,2.6021), (+1.1270,2.6159), (+1.1216,2.6298), (+1.1176,2.6436), (+1.1130,2.6574), (+1.1094,2.6713), (+1.1124,2.6851), (+1.1193,2.6990), (+1.1308,2.7135), (+1.1466,2.7257), (+1.1552,2.7303), (+1.1466,2.7257), (+1.1308,2.7135), (+1.1193,2.6990), (+1.1124,2.6851), (+1.1094,2.6713), (+1.1130,2.6574), (+1.1176,2.6436), (+1.1216,2.6298), (+1.1270,2.6159)
  stroke[125] ( 14 pts): (+0.9924,2.4913), (+0.9941,2.5052), (+0.9977,2.5190), (+1.0010,2.5329), (+1.0046,2.5467), (+1.0079,2.5606), (+1.0115,2.5757), (+1.0152,2.5843), (+1.0115,2.5757), (+1.0079,2.5606), (+1.0046,2.5467), (+1.0010,2.5329), (+0.9977,2.5190), (+0.9941,2.5052)
  stroke[126] ( 14 pts): (+0.0588,2.4800), (+0.0727,2.4829), (+0.0865,2.4848), (+0.1003,2.4890), (+0.1155,2.4930), (+0.1241,2.4937), (+0.1155,2.4930), (+0.1003,2.4890), (+0.0865,2.4848), (+0.0727,2.4841), (+0.0588,2.4798), (+0.0437,2.4768), (+0.0351,2.4775), (+0.0430,2.4775)
  stroke[127] ( 22 pts): (+0.5156,2.4567), (+0.5156,2.4706), (+0.5162,2.4844), (+0.5133,2.4983), (+0.5090,2.5121), (+0.5093,2.5260), (+0.5063,2.5398), (+0.5021,2.5536), (+0.5014,2.5675), (+0.4971,2.5813), (+0.4942,2.5965), (+0.4948,2.6050), (+0.4942,2.5965), (+0.4971,2.5813), (+0.5014,2.5675), (+0.5021,2.5536), (+0.5063,2.5398), (+0.5093,2.5260), (+0.5090,2.5121), (+0.5133,2.4983), (+0.5162,2.4844), (+0.5161,2.4706)
  stroke[128] ( 13 pts): (+0.6616,2.4083), (+0.6560,2.4221), (+0.6484,2.4360), (+0.6421,2.4498), (+0.6332,2.4637), (+0.6240,2.4775), (+0.6125,2.4920), (+0.6125,2.4920), (+0.6240,2.4775), (+0.6332,2.4637), (+0.6421,2.4498), (+0.6484,2.4360), (+0.6560,2.4221)
  stroke[129] (  6 pts): (+0.2796,2.3460), (+0.2714,2.3599), (+0.2645,2.3750), (+0.2602,2.3836), (+0.2645,2.3750), (+0.2709,2.3609)
  stroke[130] (160 pts): (+0.5017,2.2422), (+0.5017,2.2561), (+0.5017,2.2699), (+0.5017,2.2837), (+0.5017,2.2976), (+0.5017,2.3114), (+0.5017,2.3253), (+0.5017,2.3391), (+0.5017,2.3529), (+0.5017,2.3668), (+0.5017,2.3806), (+0.5024,2.3945), (+0.4994,2.4083), (+0.4951,2.4221), (+0.4948,2.4360), (+0.4955,2.4498), (+0.4925,2.4637), (+0.4882,2.4775), (+0.4879,2.4913), (+0.4876,2.5052), (+0.4833,2.5190), (+0.4803,2.5329), (+0.4806,2.5467), (+0.4764,2.5606), (+0.4734,2.5744), (+0.4737,2.5882), (+0.4694,2.6021), (+0.4671,2.6159), (+0.4648,2.6298), (+0.4605,2.6436), (+0.4602,2.6574), (+0.4599,2.6713), (+0.4556,2.6851), (+0.4526,2.6990), (+0.4533,2.7128), (+0.4530,2.7266), (+0.4487,2.7405), (+0.4457,2.7543), (+0.4464,2.7682), (+0.4464,2.7820), (+0.4470,2.7958), (+0.4441,2.8097), (+0.4398,2.8235), (+0.4394,2.8374), (+0.4394,2.8512), (+0.4394,2.8651), (+0.4394,2.8789), (+0.4394,2.8927), (+0.4394,2.9066), (+0.4394,2.9204), (+0.4394,2.9343), (+0.4394,2.9481), (+0.4394,2.9619), (+0.4394,2.9758), (+0.4394,2.9896), (+0.4394,3.0035), (+0.4394,3.0173), (+0.4394,3.0311), (+0.4394,3.0450), (+0.4394,3.0588), (+0.4388,3.0727), (+0.4418,3.0865), (+0.4460,3.1003), (+0.4464,3.1142), (+0.4464,3.1280), (+0.4464,3.1419), (+0.4464,3.1557), (+0.4467,3.1696), (+0.4510,3.1834), (+0.4539,3.1972), (+0.4533,3.2111), (+0.4533,3.2249), (+0.4533,3.2388), (+0.4533,3.2526), (+0.4533,3.2664), (+0.4533,3.2803), (+0.4533,3.2941), (+0.4533,3.3080), (+0.4533,3.3218), (+0.4533,3.3370), (+0.4533,3.3455), (+0.4533,3.3370), (+0.4533,3.3218), (+0.4533,3.3080), (+0.4533,3.2941), (+0.4533,3.2803), (+0.4533,3.2664), (+0.4533,3.2526), (+0.4533,3.2388), (+0.4533,3.2249), (+0.4533,3.2111), (+0.4539,3.1972), (+0.4510,3.1834), (+0.4467,3.1696), (+0.4464,3.1557), (+0.4464,3.1419), (+0.4464,3.1280), (+0.4464,3.1142), (+0.4460,3.1003), (+0.4418,3.0865), (+0.4388,3.0727), (+0.4394,3.0588), (+0.4394,3.0450), (+0.4394,3.0311), (+0.4394,3.0173), (+0.4394,3.0035), (+0.4394,2.9896), (+0.4394,2.9758), (+0.4394,2.9619), (+0.4394,2.9481), (+0.4394,2.9343), (+0.4394,2.9204), (+0.4394,2.9066), (+0.4394,2.8927), (+0.4394,2.8789), (+0.4394,2.8651), (+0.4394,2.8512), (+0.4394,2.8374), (+0.4398,2.8235), (+0.4441,2.8097), (+0.4470,2.7958), (+0.4464,2.7820), (+0.4464,2.7682), (+0.4457,2.7543), (+0.4487,2.7405), (+0.4530,2.7266), (+0.4533,2.7128), (+0.4526,2.6990), (+0.4556,2.6851), (+0.4599,2.6713), (+0.4602,2.6574), (+0.4605,2.6436), (+0.4648,2.6298), (+0.4671,2.6159), (+0.4694,2.6021), (+0.4737,2.5882), (+0.4734,2.5744), (+0.4764,2.5606), (+0.4806,2.5467), (+0.4803,2.5329), (+0.4833,2.5190), (+0.4876,2.5052), (+0.4879,2.4913), (+0.4882,2.4775), (+0.4925,2.4637), (+0.4955,2.4498), (+0.4948,2.4360), (+0.4951,2.4221), (+0.4994,2.4083), (+0.5024,2.3945), (+0.5017,2.3806), (+0.5017,2.3668), (+0.5017,2.3529), (+0.5017,2.3391), (+0.5017,2.3253), (+0.5017,2.3114), (+0.5017,2.2976), (+0.5017,2.2837), (+0.5017,2.2699), (+0.5017,2.2561)
  stroke[131] ( 19 pts): (+0.8194,2.2284), (+0.8112,2.2422), (+0.8049,2.2561), (+0.7980,2.2699), (+0.7911,2.2837), (+0.7841,2.2976), (+0.7766,2.3114), (+0.7716,2.3253), (+0.7667,2.3391), (+0.7588,2.3536), (+0.7588,2.3536), (+0.7667,2.3391), (+0.7716,2.3253), (+0.7766,2.3114), (+0.7841,2.2976), (+0.7911,2.2837), (+0.7980,2.2699), (+0.8049,2.2561), (+0.8112,2.2422)
  stroke[132] ( 11 pts): (+0.5225,2.1869), (+0.5225,2.2007), (+0.5225,2.2145), (+0.5225,2.2284), (+0.5225,2.2422), (+0.5225,2.2567), (+0.5225,2.2567), (+0.5225,2.2422), (+0.5225,2.2284), (+0.5225,2.2145), (+0.5225,2.2007)
  stroke[133] ( 22 pts): (+0.6665,2.1176), (+0.6569,2.1315), (+0.6467,2.1453), (+0.6335,2.1592), (+0.6240,2.1730), (+0.6131,2.1869), (+0.5989,2.2007), (+0.5894,2.2145), (+0.5779,2.2284), (+0.5663,2.2422), (+0.5554,2.2574), (+0.5472,2.2659), (+0.5554,2.2574), (+0.5663,2.2422), (+0.5779,2.2284), (+0.5894,2.2145), (+0.5989,2.2007), (+0.6131,2.1869), (+0.6240,2.1730), (+0.6335,2.1592), (+0.6467,2.1453), (+0.6565,2.1315)
  stroke[134] ( 20 pts): (+0.7929,2.0969), (+0.7879,2.1107), (+0.7832,2.1246), (+0.7772,2.1384), (+0.7703,2.1522), (+0.7634,2.1661), (+0.7565,2.1799), (+0.7495,2.1938), (+0.7426,2.2076), (+0.7350,2.2228), (+0.7308,2.2313), (+0.7350,2.2228), (+0.7426,2.2076), (+0.7495,2.1938), (+0.7565,2.1799), (+0.7634,2.1661), (+0.7703,2.1522), (+0.7772,2.1384), (+0.7832,2.1246), (+0.7884,2.1107)
  stroke[135] (  7 pts): (+0.8749,2.0761), (+0.8799,2.0900), (+0.8853,2.1038), (+0.8889,2.1183), (+0.8889,2.1183), (+0.8853,2.1038), (+0.8799,2.0900)
  stroke[136] (235 pts): (+0.6133,1.9712), (+0.5976,1.9654), (+0.5851,1.9720), (+0.5749,1.9862), (+0.5670,2.0000), (+0.5568,2.0138), (+0.5433,2.0277), (+0.5297,2.0415), (+0.5202,2.0554), (+0.5087,2.0692), (+0.4971,2.0830), (+0.4876,2.0969), (+0.4744,2.1107), (+0.4648,2.1246), (+0.4543,2.1384), (+0.4441,2.1522), (+0.4335,2.1661), (+0.4233,2.1799), (+0.4128,2.1938), (+0.4025,2.2076), (+0.3920,2.2215), (+0.3818,2.2353), (+0.3712,2.2491), (+0.3604,2.2630), (+0.3518,2.2768), (+0.3445,2.2907), (+0.3356,2.3045), (+0.3267,2.3183), (+0.3195,2.3322), (+0.3103,2.3460), (+0.3024,2.3599), (+0.2954,2.3737), (+0.2885,2.3875), (+0.2816,2.4014), (+0.2747,2.4152), (+0.2687,2.4291), (+0.2641,2.4429), (+0.2582,2.4567), (+0.2506,2.4706), (+0.2457,2.4844), (+0.2417,2.4983), (+0.2358,2.5121), (+0.2318,2.5260), (+0.2272,2.5398), (+0.2239,2.5536), (+0.2203,2.5675), (+0.2170,2.5813), (+0.2134,2.5952), (+0.2104,2.6090), (+0.2107,2.6228), (+0.2065,2.6367), (+0.2032,2.6505), (+0.1995,2.6644), (+0.1962,2.6782), (+0.1926,2.6920), (+0.1900,2.7059), (+0.1949,2.7197), (+0.1979,2.7336), (+0.1972,2.7474), (+0.1972,2.7612), (+0.1972,2.7751), (+0.1972,2.7889), (+0.1972,2.8028), (+0.1972,2.8166), (+0.1972,2.8304), (+0.1966,2.8443), (+0.1995,2.8581), (+0.2038,2.8720), (+0.2042,2.8858), (+0.2042,2.8997), (+0.2042,2.9135), (+0.2042,2.9273), (+0.2035,2.9412), (+0.2065,2.9550), (+0.2107,2.9689), (+0.2111,2.9827), (+0.2104,2.9965), (+0.2134,3.0104), (+0.2177,3.0242), (+0.2180,3.0381), (+0.2183,3.0519), (+0.2226,3.0657), (+0.2256,3.0796), (+0.2249,3.0934), (+0.2243,3.1073), (+0.2272,3.1211), (+0.2315,3.1349), (+0.2318,3.1488), (+0.2322,3.1626), (+0.2364,3.1765), (+0.2394,3.1903), (+0.2388,3.2042), (+0.2381,3.2180), (+0.2411,3.2318), (+0.2453,3.2457), (+0.2457,3.2595), (+0.2460,3.2734), (+0.2503,3.2872), (+0.2533,3.3010), (+0.2519,3.3149), (+0.2549,3.3287), (+0.2592,3.3426), (+0.2595,3.3564), (+0.2595,3.3702), (+0.2598,3.3841), (+0.2641,3.3979), (+0.2671,3.4118), (+0.2664,3.4256), (+0.2658,3.4394), (+0.2687,3.4533), (+0.2730,3.4671), (+0.2734,3.4810), (+0.2727,3.4948), (+0.2757,3.5087), (+0.2799,3.5225), (+0.2803,3.5363), (+0.2806,3.5502), (+0.2846,3.5647), (+0.2951,3.5762), (+0.3060,3.5719), (+0.3093,3.5571), (+0.3057,3.5433), (+0.3014,3.5294), (+0.3010,3.5156), (+0.3017,3.5017), (+0.2987,3.4879), (+0.2944,3.4740), (+0.2941,3.4602), (+0.2948,3.4464), (+0.2918,3.4325), (+0.2875,3.4187), (+0.2872,3.4048), (+0.2879,3.3910), (+0.2849,3.3772), (+0.2806,3.3633), (+0.2803,3.3495), (+0.2803,3.3356), (+0.2799,3.3218), (+0.2757,3.3080), (+0.2727,3.2941), (+0.2740,3.2803), (+0.2710,3.2664), (+0.2668,3.2526), (+0.2664,3.2388), (+0.2671,3.2249), (+0.2641,3.2111), (+0.2598,3.1972), (+0.2595,3.1834), (+0.2602,3.1696), (+0.2572,3.1557), (+0.2529,3.1419), (+0.2526,3.1280), (+0.2523,3.1142), (+0.2480,3.1003), (+0.2450,3.0865), (+0.2463,3.0727), (+0.2434,3.0588), (+0.2391,3.0450), (+0.2388,3.0311), (+0.2384,3.0173), (+0.2341,3.0035), (+0.2312,2.9896), (+0.2318,2.9758), (+0.2318,2.9619), (+0.2315,2.9481), (+0.2272,2.9343), (+0.2243,2.9204), (+0.2249,2.9066), (+0.2249,2.8927), (+0.2249,2.8789), (+0.2249,2.8651), (+0.2246,2.8512), (+0.2203,2.8374), (+0.2173,2.8235), (+0.2180,2.8097), (+0.2180,2.7958), (+0.2180,2.7820), (+0.2180,2.7682), (+0.2173,2.7543), (+0.2203,2.7405), (+0.2246,2.7266), (+0.2249,2.7128), (+0.2249,2.6990), (+0.2249,2.6851), (+0.2243,2.6713), (+0.2272,2.6574), (+0.2315,2.6436), (+0.2312,2.6298), (+0.2341,2.6159), (+0.2384,2.6021), (+0.2391,2.5882), (+0.2427,2.5744), (+0.2486,2.5606), (+0.2516,2.5467), (+0.2549,2.5329), (+0.2595,2.5190), (+0.2635,2.5052), (+0.2694,2.4913), (+0.2734,2.4775), (+0.2783,2.4637), (+0.2859,2.4498), (+0.2928,2.4360), (+0.2997,2.4221), (+0.3066,2.4083), (+0.3136,2.3945), (+0.3205,2.3806), (+0.3267,2.3668), (+0.3356,2.3529), (+0.3445,2.3391), (+0.3518,2.3253), (+0.3610,2.3114), (+0.3683,2.2976), (+0.3772,2.2837), (+0.3864,2.2699), (+0.3969,2.2561), (+0.4068,2.2422), (+0.4134,2.2284), (+0.4246,2.2145), (+0.4348,2.2007), (+0.4457,2.1869), (+0.4599,2.1730), (+0.4694,2.1592), (+0.4810,2.1453), (+0.4925,2.1308), (+0.5027,2.1200), (+0.5139,2.1104), (+0.5205,2.0969), (+0.5304,2.0830), (+0.5409,2.0692), (+0.5505,2.0554), (+0.5647,2.0415), (+0.5755,2.0277), (+0.5848,2.0138), (+0.5940,2.0000), (+0.6055,1.9862)
  stroke[137] (  6 pts): (+0.7514,1.9654), (+0.7464,1.9792), (+0.7410,1.9944), (+0.7377,2.0030), (+0.7410,1.9944), (+0.7464,1.9802)
  stroke[138] ( 59 pts): (+0.5721,1.9239), (+0.5779,1.9377), (+0.5706,1.9516), (+0.5594,1.9654), (+0.5498,1.9792), (+0.5363,1.9931), (+0.5228,2.0069), (+0.5133,2.0208), (+0.5017,2.0346), (+0.4902,2.0484), (+0.4806,2.0623), (+0.4675,2.0761), (+0.4579,2.0900), (+0.4464,2.1038), (+0.4348,2.1176), (+0.4246,2.1315), (+0.4141,2.1453), (+0.4039,2.1592), (+0.3933,2.1730), (+0.3831,2.1869), (+0.3725,2.2007), (+0.3633,2.2145), (+0.3541,2.2284), (+0.3435,2.2422), (+0.3327,2.2561), (+0.3241,2.2699), (+0.3169,2.2837), (+0.3080,2.2976), (+0.2991,2.3114), (+0.2925,2.3259), (+0.2925,2.3259), (+0.2991,2.3114), (+0.3080,2.2976), (+0.3169,2.2837), (+0.3241,2.2699), (+0.3327,2.2561), (+0.3435,2.2422), (+0.3541,2.2284), (+0.3633,2.2145), (+0.3725,2.2007), (+0.3831,2.1869), (+0.3933,2.1730), (+0.4039,2.1592), (+0.4141,2.1453), (+0.4246,2.1315), (+0.4348,2.1176), (+0.4464,2.1038), (+0.4579,2.0900), (+0.4675,2.0761), (+0.4806,2.0623), (+0.4902,2.0484), (+0.5017,2.0346), (+0.5133,2.0208), (+0.5228,2.0069), (+0.5363,1.9931), (+0.5498,1.9792), (+0.5594,1.9654), (+0.5706,1.9516), (+0.5774,1.9377)
  stroke[139] ( 10 pts): (+0.5433,1.9158), (+0.5294,1.9100), (+0.5149,1.9166), (+0.5030,1.9308), (+0.5030,1.9453), (+0.5149,1.9565), (+0.5294,1.9598), (+0.5439,1.9565), (+0.5558,1.9453), (+0.5556,1.9313)
  stroke[140] ( 14 pts): (+0.5363,1.8962), (+0.5423,1.9100), (+0.5489,1.9146), (+0.5531,1.9170), (+0.5548,1.9308), (+0.5558,1.9453), (+0.5439,1.9565), (+0.5294,1.9598), (+0.5149,1.9565), (+0.5030,1.9453), (+0.5030,1.9308), (+0.5149,1.9166), (+0.5294,1.9090), (+0.5433,1.9053)
  stroke[141] ( 26 pts): (+0.8562,1.8616), (+0.8626,1.8754), (+0.8708,1.8893), (+0.8794,1.9031), (+0.8893,1.9170), (+0.8985,1.9308), (+0.9090,1.9446), (+0.9193,1.9585), (+0.9301,1.9730), (+0.9446,1.9839), (+0.9585,1.9931), (+0.9723,2.0020), (+0.9875,2.0089), (+0.9960,2.0132), (+0.9875,2.0089), (+0.9723,2.0020), (+0.9585,1.9931), (+0.9446,1.9839), (+0.9301,1.9730), (+0.9193,1.9585), (+0.9090,1.9446), (+0.8985,1.9308), (+0.8893,1.9170), (+0.8794,1.9031), (+0.8708,1.8893), (+0.8636,1.8754)
  stroke[142] ( 16 pts): (+0.4118,1.8136), (+0.4256,1.8225), (+0.4394,1.8309), (+0.4533,1.8408), (+0.4671,1.8507), (+0.4810,1.8586), (+0.4948,1.8685), (+0.5100,1.8791), (+0.5185,1.8840), (+0.5100,1.8791), (+0.4948,1.8685), (+0.4810,1.8586), (+0.4671,1.8507), (+0.4533,1.8408), (+0.4394,1.8309), (+0.4256,1.8225)
  stroke[143] (  7 pts): (+0.3495,1.7721), (+0.3633,1.7835), (+0.3772,1.7924), (+0.3917,1.8016), (+0.3917,1.8016), (+0.3772,1.7924), (+0.3633,1.7835)
  stroke[144] ( 34 pts): (+0.5009,1.7406), (+0.4904,1.7449), (+0.4872,1.7578), (+0.4879,1.7716), (+0.4879,1.7868), (+0.4879,1.7954), (+0.4879,1.7868), (+0.4879,1.7716), (+0.4885,1.7578), (+0.4859,1.7436), (+0.4747,1.7367), (+0.4602,1.7370), (+0.4464,1.7370), (+0.4325,1.7370), (+0.4187,1.7370), (+0.4048,1.7370), (+0.3910,1.7364), (+0.3762,1.7390), (+0.3719,1.7509), (+0.3834,1.7624), (+0.3979,1.7716), (+0.4118,1.7815), (+0.4256,1.7894), (+0.4394,1.7993), (+0.4533,1.8092), (+0.4671,1.8178), (+0.4810,1.8257), (+0.4955,1.8326), (+0.5067,1.8280), (+0.5093,1.8131), (+0.5087,1.7993), (+0.5087,1.7855), (+0.5087,1.7716), (+0.5087,1.7578)
  stroke[145] (  5 pts): (+0.4965,1.7163), (+0.4790,1.7163), (+0.4665,1.7163), (+0.4665,1.7163), (+0.4790,1.7163)
  stroke[146] ( 22 pts): (+0.6747,1.7024), (+0.6846,1.7163), (+0.6945,1.7301), (+0.7047,1.7439), (+0.7156,1.7584), (+0.7301,1.7693), (+0.7439,1.7789), (+0.7578,1.7930), (+0.7716,1.8039), (+0.7855,1.8141), (+0.8006,1.8240), (+0.8092,1.8260), (+0.8006,1.8240), (+0.7855,1.8141), (+0.7716,1.8039), (+0.7578,1.7930), (+0.7439,1.7789), (+0.7301,1.7693), (+0.7156,1.7584), (+0.7047,1.7439), (+0.6945,1.7301), (+0.6846,1.7163)
  stroke[147] (148 pts): (+0.3145,1.6930), (+0.3015,1.6915), (+0.2935,1.7018), (+0.2895,1.7163), (+0.2865,1.7301), (+0.2869,1.7439), (+0.2826,1.7578), (+0.2796,1.7716), (+0.2809,1.7855), (+0.2780,1.7993), (+0.2737,1.8131), (+0.2740,1.8270), (+0.2710,1.8408), (+0.2668,1.8547), (+0.2671,1.8685), (+0.2641,1.8824), (+0.2598,1.8962), (+0.2595,1.9100), (+0.2592,1.9239), (+0.2549,1.9377), (+0.2519,1.9516), (+0.2523,1.9654), (+0.2480,1.9792), (+0.2450,1.9931), (+0.2463,2.0069), (+0.2434,2.0208), (+0.2391,2.0346), (+0.2388,2.0484), (+0.2384,2.0623), (+0.2341,2.0761), (+0.2312,2.0900), (+0.2318,2.1038), (+0.2315,2.1176), (+0.2272,2.1315), (+0.2243,2.1453), (+0.2249,2.1592), (+0.2246,2.1730), (+0.2203,2.1869), (+0.2173,2.2007), (+0.2180,2.2145), (+0.2177,2.2284), (+0.2134,2.2422), (+0.2104,2.2561), (+0.2111,2.2699), (+0.2117,2.2837), (+0.2088,2.2976), (+0.2045,2.3114), (+0.2042,2.3253), (+0.2042,2.3391), (+0.2048,2.3529), (+0.2018,2.3668), (+0.1976,2.3806), (+0.1972,2.3945), (+0.1972,2.4083), (+0.1972,2.4221), (+0.1969,2.4360), (+0.1926,2.4498), (+0.1897,2.4637), (+0.1903,2.4775), (+0.1903,2.4913), (+0.1903,2.5052), (+0.1903,2.5190), (+0.1903,2.5329), (+0.1903,2.5467), (+0.1903,2.5606), (+0.1903,2.5744), (+0.1903,2.5882), (+0.1903,2.6021), (+0.1903,2.6159), (+0.1903,2.6298), (+0.1897,2.6436), (+0.1929,2.6581), (+0.2015,2.6581), (+0.2051,2.6436), (+0.2088,2.6298), (+0.2117,2.6159), (+0.2114,2.6021), (+0.2157,2.5882), (+0.2190,2.5744), (+0.2226,2.5606), (+0.2259,2.5467), (+0.2289,2.5329), (+0.2348,2.5190), (+0.2388,2.5052), (+0.2427,2.4913), (+0.2480,2.4775), (+0.2539,2.4637), (+0.2615,2.4498), (+0.2664,2.4360), (+0.2714,2.4221), (+0.2790,2.4083), (+0.2859,2.3945), (+0.2928,2.3806), (+0.2997,2.3668), (+0.3060,2.3529), (+0.3149,2.3391), (+0.3238,2.3253), (+0.3310,2.3114), (+0.3403,2.2976), (+0.3475,2.2837), (+0.3564,2.2699), (+0.3656,2.2561), (+0.3762,2.2422), (+0.3864,2.2284), (+0.3969,2.2145), (+0.4072,2.2007), (+0.4177,2.1869), (+0.4279,2.1730), (+0.4385,2.1592), (+0.4487,2.1453), (+0.4592,2.1315), (+0.4694,2.1176), (+0.4810,2.1038), (+0.4925,2.0900), (+0.5021,2.0761), (+0.5152,2.0623), (+0.5248,2.0484), (+0.5357,2.0346), (+0.5508,2.0208), (+0.5617,2.0069), (+0.5709,1.9931), (+0.5802,1.9786), (+0.5917,1.9677), (+0.6029,1.9581), (+0.6092,1.9446), (+0.6105,1.9308), (+0.6039,1.9173), (+0.5924,1.9077), (+0.5779,1.8972), (+0.5640,1.8870), (+0.5502,1.8764), (+0.5363,1.8662), (+0.5225,1.8553), (+0.5087,1.8412), (+0.4948,1.8319), (+0.4810,1.8257), (+0.4671,1.8178), (+0.4533,1.8092), (+0.4394,1.7993), (+0.4256,1.7894), (+0.4118,1.7815), (+0.3979,1.7716), (+0.3841,1.7624), (+0.3702,1.7509), (+0.3564,1.7387), (+0.3419,1.7321), (+0.3310,1.7229), (+0.3208,1.7098)
  stroke[148] ( 11 pts): (+0.5765,1.6943), (+0.5833,1.7108), (+0.5788,1.7212), (+0.5640,1.7238), (+0.5502,1.7232), (+0.5357,1.7232), (+0.5357,1.7232), (+0.5502,1.7232), (+0.5640,1.7238), (+0.5788,1.7212), (+0.5823,1.7103)
  stroke[149] ( 13 pts): (+0.8552,1.6955), (+0.8527,1.7093), (+0.8478,1.7232), (+0.8438,1.7370), (+0.8379,1.7509), (+0.8339,1.7647), (+0.8286,1.7792), (+0.8286,1.7792), (+0.8339,1.7647), (+0.8379,1.7509), (+0.8438,1.7370), (+0.8478,1.7232), (+0.8527,1.7093)
  stroke[150] (  9 pts): (+0.5640,1.6739), (+0.5502,1.6673), (+0.5363,1.6675), (+0.5215,1.6744), (+0.5172,1.6886), (+0.5288,1.7028), (+0.5433,1.7100), (+0.5574,1.7028), (+0.5640,1.6896)
  stroke[151] (  9 pts): (+0.5576,1.6678), (+0.5650,1.6817), (+0.5620,1.6962), (+0.5508,1.7080), (+0.5363,1.7080), (+0.5215,1.6962), (+0.5172,1.6810), (+0.5288,1.6698), (+0.5428,1.6668)
  stroke[152] (  7 pts): (+0.6466,1.6263), (+0.6490,1.6401), (+0.6540,1.6540), (+0.6593,1.6685), (+0.6593,1.6685), (+0.6540,1.6540), (+0.6490,1.6401)
  stroke[153] (  5 pts): (+0.5362,1.6177), (+0.5462,1.6352), (+0.5518,1.6477), (+0.5518,1.6477), (+0.5462,1.6352)
  stroke[154] (726 pts): (+0.6042,1.5571), (+0.6085,1.5709), (+0.6121,1.5848), (+0.6125,1.5986), (+0.6128,1.6125), (+0.6171,1.6263), (+0.6204,1.6401), (+0.6233,1.6540), (+0.6286,1.6678), (+0.6345,1.6817), (+0.6415,1.6955), (+0.6484,1.7093), (+0.6563,1.7232), (+0.6649,1.7370), (+0.6751,1.7509), (+0.6886,1.7647), (+0.7024,1.7785), (+0.7163,1.7930), (+0.7301,1.8039), (+0.7439,1.8141), (+0.7578,1.8247), (+0.7716,1.8342), (+0.7855,1.8474), (+0.7993,1.8573), (+0.8131,1.8616), (+0.8276,1.8550), (+0.8382,1.8408), (+0.8438,1.8270), (+0.8478,1.8131), (+0.8517,1.7993), (+0.8570,1.7855), (+0.8636,1.7716), (+0.8685,1.7578), (+0.8725,1.7439), (+0.8784,1.7301), (+0.8824,1.7163), (+0.8870,1.7024), (+0.8909,1.6873), (+0.8916,1.6787), (+0.8909,1.6873), (+0.8870,1.7024), (+0.8824,1.7163), (+0.8784,1.7301), (+0.8725,1.7439), (+0.8685,1.7578), (+0.8636,1.7716), (+0.8570,1.7855), (+0.8517,1.7993), (+0.8478,1.8131), (+0.8425,1.8270), (+0.8428,1.8402), (+0.8408,1.8454), (+0.8260,1.8534), (+0.8217,1.8685), (+0.8329,1.8824), (+0.8438,1.8962), (+0.8517,1.9100), (+0.8616,1.9239), (+0.8715,1.9377), (+0.8794,1.9516), (+0.8893,1.9654), (+0.8985,1.9792), (+0.9094,1.9937), (+0.9239,2.0046), (+0.9377,2.0138), (+0.9516,2.0237), (+0.9654,2.0323), (+0.9792,2.0392), (+0.9931,2.0438), (+1.0069,2.0504), (+1.0221,2.0560), (+1.0306,2.0577), (+1.0221,2.0560), (+1.0069,2.0504), (+0.9931,2.0438), (+0.9792,2.0392), (+0.9654,2.0323), (+0.9516,2.0237), (+0.9377,2.0138), (+0.9239,2.0046), (+0.9094,1.9937), (+0.8985,1.9792), (+0.8893,1.9654), (+0.8794,1.9516), (+0.8715,1.9377), (+0.8616,1.9239), (+0.8517,1.9100), (+0.8438,1.8962), (+0.8336,1.8814), (+0.8204,1.8771), (+0.8112,1.8886), (+0.8043,1.9031), (+0.7996,1.9170), (+0.7990,1.9308), (+0.8066,1.9446), (+0.8184,1.9585), (+0.8250,1.9723), (+0.8339,1.9862), (+0.8435,2.0013), (+0.8471,2.0099), (+0.8435,2.0013), (+0.8339,1.9862), (+0.8250,1.9723), (+0.8184,1.9585), (+0.8062,1.9440), (+0.7937,1.9440), (+0.7934,1.9585), (+0.8006,1.9723), (+0.8075,1.9862), (+0.8145,2.0000), (+0.8214,2.0138), (+0.8283,2.0277), (+0.8359,2.0415), (+0.8408,2.0554), (+0.8458,2.0692), (+0.8530,2.0830), (+0.8557,2.0969), (+0.8586,2.1107), (+0.8646,2.1246), (+0.8685,2.1384), (+0.8731,2.1522), (+0.8764,2.1661), (+0.8794,2.1799), (+0.8853,2.1938), (+0.8883,2.2076), (+0.8916,2.2215), (+0.8952,2.2353), (+0.8985,2.2491), (+0.9025,2.2636), (+0.9097,2.2748), (+0.9239,2.2781), (+0.9377,2.2752), (+0.9516,2.2679), (+0.9654,2.2630), (+0.9792,2.2580), (+0.9931,2.2505), (+1.0069,2.2445), (+1.0208,2.2399), (+1.0346,2.2340), (+1.0491,2.2267), (+1.0491,2.2267), (+1.0346,2.2340), (+1.0208,2.2399), (+1.0069,2.2445), (+0.9931,2.2505), (+0.9792,2.2580), (+0.9654,2.2630), (+0.9509,2.2673), (+0.9397,2.2785), (+0.9374,2.2860), (+0.9311,2.2795), (+0.9166,2.2781), (+0.9100,2.2900), (+0.9146,2.3045), (+0.9179,2.3183), (+0.9216,2.3322), (+0.9249,2.3460), (+0.9285,2.3599), (+0.9318,2.3737), (+0.9354,2.3875), (+0.9387,2.4014), (+0.9420,2.4159), (+0.9519,2.4274), (+0.9657,2.4218), (+0.9723,2.4136), (+0.9789,2.4165), (+0.9931,2.4159), (+1.0069,2.4103), (+1.0208,2.4037), (+1.0346,2.3991), (+1.0484,2.3931), (+1.0623,2.3852), (+1.0761,2.3760), (+1.0906,2.3678), (+1.0906,2.3678), (+1.0761,2.3760), (+1.0623,2.3852), (+1.0484,2.3931), (+1.0346,2.3991), (+1.0208,2.4037), (+1.0069,2.4103), (+0.9931,2.4152), (+0.9792,2.4192), (+0.9647,2.4248), (+0.9535,2.4353), (+0.9512,2.4498), (+0.9562,2.4637), (+0.9595,2.4775), (+0.9631,2.4913), (+0.9664,2.5052), (+0.9700,2.5190), (+0.9733,2.5329), (+0.9763,2.5467), (+0.9822,2.5606), (+0.9852,2.5744), (+0.9885,2.5882), (+0.9931,2.6021), (+0.9970,2.6159), (+1.0030,2.6298), (+1.0069,2.6436), (+1.0109,2.6574), (+1.0161,2.6713), (+1.0231,2.6851), (+1.0316,2.6990), (+1.0419,2.7128), (+1.0554,2.7266), (+1.0692,2.7405), (+1.0830,2.7543), (+1.0969,2.7682), (+1.1107,2.7820), (+1.1252,2.7958), (+1.1361,2.8097), (+1.1460,2.8235), (+1.1529,2.8374), (+1.1569,2.8512), (+1.1602,2.8651), (+1.1638,2.8789), (+1.1661,2.8927), (+1.1684,2.9066), (+1.1727,2.9204), (+1.1733,2.9343), (+1.1776,2.9481), (+1.1809,2.9619), (+1.1845,2.9758), (+1.1875,2.9896), (+1.1869,3.0035), (+1.1875,3.0173), (+1.1845,3.0311), (+1.1799,3.0450), (+1.1760,3.0588), (+1.1707,3.0727), (+1.1648,3.0865), (+1.1572,3.1003), (+1.1522,3.1142), (+1.1473,3.1280), (+1.1397,3.1419), (+1.1338,3.1557), (+1.1285,3.1696), (+1.1256,3.1834), (+1.1223,3.1972), (+1.1180,3.2111), (+1.1176,3.2249), (+1.1176,3.2388), (+1.1170,3.2526), (+1.1200,3.2664), (+1.1242,3.2803), (+1.1246,3.2941), (+1.1249,3.3080), (+1.1292,3.3218), (+1.1321,3.3356), (+1.1318,3.3495), (+1.1361,3.3633), (+1.1391,3.3772), (+1.1387,3.3910), (+1.1430,3.4048), (+1.1453,3.4187), (+1.1476,3.4325), (+1.1519,3.4464), (+1.1516,3.4602), (+1.1546,3.4740), (+1.1588,3.4879), (+1.1585,3.5017), (+1.1615,3.5156), (+1.1658,3.5294), (+1.1661,3.5433), (+1.1664,3.5571), (+1.1707,3.5709), (+1.1737,3.5848), (+1.1733,3.5986), (+1.1776,3.6125), (+1.1806,3.6263), (+1.1803,3.6401), (+1.1845,3.6540), (+1.1875,3.6678), (+1.1872,3.6817), (+1.1915,3.6955), (+1.1944,3.7093), (+1.1938,3.7232), (+1.1941,3.7370), (+1.1984,3.7509), (+1.2014,3.7647), (+1.2007,3.7785), (+1.2010,3.7924), (+1.2053,3.8062), (+1.2083,3.8201), (+1.2076,3.8339), (+1.2073,3.8484), (+1.2142,3.8603), (+1.2287,3.8603), (+1.2356,3.8471), (+1.2353,3.8379), (+1.2350,3.8471), (+1.2419,3.8596), (+1.2561,3.8623), (+1.2699,3.8616), (+1.2837,3.8616), (+1.2976,3.8609), (+1.3114,3.8639), (+1.3253,3.8675), (+1.3391,3.8708), (+1.3543,3.8761), (+1.3628,3.8777), (+1.3543,3.8761), (+1.3391,3.8708), (+1.3253,3.8675), (+1.3114,3.8639), (+1.2976,3.8609), (+1.2837,3.8616), (+1.2699,3.8616), (+1.2561,3.8616), (+1.2422,3.8616), (+1.2284,3.8616), (+1.2145,3.8619), (+1.2007,3.8662), (+1.1869,3.8695), (+1.1730,3.8725), (+1.1592,3.8784), (+1.1440,3.8830), (+1.1354,3.8847), (+1.1440,3.8830), (+1.1592,3.8784), (+1.1730,3.8725), (+1.1869,3.8695), (+1.2010,3.8665), (+1.2079,3.8553), (+1.2076,3.8408), (+1.2076,3.8270), (+1.2073,3.8131), (+1.2030,3.7993), (+1.2000,3.7855), (+1.2007,3.7716), (+1.2004,3.7578), (+1.1961,3.7439), (+1.1931,3.7301), (+1.1938,3.7163), (+1.1934,3.7024), (+1.1892,3.6886), (+1.1862,3.6747), (+1.1865,3.6609), (+1.1822,3.6471), (+1.1793,3.6332), (+1.1796,3.6194), (+1.1753,3.6055), (+1.1724,3.5917), (+1.1727,3.5779), (+1.1684,3.5640), (+1.1654,3.5502), (+1.1667,3.5363), (+1.1638,3.5225), (+1.1595,3.5087), (+1.1598,3.4948), (+1.1569,3.4810), (+1.1526,3.4671), (+1.1529,3.4533), (+1.1499,3.4394), (+1.1457,3.4256), (+1.1450,3.4118), (+1.1407,3.3979), (+1.1377,3.3841), (+1.1381,3.3702), (+1.1338,3.3564), (+1.1308,3.3426), (+1.1312,3.3287), (+1.1269,3.3149), (+1.1239,3.3010), (+1.1252,3.2872), (+1.1223,3.2734), (+1.1180,3.2595), (+1.1176,3.2457), (+1.1176,3.2318), (+1.1170,3.2180), (+1.1200,3.2042), (+1.1236,3.1903), (+1.1269,3.1765), (+1.1315,3.1626), (+1.1364,3.1488), (+1.1440,3.1349), (+1.1499,3.1211), (+1.1546,3.1073), (+1.1605,3.0934), (+1.1681,3.0796), (+1.1730,3.0657), (+1.1770,3.0519), (+1.1829,3.0381), (+1.1865,3.0242), (+1.1869,3.0104), (+1.1869,2.9965), (+1.1865,2.9827), (+1.1822,2.9689), (+1.1789,2.9550), (+1.1753,2.9412), (+1.1730,2.9273), (+1.1707,2.9135), (+1.1664,2.8997), (+1.1658,2.8858), (+1.1615,2.8720), (+1.1582,2.8581), (+1.1552,2.8443), (+1.1490,2.8304), (+1.1414,2.8166), (+1.1312,2.8028), (+1.1176,2.7889), (+1.1038,2.7751), (+1.0900,2.7612), (+1.0761,2.7474), (+1.0623,2.7336), (+1.0478,2.7197), (+1.0369,2.7059), (+1.0277,2.6920), (+1.0181,2.6782), (+1.0138,2.6644), (+1.0099,2.6505), (+1.0040,2.6367), (+1.0000,2.6228), (+0.9960,2.6090), (+0.9901,2.5952), (+0.9871,2.5813), (+0.9839,2.5675), (+0.9792,2.5536), (+0.9746,2.5398), (+0.9713,2.5260), (+0.9677,2.5121), (+0.9644,2.4983), (+0.9608,2.4844), (+0.9575,2.4706), (+0.9539,2.4567), (+0.9516,2.4429), (+0.9499,2.4291), (+0.9427,2.4152), (+0.9387,2.4014), (+0.9354,2.3875), (+0.9318,2.3737), (+0.9285,2.3599), (+0.9249,2.3460), (+0.9216,2.3322), (+0.9179,2.3183), (+0.9146,2.3045), (+0.9110,2.2907), (+0.9077,2.2768), (+0.9031,2.2630), (+0.8985,2.2491), (+0.8952,2.2353), (+0.8916,2.2215), (+0.8883,2.2076), (+0.8853,2.1938), (+0.8794,2.1799), (+0.8764,2.1661), (+0.8731,2.1522), (+0.8685,2.1384), (+0.8646,2.1246), (+0.8586,2.1107), (+0.8557,2.0969), (+0.8530,2.0830), (+0.8458,2.0692), (+0.8408,2.0554), (+0.8359,2.0415), (+0.8283,2.0277), (+0.8214,2.0138), (+0.8145,2.0000), (+0.8075,1.9862), (+0.8013,1.9717), (+0.7914,1.9601), (+0.7802,1.9644), (+0.7739,1.9792), (+0.7693,1.9931), (+0.7627,2.0069), (+0.7578,2.0208), (+0.7528,2.0346), (+0.7463,2.0484), (+0.7410,2.0623), (+0.7370,2.0761), (+0.7321,2.0900), (+0.7255,2.1038), (+0.7209,2.1176), (+0.7140,2.1315), (+0.7051,2.1453), (+0.7018,2.1592), (+0.7024,2.1730), (+0.7028,2.1869), (+0.7070,2.2007), (+0.7100,2.2145), (+0.7093,2.2284), (+0.7093,2.2422), (+0.7093,2.2561), (+0.7093,2.2699), (+0.7093,2.2837), (+0.7093,2.2976), (+0.7093,2.3114), (+0.7093,2.3253), (+0.7093,2.3391), (+0.7093,2.3529), (+0.7093,2.3668), (+0.7100,2.3806), (+0.7070,2.3945), (+0.7028,2.4083), (+0.7024,2.4221), (+0.7031,2.4360), (+0.7001,2.4498), (+0.6958,2.4637), (+0.6955,2.4775), (+0.6952,2.4913), (+0.7018,2.5052), (+0.7120,2.5190), (+0.7163,2.5329), (+0.7202,2.5467), (+0.7261,2.5606), (+0.7301,2.5744), (+0.7341,2.5882), (+0.7400,2.6021), (+0.7439,2.6159), (+0.7479,2.6298), (+0.7535,2.6443), (+0.7535,2.6443), (+0.7479,2.6298), (+0.7439,2.6159), (+0.7400,2.6021), (+0.7341,2.5882), (+0.7301,2.5744), (+0.7261,2.5606), (+0.7202,2.5467), (+0.7163,2.5329), (+0.7120,2.5184), (+0.7014,2.5068), (+0.6902,2.5111), (+0.6833,2.5260), (+0.6817,2.5398), (+0.6794,2.5536), (+0.6747,2.5675), (+0.6701,2.5813), (+0.6672,2.5952), (+0.6678,2.6090), (+0.6685,2.6228), (+0.6658,2.6373), (+0.6658,2.6373), (+0.6688,2.6222), (+0.6606,2.6106), (+0.6484,2.6156), (+0.6484,2.6169), (+0.6606,2.6067), (+0.6675,2.5958), (+0.6701,2.5813), (+0.6747,2.5675), (+0.6794,2.5536), (+0.6817,2.5398), (+0.6833,2.5260), (+0.6906,2.5121), (+0.6952,2.4983), (+0.6955,2.4844), (+0.6948,2.4706), (+0.6978,2.4567), (+0.7021,2.4429), (+0.7024,2.4291), (+0.7018,2.4152), (+0.7047,2.4014), (+0.7090,2.3875), (+0.7093,2.3737), (+0.7093,2.3599), (+0.7093,2.3460), (+0.7093,2.3322), (+0.7093,2.3183), (+0.7093,2.3045), (+0.7093,2.2907), (+0.7093,2.2768), (+0.7093,2.2630), (+0.7093,2.2491), (+0.7093,2.2353), (+0.7093,2.2215), (+0.7090,2.2076), (+0.7047,2.1938), (+0.7018,2.1799), (+0.7024,2.1661), (+0.7028,2.1522), (+0.6958,2.1374), (+0.6820,2.1331), (+0.6718,2.1447), (+0.6639,2.1592), (+0.6536,2.1730), (+0.6395,2.1869), (+0.6286,2.2007), (+0.6190,2.2145), (+0.6059,2.2284), (+0.5963,2.2422), (+0.5848,2.2561), (+0.5732,2.2699), (+0.5637,2.2837), (+0.5505,2.2976), (+0.5403,2.3114), (+0.5320,2.3253), (+0.5288,2.3391), (+0.5294,2.3529), (+0.5291,2.3668), (+0.5248,2.3806), (+0.5218,2.3945), (+0.5225,2.4083), (+0.5225,2.4221), (+0.5225,2.4366), (+0.5225,2.4366), (+0.5225,2.4221), (+0.5225,2.4083), (+0.5218,2.3945), (+0.5248,2.3806), (+0.5291,2.3668), (+0.5294,2.3529), (+0.5294,2.3391), (+0.5294,2.3253), (+0.5294,2.3114), (+0.5304,2.2963), (+0.5317,2.2877), (+0.5297,2.2963), (+0.5320,2.3121), (+0.5403,2.3121), (+0.5505,2.2976), (+0.5637,2.2837), (+0.5732,2.2699), (+0.5848,2.2561), (+0.5963,2.2422), (+0.6059,2.2284), (+0.6190,2.2145), (+0.6286,2.2007), (+0.6395,2.1869), (+0.6536,2.1730), (+0.6639,2.1592), (+0.6718,2.1447), (+0.6826,2.1338), (+0.6942,2.1242), (+0.6935,2.1107), (+0.6850,2.0969), (+0.6787,2.0830), (+0.6757,2.0692), (+0.6724,2.0554), (+0.6678,2.0415), (+0.6625,2.0270), (+0.6625,2.0270), (+0.6678,2.0415), (+0.6724,2.0554), (+0.6757,2.0692), (+0.6787,2.0830), (+0.6850,2.0975), (+0.6929,2.0975), (+0.6962,2.0830), (+0.6955,2.0692), (+0.6955,2.0554), (+0.6955,2.0415), (+0.6955,2.0277), (+0.6955,2.0138), (+0.6955,2.0000), (+0.6955,1.9862), (+0.6962,1.9723), (+0.6932,1.9585), (+0.6889,1.9446), (+0.6886,1.9308), (+0.6886,1.9163), (+0.6886,1.9163), (+0.6886,1.9308), (+0.6889,1.9446), (+0.6932,1.9585), (+0.6962,1.9723), (+0.6955,1.9862), (+0.6955,2.0000), (+0.6955,2.0138), (+0.6955,2.0277), (+0.6955,2.0415), (+0.6955,2.0554), (+0.6955,2.0692), (+0.6955,2.0830), (+0.6955,2.0969), (+0.6948,2.1107), (+0.6975,2.1259), (+0.7084,2.1345), (+0.7189,2.1259), (+0.7232,2.1107), (+0.7281,2.0969), (+0.7347,2.0830), (+0.7400,2.0692), (+0.7439,2.0554), (+0.7489,2.0415), (+0.7555,2.0277), (+0.7601,2.0138), (+0.7667,2.0000), (+0.7716,1.9862), (+0.7759,1.9723), (+0.7855,1.9585), (+0.7950,1.9446), (+0.7990,1.9308), (+0.7996,1.9170), (+0.8043,1.9031), (+0.8118,1.8893), (+0.8188,1.8748), (+0.8141,1.8626), (+0.7996,1.8583), (+0.7898,1.8672), (+0.7855,1.8824), (+0.7805,1.8962), (+0.7739,1.9100), (+0.7693,1.9239), (+0.7627,1.9390), (+0.7584,1.9476), (+0.7627,1.9390), (+0.7693,1.9239), (+0.7739,1.9100), (+0.7805,1.8962), (+0.7855,1.8824), (+0.7907,1.8685), (+0.7911,1.8547), (+0.7792,1.8402), (+0.7647,1.8293), (+0.7509,1.8191), (+0.7370,1.8085), (+0.7232,1.7990), (+0.7093,1.7855), (+0.6955,1.7716), (+0.6810,1.7578), (+0.6701,1.7439), (+0.6609,1.7301), (+0.6520,1.7163), (+0.6457,1.7024), (+0.6388,1.6886), (+0.6312,1.6747), (+0.6263,1.6609), (+0.6217,1.6471), (+0.6184,1.6332), (+0.6148,1.6194), (+0.6118,1.6055), (+0.6131,1.5917), (+0.6105,1.5779), (+0.6047,1.5640)
  stroke[155] (  6 pts): (+0.4815,1.5294), (+0.4904,1.5433), (+0.5001,1.5584), (+0.5054,1.5670), (+0.5001,1.5584), (+0.4913,1.5442)
  stroke[156] (708 pts): (+0.3165,1.3370), (+0.3075,1.3465), (+0.2941,1.3574), (+0.2803,1.3679), (+0.2664,1.3775), (+0.2523,1.3910), (+0.2447,1.4048), (+0.2473,1.4187), (+0.2542,1.4325), (+0.2658,1.4470), (+0.2809,1.4586), (+0.2928,1.4543), (+0.2925,1.4394), (+0.2882,1.4256), (+0.2849,1.4104), (+0.2809,1.4019), (+0.2849,1.4104), (+0.2882,1.4256), (+0.2918,1.4394), (+0.2941,1.4533), (+0.2964,1.4671), (+0.3007,1.4810), (+0.3010,1.4948), (+0.3010,1.5087), (+0.3010,1.5225), (+0.3014,1.5363), (+0.3063,1.5502), (+0.3063,1.5640), (+0.3014,1.5779), (+0.3010,1.5917), (+0.3017,1.6055), (+0.2977,1.6194), (+0.2925,1.6332), (+0.2977,1.6471), (+0.3024,1.6609), (+0.2984,1.6754), (+0.3017,1.6863), (+0.3126,1.6958), (+0.3218,1.7093), (+0.3310,1.7229), (+0.3419,1.7321), (+0.3564,1.7397), (+0.3702,1.7413), (+0.3841,1.7374), (+0.3979,1.7370), (+0.4118,1.7370), (+0.4256,1.7370), (+0.4394,1.7370), (+0.4533,1.7370), (+0.4671,1.7370), (+0.4810,1.7364), (+0.4948,1.7393), (+0.5087,1.7436), (+0.5225,1.7439), (+0.5363,1.7439), (+0.5502,1.7439), (+0.5640,1.7439), (+0.5779,1.7439), (+0.5917,1.7439), (+0.6055,1.7446), (+0.6194,1.7420), (+0.6217,1.7308), (+0.6138,1.7163), (+0.6069,1.7024), (+0.5999,1.6886), (+0.5930,1.6747), (+0.5861,1.6609), (+0.5792,1.6471), (+0.5723,1.6332), (+0.5660,1.6194), (+0.5571,1.6055), (+0.5482,1.5917), (+0.5409,1.5779), (+0.5324,1.5640), (+0.5225,1.5502), (+0.5119,1.5350), (+0.5070,1.5264), (+0.5119,1.5350), (+0.5225,1.5502), (+0.5324,1.5640), (+0.5409,1.5779), (+0.5482,1.5917), (+0.5571,1.6055), (+0.5660,1.6194), (+0.5723,1.6332), (+0.5792,1.6471), (+0.5861,1.6609), (+0.5930,1.6747), (+0.5999,1.6886), (+0.6069,1.7024), (+0.6138,1.7163), (+0.6217,1.7308), (+0.6194,1.7420), (+0.6055,1.7446), (+0.5917,1.7439), (+0.5779,1.7439), (+0.5640,1.7439), (+0.5502,1.7439), (+0.5363,1.7439), (+0.5218,1.7436), (+0.5106,1.7505), (+0.5080,1.7647), (+0.5087,1.7785), (+0.5087,1.7924), (+0.5087,1.8062), (+0.5087,1.8201), (+0.5083,1.8339), (+0.5152,1.8478), (+0.5294,1.8613), (+0.5433,1.8708), (+0.5571,1.8814), (+0.5709,1.8916), (+0.5848,1.9021), (+0.5983,1.9123), (+0.6088,1.9232), (+0.6098,1.9377), (+0.6052,1.9516), (+0.6085,1.9654), (+0.6101,1.9792), (+0.5996,1.9931), (+0.5887,2.0069), (+0.5808,2.0208), (+0.5706,2.0346), (+0.5564,2.0484), (+0.5456,2.0623), (+0.5353,2.0761), (+0.5241,2.0900), (+0.5172,2.1038), (+0.5149,2.1176), (+0.5156,2.1315), (+0.5156,2.1453), (+0.5156,2.1605), (+0.5156,2.1691), (+0.5156,2.1605), (+0.5156,2.1453), (+0.5159,2.1308), (+0.5083,2.1193), (+0.4965,2.1236), (+0.4899,2.1384), (+0.4918,2.1522), (+0.4955,2.1661), (+0.4948,2.1799), (+0.4948,2.1938), (+0.4948,2.2076), (+0.4948,2.2221), (+0.4948,2.2221), (+0.4948,2.2076), (+0.4948,2.1938), (+0.4948,2.1799), (+0.4955,2.1661), (+0.4928,2.1513), (+0.4810,2.1470), (+0.4694,2.1585), (+0.4599,2.1730), (+0.4457,2.1869), (+0.4348,2.2007), (+0.4246,2.2145), (+0.4134,2.2284), (+0.4068,2.2422), (+0.3969,2.2561), (+0.3864,2.2699), (+0.3772,2.2837), (+0.3683,2.2976), (+0.3610,2.3114), (+0.3518,2.3253), (+0.3445,2.3391), (+0.3356,2.3529), (+0.3267,2.3668), (+0.3205,2.3806), (+0.3136,2.3945), (+0.3066,2.4083), (+0.2997,2.4221), (+0.2928,2.4360), (+0.2859,2.4498), (+0.2783,2.4637), (+0.2734,2.4775), (+0.2694,2.4913), (+0.2635,2.5052), (+0.2595,2.5190), (+0.2549,2.5329), (+0.2516,2.5467), (+0.2486,2.5606), (+0.2427,2.5744), (+0.2391,2.5882), (+0.2384,2.6021), (+0.2341,2.6159), (+0.2312,2.6298), (+0.2315,2.6436), (+0.2272,2.6574), (+0.2243,2.6713), (+0.2249,2.6851), (+0.2249,2.6990), (+0.2249,2.7128), (+0.2246,2.7266), (+0.2203,2.7405), (+0.2173,2.7543), (+0.2180,2.7682), (+0.2180,2.7820), (+0.2180,2.7958), (+0.2180,2.8097), (+0.2173,2.8235), (+0.2203,2.8374), (+0.2246,2.8512), (+0.2249,2.8651), (+0.2249,2.8789), (+0.2249,2.8927), (+0.2249,2.9066), (+0.2243,2.9204), (+0.2272,2.9343), (+0.2315,2.9481), (+0.2318,2.9619), (+0.2318,2.9758), (+0.2312,2.9896), (+0.2341,3.0035), (+0.2384,3.0173), (+0.2388,3.0311), (+0.2391,3.0450), (+0.2434,3.0588), (+0.2463,3.0727), (+0.2450,3.0865), (+0.2480,3.1003), (+0.2523,3.1142), (+0.2526,3.1280), (+0.2529,3.1419), (+0.2572,3.1557), (+0.2602,3.1696), (+0.2595,3.1834), (+0.2598,3.1972), (+0.2641,3.2111), (+0.2671,3.2249), (+0.2664,3.2388), (+0.2668,3.2526), (+0.2710,3.2664), (+0.2740,3.2803), (+0.2727,3.2941), (+0.2757,3.3080), (+0.2799,3.3218), (+0.2803,3.3356), (+0.2803,3.3495), (+0.2806,3.3633), (+0.2849,3.3772), (+0.2879,3.3910), (+0.2872,3.4048), (+0.2875,3.4187), (+0.2918,3.4325), (+0.2948,3.4464), (+0.2941,3.4602), (+0.2944,3.4740), (+0.2987,3.4879), (+0.3017,3.5017), (+0.3010,3.5156), (+0.3014,3.5294), (+0.3057,3.5433), (+0.3086,3.5571), (+0.3073,3.5709), (+0.3103,3.5848), (+0.3142,3.5993), (+0.3215,3.6105), (+0.3356,3.6131), (+0.3495,3.6131), (+0.3633,3.6101), (+0.3772,3.6059), (+0.3910,3.6052), (+0.4048,3.6009), (+0.4187,3.5976), (+0.4325,3.5940), (+0.4464,3.5917), (+0.4602,3.5894), (+0.4740,3.5848), (+0.4879,3.5802), (+0.5017,3.5769), (+0.5156,3.5739), (+0.5294,3.5680), (+0.5433,3.5640), (+0.5571,3.5601), (+0.5709,3.5541), (+0.5848,3.5502), (+0.5986,3.5452), (+0.6125,3.5386), (+0.6263,3.5340), (+0.6401,3.5281), (+0.6540,3.5212), (+0.6685,3.5139), (+0.6685,3.5139), (+0.6540,3.5212), (+0.6401,3.5281), (+0.6263,3.5340), (+0.6125,3.5386), (+0.5986,3.5452), (+0.5848,3.5502), (+0.5709,3.5541), (+0.5571,3.5601), (+0.5433,3.5640), (+0.5294,3.5680), (+0.5156,3.5739), (+0.5017,3.5769), (+0.4879,3.5802), (+0.4740,3.5841), (+0.4592,3.5914), (+0.4546,3.6055), (+0.4619,3.6194), (+0.4731,3.6332), (+0.4833,3.6477), (+0.4942,3.6586), (+0.5087,3.6678), (+0.5225,3.6777), (+0.5363,3.6853), (+0.5502,3.6915), (+0.5640,3.6955), (+0.5779,3.7001), (+0.5917,3.7024), (+0.6055,3.7047), (+0.6194,3.7090), (+0.6332,3.7093), (+0.6471,3.7097), (+0.6609,3.7140), (+0.6747,3.7169), (+0.6886,3.7163), (+0.7024,3.7163), (+0.7169,3.7163), (+0.7169,3.7163), (+0.7024,3.7163), (+0.6886,3.7163), (+0.6747,3.7169), (+0.6609,3.7140), (+0.6471,3.7097), (+0.6332,3.7093), (+0.6194,3.7090), (+0.6055,3.7047), (+0.5917,3.7024), (+0.5779,3.7001), (+0.5640,3.6955), (+0.5502,3.6915), (+0.5363,3.6853), (+0.5225,3.6777), (+0.5087,3.6678), (+0.4942,3.6586), (+0.4833,3.6477), (+0.4731,3.6332), (+0.4619,3.6194), (+0.4553,3.6049), (+0.4460,3.5930), (+0.4325,3.5933), (+0.4187,3.5976), (+0.4048,3.6009), (+0.3910,3.6052), (+0.3772,3.6059), (+0.3633,3.6101), (+0.3495,3.6131), (+0.3356,3.6131), (+0.3215,3.6105), (+0.3149,3.5993), (+0.3083,3.5851), (+0.2944,3.5755), (+0.2852,3.5647), (+0.2786,3.5498), (+0.2671,3.5423), (+0.2526,3.5456), (+0.2388,3.5498), (+0.2249,3.5495), (+0.2111,3.5525), (+0.1972,3.5568), (+0.1834,3.5571), (+0.1696,3.5571), (+0.1557,3.5574), (+0.1419,3.5610), (+0.1277,3.5667), (+0.1208,3.5772), (+0.1211,3.5917), (+0.1208,3.6055), (+0.1165,3.6194), (+0.1135,3.6332), (+0.1142,3.6471), (+0.1142,3.6609), (+0.1142,3.6747), (+0.1142,3.6886), (+0.1142,3.7024), (+0.1142,3.7163), (+0.1142,3.7301), (+0.1142,3.7439), (+0.1142,3.7578), (+0.1142,3.7716), (+0.1142,3.7855), (+0.1142,3.7993), (+0.1142,3.8131), (+0.1142,3.8270), (+0.1142,3.8408), (+0.1142,3.8547), (+0.1142,3.8685), (+0.1142,3.8824), (+0.1142,3.8962), (+0.1139,3.9100), (+0.1096,3.9239), (+0.1073,3.9377), (+0.1056,3.9516), (+0.0990,3.9654), (+0.0905,3.9806), (+0.0849,3.9891), (+0.0905,3.9806), (+0.0990,3.9654), (+0.1056,3.9516), (+0.1073,3.9377), (+0.1096,3.9239), (+0.1139,3.9100), (+0.1142,3.8962), (+0.1142,3.8824), (+0.1142,3.8685), (+0.1142,3.8547), (+0.1142,3.8408), (+0.1142,3.8270), (+0.1142,3.8131), (+0.1142,3.7993), (+0.1142,3.7855), (+0.1142,3.7716), (+0.1142,3.7578), (+0.1142,3.7439), (+0.1142,3.7301), (+0.1142,3.7163), (+0.1142,3.7024), (+0.1142,3.6886), (+0.1142,3.6747), (+0.1142,3.6609), (+0.1142,3.6471), (+0.1135,3.6332), (+0.1165,3.6194), (+0.1208,3.6055), (+0.1211,3.5917), (+0.1214,3.5772), (+0.1145,3.5653), (+0.1000,3.5653), (+0.0931,3.5772), (+0.0934,3.5917), (+0.0934,3.6055), (+0.0934,3.6194), (+0.0934,3.6332), (+0.0934,3.6471), (+0.0934,3.6609), (+0.0934,3.6747), (+0.0934,3.6886), (+0.0934,3.7024), (+0.0934,3.7163), (+0.0934,3.7301), (+0.0934,3.7439), (+0.0934,3.7578), (+0.0934,3.7716), (+0.0934,3.7855), (+0.0934,3.7993), (+0.0934,3.8131), (+0.0934,3.8270), (+0.0934,3.8408), (+0.0934,3.8547), (+0.0934,3.8685), (+0.0934,3.8837), (+0.0934,3.8922), (+0.0934,3.8837), (+0.0934,3.8685), (+0.0934,3.8547), (+0.0934,3.8408), (+0.0934,3.8270), (+0.0934,3.8131), (+0.0934,3.7993), (+0.0934,3.7855), (+0.0934,3.7716), (+0.0934,3.7578), (+0.0934,3.7439), (+0.0934,3.7301), (+0.0934,3.7163), (+0.0934,3.7024), (+0.0934,3.6886), (+0.0934,3.6747), (+0.0934,3.6609), (+0.0934,3.6471), (+0.0934,3.6332), (+0.0934,3.6194), (+0.0934,3.6055), (+0.0934,3.5917), (+0.0938,3.5772), (+0.0868,3.5660), (+0.0727,3.5627), (+0.0588,3.5670), (+0.0443,3.5686), (+0.0443,3.5686), (+0.0588,3.5670), (+0.0727,3.5634), (+0.0865,3.5640), (+0.1003,3.5640), (+0.1142,3.5640), (+0.1280,3.5647), (+0.1419,3.5617), (+0.1557,3.5574), (+0.1696,3.5571), (+0.1834,3.5571), (+0.1972,3.5568), (+0.2111,3.5525), (+0.2249,3.5495), (+0.2388,3.5498), (+0.2526,3.5456), (+0.2671,3.5429), (+0.2783,3.5367), (+0.2806,3.5225), (+0.2757,3.5087), (+0.2727,3.4948), (+0.2734,3.4810), (+0.2730,3.4671), (+0.2687,3.4533), (+0.2658,3.4394), (+0.2664,3.4256), (+0.2671,3.4118), (+0.2641,3.3979), (+0.2598,3.3841), (+0.2595,3.3702), (+0.2595,3.3564), (+0.2592,3.3426), (+0.2549,3.3287), (+0.2519,3.3149), (+0.2533,3.3010), (+0.2503,3.2872), (+0.2460,3.2734), (+0.2457,3.2595), (+0.2453,3.2457), (+0.2411,3.2318), (+0.2381,3.2180), (+0.2388,3.2042), (+0.2394,3.1903), (+0.2364,3.1765), (+0.2322,3.1626), (+0.2318,3.1488), (+0.2315,3.1349), (+0.2272,3.1211), (+0.2243,3.1073), (+0.2249,3.0934), (+0.2256,3.0796), (+0.2226,3.0657), (+0.2183,3.0519), (+0.2180,3.0381), (+0.2177,3.0242), (+0.2134,3.0104), (+0.2104,2.9965), (+0.2111,2.9827), (+0.2107,2.9689), (+0.2065,2.9550), (+0.2035,2.9412), (+0.2042,2.9273), (+0.2042,2.9135), (+0.2042,2.8997), (+0.2042,2.8858), (+0.2038,2.8720), (+0.1995,2.8581), (+0.1966,2.8443), (+0.1972,2.8304), (+0.1972,2.8166), (+0.1972,2.8028), (+0.1972,2.7889), (+0.1972,2.7751), (+0.1972,2.7612), (+0.1972,2.7474), (+0.1979,2.7336), (+0.1949,2.7197), (+0.1900,2.7059), (+0.1926,2.6920), (+0.1976,2.6782), (+0.1949,2.6644), (+0.1906,2.6505), (+0.1903,2.6367), (+0.1903,2.6228), (+0.1903,2.6090), (+0.1903,2.5952), (+0.1903,2.5813), (+0.1903,2.5675), (+0.1903,2.5536), (+0.1903,2.5398), (+0.1903,2.5260), (+0.1903,2.5121), (+0.1903,2.4983), (+0.1903,2.4844), (+0.1903,2.4706), (+0.1906,2.4567), (+0.1949,2.4429), (+0.1979,2.4291), (+0.1972,2.4152), (+0.1972,2.4014), (+0.1966,2.3875), (+0.1995,2.3737), (+0.2038,2.3599), (+0.2042,2.3460), (+0.2042,2.3322), (+0.2035,2.3183), (+0.2065,2.3045), (+0.2107,2.2907), (+0.2111,2.2768), (+0.2111,2.2630), (+0.2114,2.2491), (+0.2157,2.2353), (+0.2187,2.2215), (+0.2180,2.2076), (+0.2183,2.1938), (+0.2226,2.1799), (+0.2256,2.1661), (+0.2249,2.1522), (+0.2252,2.1384), (+0.2295,2.1246), (+0.2325,2.1107), (+0.2318,2.0969), (+0.2322,2.0830), (+0.2364,2.0692), (+0.2394,2.0554), (+0.2381,2.0415), (+0.2411,2.0277), (+0.2453,2.0138), (+0.2457,2.0000), (+0.2460,1.9862), (+0.2503,1.9723), (+0.2533,1.9585), (+0.2529,1.9446), (+0.2572,1.9308), (+0.2602,1.9170), (+0.2589,1.9031), (+0.2618,1.8893), (+0.2661,1.8754), (+0.2658,1.8616), (+0.2687,1.8478), (+0.2730,1.8339), (+0.2727,1.8201), (+0.2757,1.8062), (+0.2799,1.7924), (+0.2803,1.7785), (+0.2806,1.7647), (+0.2855,1.7509), (+0.2859,1.7360), (+0.2740,1.7318), (+0.2595,1.7433), (+0.2457,1.7575), (+0.2305,1.7683), (+0.2219,1.7733), (+0.2305,1.7683), (+0.2457,1.7575), (+0.2595,1.7433), (+0.2740,1.7324), (+0.2855,1.7229), (+0.2925,1.7093), (+0.2941,1.6955), (+0.2964,1.6817), (+0.3007,1.6678), (+0.3014,1.6533), (+0.2944,1.6418), (+0.2796,1.6461), (+0.2687,1.6609), (+0.2585,1.6754), (+0.2585,1.6754), (+0.2687,1.6609), (+0.2806,1.6471), (+0.2855,1.6329), (+0.2740,1.6260), (+0.2589,1.6263), (+0.2589,1.6263), (+0.2734,1.6263), (+0.2879,1.6266), (+0.2991,1.6197), (+0.3017,1.6055), (+0.3010,1.5917), (+0.3014,1.5779), (+0.3063,1.5640), (+0.3063,1.5502), (+0.3014,1.5363), (+0.3010,1.5225), (+0.3010,1.5087), (+0.3010,1.4948), (+0.3014,1.4810), (+0.2944,1.4675), (+0.2803,1.4579), (+0.2664,1.4460), (+0.2516,1.4411), (+0.2477,1.4526), (+0.2523,1.4678), (+0.2523,1.4678), (+0.2483,1.4533), (+0.2503,1.4394), (+0.2516,1.4256), (+0.2440,1.4114), (+0.2325,1.4039), (+0.2180,1.4075), (+0.2042,1.4164), (+0.1903,1.4243), (+0.1765,1.4312), (+0.1626,1.4381), (+0.1488,1.4450), (+0.1349,1.4520), (+0.1211,1.4579), (+0.1073,1.4632), (+0.0921,1.4668), (+0.0835,1.4671), (+0.0921,1.4668), (+0.1073,1.4632), (+0.1211,1.4579), (+0.1349,1.4520), (+0.1488,1.4450), (+0.1626,1.4381), (+0.1765,1.4312), (+0.1903,1.4243), (+0.2042,1.4164), (+0.2180,1.4075), (+0.2318,1.4045), (+0.2457,1.3983), (+0.2595,1.3834), (+0.2734,1.3725), (+0.2872,1.3623), (+0.3010,1.3524), (+0.3149,1.3426)
  stroke[157] ( 41 pts): (+0.3149,1.3055), (+0.3010,1.3164), (+0.2872,1.3284), (+0.2734,1.3386), (+0.2595,1.3465), (+0.2457,1.3564), (+0.2318,1.3653), (+0.2180,1.3725), (+0.2042,1.3818), (+0.1903,1.3897), (+0.1765,1.3966), (+0.1626,1.4035), (+0.1488,1.4104), (+0.1349,1.4174), (+0.1211,1.4233), (+0.1073,1.4286), (+0.0934,1.4325), (+0.0796,1.4371), (+0.0657,1.4404), (+0.0519,1.4441), (+0.0374,1.4470), (+0.0374,1.4470), (+0.0519,1.4441), (+0.0657,1.4404), (+0.0796,1.4371), (+0.0934,1.4325), (+0.1073,1.4286), (+0.1211,1.4233), (+0.1349,1.4174), (+0.1488,1.4104), (+0.1626,1.4035), (+0.1765,1.3966), (+0.1903,1.3897), (+0.2042,1.3818), (+0.2180,1.3725), (+0.2318,1.3653), (+0.2457,1.3564), (+0.2595,1.3465), (+0.2734,1.3386), (+0.2872,1.3284), (+0.3010,1.3154)
  stroke[158] ( 17 pts): (+0.2042,1.1752), (+0.1903,1.1696), (+0.1765,1.1719), (+0.1626,1.1765), (+0.1488,1.1804), (+0.1349,1.1867), (+0.1211,1.1943), (+0.1066,1.2045), (+0.0951,1.2187), (+0.0994,1.2295), (+0.1142,1.2275), (+0.1280,1.2193), (+0.1419,1.2124), (+0.1557,1.2055), (+0.1696,1.1986), (+0.1834,1.1923), (+0.1972,1.1841)
  stroke[159] ( 24 pts): (+0.2388,1.1485), (+0.2249,1.1631), (+0.2111,1.1742), (+0.1972,1.1834), (+0.1834,1.1923), (+0.1696,1.1986), (+0.1557,1.2055), (+0.1419,1.2124), (+0.1280,1.2193), (+0.1142,1.2262), (+0.1003,1.2338), (+0.0858,1.2388), (+0.0855,1.2322), (+0.0957,1.2180), (+0.1066,1.2045), (+0.1211,1.1943), (+0.1349,1.1867), (+0.1488,1.1804), (+0.1626,1.1765), (+0.1765,1.1719), (+0.1903,1.1686), (+0.2042,1.1649), (+0.2180,1.1616), (+0.2318,1.1577)
  stroke[160] ( 42 pts): (+0.3149,1.1119), (+0.3010,1.1087), (+0.2872,1.1112), (+0.2734,1.1165), (+0.2595,1.1231), (+0.2457,1.1280), (+0.2318,1.1320), (+0.2180,1.1379), (+0.2042,1.1419), (+0.1903,1.1465), (+0.1765,1.1498), (+0.1626,1.1527), (+0.1488,1.1587), (+0.1349,1.1626), (+0.1211,1.1669), (+0.1073,1.1768), (+0.0934,1.1903), (+0.0796,1.2042), (+0.0661,1.2180), (+0.0559,1.2318), (+0.0476,1.2457), (+0.0437,1.2595), (+0.0470,1.2743), (+0.0582,1.2783), (+0.0727,1.2734), (+0.0865,1.2684), (+0.1003,1.2608), (+0.1142,1.2539), (+0.1280,1.2470), (+0.1419,1.2401), (+0.1557,1.2332), (+0.1696,1.2262), (+0.1834,1.2200), (+0.1972,1.2111), (+0.2111,1.2012), (+0.2249,1.1933), (+0.2388,1.1834), (+0.2526,1.1742), (+0.2664,1.1636), (+0.2803,1.1534), (+0.2938,1.1425), (+0.3035,1.1285)
  stroke[161] ( 43 pts): (+0.3160,1.1003), (+0.3119,1.1142), (+0.3040,1.1280), (+0.2938,1.1425), (+0.2803,1.1534), (+0.2664,1.1636), (+0.2526,1.1742), (+0.2388,1.1834), (+0.2249,1.1933), (+0.2111,1.2012), (+0.1972,1.2111), (+0.1834,1.2200), (+0.1696,1.2262), (+0.1557,1.2332), (+0.1419,1.2401), (+0.1280,1.2470), (+0.1142,1.2539), (+0.1003,1.2608), (+0.0865,1.2684), (+0.0727,1.2734), (+0.0582,1.2783), (+0.0470,1.2743), (+0.0437,1.2595), (+0.0476,1.2457), (+0.0559,1.2318), (+0.0661,1.2180), (+0.0796,1.2042), (+0.0934,1.1903), (+0.1073,1.1768), (+0.1211,1.1669), (+0.1349,1.1626), (+0.1488,1.1587), (+0.1626,1.1527), (+0.1765,1.1498), (+0.1903,1.1465), (+0.2042,1.1419), (+0.2180,1.1379), (+0.2318,1.1320), (+0.2457,1.1280), (+0.2595,1.1231), (+0.2734,1.1165), (+0.2872,1.1112), (+0.3010,1.1078)
  stroke[162] ( 41 pts): (+0.4533,1.0588), (+0.4394,1.0727), (+0.4249,1.0865), (+0.4141,1.1003), (+0.4045,1.1142), (+0.3910,1.1280), (+0.3772,1.1415), (+0.3633,1.1511), (+0.3495,1.1620), (+0.3356,1.1765), (+0.3218,1.1910), (+0.3080,1.2018), (+0.2941,1.2114), (+0.2803,1.2249), (+0.2664,1.2388), (+0.2526,1.2526), (+0.2388,1.2664), (+0.2252,1.2803), (+0.2157,1.2941), (+0.2051,1.3080), (+0.1949,1.3225), (+0.1949,1.3225), (+0.2051,1.3080), (+0.2157,1.2941), (+0.2252,1.2803), (+0.2388,1.2664), (+0.2526,1.2526), (+0.2664,1.2388), (+0.2803,1.2249), (+0.2941,1.2114), (+0.3080,1.2018), (+0.3218,1.1910), (+0.3356,1.1765), (+0.3495,1.1620), (+0.3633,1.1511), (+0.3772,1.1415), (+0.3910,1.1280), (+0.4045,1.1142), (+0.4141,1.1003), (+0.4249,1.0865), (+0.4390,1.0727)
  stroke[163] ( 14 pts): (+0.4048,0.7336), (+0.4048,0.7474), (+0.4048,0.7612), (+0.4048,0.7751), (+0.4048,0.7889), (+0.4048,0.8028), (+0.4048,0.8179), (+0.4048,0.8265), (+0.4048,0.8179), (+0.4048,0.8028), (+0.4048,0.7889), (+0.4048,0.7751), (+0.4048,0.7612), (+0.4048,0.7474)
  stroke[164] ( 89 pts): (+0.4948,0.6981), (+0.4810,0.6915), (+0.4671,0.6924), (+0.4533,0.6967), (+0.4394,0.6996), (+0.4256,0.6990), (+0.4118,0.6990), (+0.3979,0.6983), (+0.3841,0.7009), (+0.3706,0.7121), (+0.3604,0.7266), (+0.3521,0.7405), (+0.3495,0.7543), (+0.3472,0.7682), (+0.3429,0.7820), (+0.3426,0.7958), (+0.3422,0.8097), (+0.3379,0.8235), (+0.3356,0.8374), (+0.3333,0.8512), (+0.3287,0.8651), (+0.3244,0.8789), (+0.3145,0.8927), (+0.3010,0.9066), (+0.2872,0.9204), (+0.2734,0.9343), (+0.2595,0.9481), (+0.2457,0.9619), (+0.2312,0.9758), (+0.2196,0.9896), (+0.2124,1.0041), (+0.2170,1.0153), (+0.2318,1.0180), (+0.2457,1.0173), (+0.2595,1.0173), (+0.2734,1.0176), (+0.2872,1.0107), (+0.3010,0.9965), (+0.3149,0.9827), (+0.3287,0.9689), (+0.3426,0.9550), (+0.3564,0.9412), (+0.3699,0.9273), (+0.3791,0.9135), (+0.3861,0.8997), (+0.3910,0.8858), (+0.3956,0.8720), (+0.3986,0.8568), (+0.3979,0.8482), (+0.3986,0.8568), (+0.3956,0.8720), (+0.3910,0.8858), (+0.3861,0.8997), (+0.3791,0.9135), (+0.3699,0.9273), (+0.3564,0.9412), (+0.3426,0.9550), (+0.3287,0.9689), (+0.3149,0.9827), (+0.3004,0.9965), (+0.2888,1.0110), (+0.2931,1.0222), (+0.3080,1.0255), (+0.3218,1.0226), (+0.3356,1.0160), (+0.3495,1.0081), (+0.3633,0.9988), (+0.3772,0.9916), (+0.3910,0.9824), (+0.4048,0.9692), (+0.4187,0.9596), (+0.4332,0.9488), (+0.4441,0.9343), (+0.4543,0.9204), (+0.4655,0.9066), (+0.4724,0.8927), (+0.4750,0.8789), (+0.4787,0.8651), (+0.4820,0.8512), (+0.4856,0.8374), (+0.4885,0.8235), (+0.4872,0.8097), (+0.4902,0.7958), (+0.4945,0.7820), (+0.4948,0.7682), (+0.4948,0.7543), (+0.4948,0.7405), (+0.4948,0.7266), (+0.4948,0.7128)
  stroke[165] (236 pts): (+0.1280,0.6037), (+0.1419,0.6085), (+0.1557,0.6090), (+0.1696,0.6090), (+0.1834,0.6090), (+0.1972,0.6090), (+0.2111,0.6090), (+0.2249,0.6090), (+0.2388,0.6090), (+0.2526,0.6083), (+0.2664,0.6113), (+0.2803,0.6156), (+0.2941,0.6159), (+0.3080,0.6159), (+0.3218,0.6159), (+0.3356,0.6153), (+0.3495,0.6182), (+0.3633,0.6225), (+0.3772,0.6228), (+0.3910,0.6222), (+0.4048,0.6251), (+0.4187,0.6294), (+0.4325,0.6301), (+0.4464,0.6337), (+0.4602,0.6390), (+0.4737,0.6452), (+0.4836,0.6568), (+0.4879,0.6713), (+0.4925,0.6851), (+0.4955,0.6990), (+0.4948,0.7128), (+0.4948,0.7266), (+0.4948,0.7405), (+0.4948,0.7543), (+0.4948,0.7682), (+0.4945,0.7820), (+0.4902,0.7958), (+0.4872,0.8097), (+0.4885,0.8235), (+0.4856,0.8374), (+0.4820,0.8512), (+0.4787,0.8651), (+0.4750,0.8789), (+0.4724,0.8927), (+0.4655,0.9066), (+0.4543,0.9204), (+0.4441,0.9343), (+0.4332,0.9488), (+0.4187,0.9596), (+0.4048,0.9692), (+0.3910,0.9824), (+0.3772,0.9916), (+0.3633,0.9988), (+0.3495,1.0081), (+0.3356,1.0160), (+0.3218,1.0226), (+0.3080,1.0246), (+0.2941,1.0305), (+0.2803,1.0407), (+0.2664,1.0450), (+0.2526,1.0489), (+0.2388,1.0549), (+0.2249,1.0588), (+0.2111,1.0634), (+0.1972,1.0667), (+0.1834,1.0704), (+0.1696,1.0727), (+0.1557,1.0750), (+0.1419,1.0793), (+0.1280,1.0796), (+0.1135,1.0796), (+0.1135,1.0796), (+0.1280,1.0796), (+0.1425,1.0799), (+0.1541,1.0723), (+0.1498,1.0608), (+0.1349,1.0575), (+0.1198,1.0611), (+0.1112,1.0651), (+0.1198,1.0611), (+0.1349,1.0575), (+0.1488,1.0615), (+0.1626,1.0700), (+0.1765,1.0730), (+0.1903,1.0681), (+0.2042,1.0648), (+0.2180,1.0618), (+0.2318,1.0559), (+0.2457,1.0519), (+0.2595,1.0479), (+0.2734,1.0427), (+0.2882,1.0364), (+0.2925,1.0246), (+0.2809,1.0170), (+0.2664,1.0173), (+0.2526,1.0173), (+0.2388,1.0173), (+0.2249,1.0166), (+0.2111,1.0196), (+0.1972,1.0239), (+0.1834,1.0242), (+0.1696,1.0242), (+0.1557,1.0249), (+0.1419,1.0219), (+0.1267,1.0176), (+0.1181,1.0173), (+0.1267,1.0176), (+0.1419,1.0219), (+0.1557,1.0249), (+0.1696,1.0242), (+0.1834,1.0242), (+0.1979,1.0246), (+0.2084,1.0176), (+0.2134,1.0035), (+0.2196,0.9896), (+0.2312,0.9758), (+0.2457,0.9619), (+0.2595,0.9481), (+0.2734,0.9343), (+0.2872,0.9204), (+0.3010,0.9066), (+0.3145,0.8927), (+0.3244,0.8789), (+0.3287,0.8651), (+0.3333,0.8512), (+0.3356,0.8374), (+0.3379,0.8235), (+0.3422,0.8097), (+0.3426,0.7958), (+0.3429,0.7820), (+0.3472,0.7682), (+0.3495,0.7543), (+0.3521,0.7405), (+0.3604,0.7266), (+0.3716,0.7128), (+0.3755,0.6983), (+0.3640,0.6868), (+0.3495,0.6805), (+0.3356,0.6752), (+0.3218,0.6723), (+0.3080,0.6690), (+0.2941,0.6653), (+0.2803,0.6621), (+0.2664,0.6578), (+0.2526,0.6574), (+0.2388,0.6574), (+0.2249,0.6571), (+0.2111,0.6528), (+0.1972,0.6499), (+0.1834,0.6505), (+0.1696,0.6505), (+0.1557,0.6505), (+0.1419,0.6505), (+0.1280,0.6505), (+0.1142,0.6505), (+0.1003,0.6502), (+0.0865,0.6459), (+0.0727,0.6429), (+0.0588,0.6436), (+0.0437,0.6436), (+0.0351,0.6436), (+0.0437,0.6436), (+0.0588,0.6436), (+0.0727,0.6429), (+0.0865,0.6459), (+0.1003,0.6502), (+0.1142,0.6505), (+0.1280,0.6505), (+0.1419,0.6505), (+0.1557,0.6505), (+0.1696,0.6505), (+0.1834,0.6505), (+0.1972,0.6499), (+0.2111,0.6528), (+0.2249,0.6571), (+0.2388,0.6574), (+0.2526,0.6574), (+0.2664,0.6578), (+0.2803,0.6621), (+0.2941,0.6653), (+0.3080,0.6690), (+0.3218,0.6723), (+0.3356,0.6752), (+0.3495,0.6805), (+0.3633,0.6874), (+0.3772,0.6963), (+0.3910,0.6996), (+0.4048,0.6990), (+0.4187,0.6990), (+0.4325,0.6990), (+0.4464,0.6986), (+0.4602,0.6943), (+0.4740,0.6920), (+0.4879,0.6901), (+0.4912,0.6789), (+0.4856,0.6644), (+0.4793,0.6508), (+0.4678,0.6410), (+0.4533,0.6367), (+0.4394,0.6321), (+0.4256,0.6298), (+0.4118,0.6275), (+0.3979,0.6232), (+0.3841,0.6228), (+0.3702,0.6235), (+0.3564,0.6205), (+0.3426,0.6162), (+0.3287,0.6159), (+0.3149,0.6159), (+0.3010,0.6159), (+0.2872,0.6166), (+0.2734,0.6136), (+0.2595,0.6093), (+0.2457,0.6090), (+0.2318,0.6090), (+0.2180,0.6090), (+0.2042,0.6090), (+0.1903,0.6090), (+0.1765,0.6090), (+0.1626,0.6090), (+0.1488,0.6097), (+0.1349,0.6067), (+0.1211,0.6024), (+0.1073,0.6021), (+0.0934,0.6021), (+0.0796,0.6021), (+0.0657,0.6021), (+0.0519,0.6021), (+0.0374,0.6021), (+0.0374,0.6021), (+0.0519,0.6021), (+0.0657,0.6021), (+0.0796,0.6021), (+0.0934,0.6021), (+0.1073,0.6021), (+0.1211,0.6021)
  stroke[166] (194 pts): (+0.2042,0.5760), (+0.2180,0.5808), (+0.2318,0.5813), (+0.2457,0.5813), (+0.2595,0.5813), (+0.2734,0.5813), (+0.2872,0.5813), (+0.3010,0.5807), (+0.3149,0.5836), (+0.3287,0.5879), (+0.3426,0.5882), (+0.3564,0.5882), (+0.3702,0.5886), (+0.3841,0.5928), (+0.3979,0.5958), (+0.4118,0.5945), (+0.4256,0.5975), (+0.4394,0.6017), (+0.4533,0.6024), (+0.4671,0.6070), (+0.4810,0.6139), (+0.4948,0.6232), (+0.5083,0.6367), (+0.5182,0.6505), (+0.5222,0.6644), (+0.5225,0.6782), (+0.5225,0.6920), (+0.5225,0.7059), (+0.5225,0.7197), (+0.5225,0.7336), (+0.5225,0.7474), (+0.5225,0.7612), (+0.5225,0.7751), (+0.5225,0.7889), (+0.5222,0.8028), (+0.5179,0.8166), (+0.5149,0.8304), (+0.5162,0.8443), (+0.5133,0.8581), (+0.5096,0.8720), (+0.5063,0.8858), (+0.5021,0.8997), (+0.5021,0.9135), (+0.4955,0.9273), (+0.4856,0.9412), (+0.4747,0.9550), (+0.4602,0.9689), (+0.4464,0.9827), (+0.4325,0.9962), (+0.4187,1.0058), (+0.4048,1.0163), (+0.3910,1.0272), (+0.3772,1.0358), (+0.3633,1.0437), (+0.3495,1.0506), (+0.3356,1.0575), (+0.3218,1.0644), (+0.3080,1.0704), (+0.2941,1.0756), (+0.2803,1.0796), (+0.2664,1.0835), (+0.2526,1.0895), (+0.2388,1.0934), (+0.2249,1.0974), (+0.2111,1.1033), (+0.1972,1.1069), (+0.1834,1.1076), (+0.1696,1.1119), (+0.1557,1.1148), (+0.1419,1.1145), (+0.1280,1.1188), (+0.1135,1.1214), (+0.1030,1.1277), (+0.0977,1.1419), (+0.0872,1.1557), (+0.0727,1.1696), (+0.0588,1.1834), (+0.0437,1.1986), (+0.0351,1.2071), (+0.0437,1.1986), (+0.0588,1.1834), (+0.0727,1.1696), (+0.0872,1.1557), (+0.0990,1.1419), (+0.0990,1.1277), (+0.0872,1.1201), (+0.0727,1.1228), (+0.0592,1.1297), (+0.0496,1.1419), (+0.0381,1.1544), (+0.0381,1.1544), (+0.0503,1.1419), (+0.0453,1.1300), (+0.0443,1.1274), (+0.0588,1.1277), (+0.0727,1.1234), (+0.0865,1.1204), (+0.1003,1.1211), (+0.1142,1.1218), (+0.1280,1.1188), (+0.1419,1.1145), (+0.1557,1.1148), (+0.1696,1.1119), (+0.1834,1.1076), (+0.1972,1.1069), (+0.2111,1.1033), (+0.2249,1.0974), (+0.2388,1.0934), (+0.2526,1.0895), (+0.2664,1.0835), (+0.2803,1.0796), (+0.2941,1.0756), (+0.3080,1.0704), (+0.3218,1.0644), (+0.3356,1.0575), (+0.3495,1.0506), (+0.3633,1.0437), (+0.3772,1.0358), (+0.3910,1.0272), (+0.4048,1.0163), (+0.4187,1.0058), (+0.4325,0.9962), (+0.4464,0.9827), (+0.4602,0.9689), (+0.4747,0.9550), (+0.4856,0.9412), (+0.4955,0.9273), (+0.5021,0.9135), (+0.5021,0.8997), (+0.5063,0.8858), (+0.5096,0.8720), (+0.5133,0.8581), (+0.5162,0.8443), (+0.5149,0.8304), (+0.5179,0.8166), (+0.5222,0.8028), (+0.5225,0.7889), (+0.5225,0.7751), (+0.5225,0.7612), (+0.5225,0.7474), (+0.5225,0.7336), (+0.5225,0.7197), (+0.5225,0.7059), (+0.5225,0.6920), (+0.5225,0.6782), (+0.5222,0.6644), (+0.5182,0.6505), (+0.5083,0.6367), (+0.4948,0.6232), (+0.4810,0.6139), (+0.4671,0.6070), (+0.4533,0.6024), (+0.4394,0.6017), (+0.4256,0.5975), (+0.4118,0.5945), (+0.3979,0.5958), (+0.3841,0.5928), (+0.3702,0.5886), (+0.3564,0.5882), (+0.3426,0.5882), (+0.3287,0.5879), (+0.3149,0.5836), (+0.3010,0.5807), (+0.2872,0.5813), (+0.2734,0.5813), (+0.2595,0.5813), (+0.2457,0.5813), (+0.2318,0.5813), (+0.2180,0.5810), (+0.2042,0.5767), (+0.1903,0.5737), (+0.1765,0.5744), (+0.1626,0.5744), (+0.1488,0.5744), (+0.1349,0.5744), (+0.1211,0.5744), (+0.1073,0.5744), (+0.0934,0.5744), (+0.0796,0.5744), (+0.0657,0.5744), (+0.0519,0.5744), (+0.0374,0.5744), (+0.0374,0.5744), (+0.0519,0.5744), (+0.0657,0.5744), (+0.0796,0.5744), (+0.0934,0.5744), (+0.1073,0.5744), (+0.1211,0.5744), (+0.1349,0.5744), (+0.1488,0.5744), (+0.1626,0.5744), (+0.1765,0.5744), (+0.1903,0.5744)
  stroke[167] ( 71 pts): (+0.5225,0.5062), (+0.5087,0.5166), (+0.4948,0.5246), (+0.4810,0.5316), (+0.4671,0.5375), (+0.4533,0.5428), (+0.4394,0.5464), (+0.4256,0.5461), (+0.4118,0.5490), (+0.3979,0.5533), (+0.3841,0.5536), (+0.3702,0.5536), (+0.3564,0.5536), (+0.3426,0.5536), (+0.3287,0.5536), (+0.3149,0.5536), (+0.3010,0.5536), (+0.2872,0.5536), (+0.2734,0.5536), (+0.2595,0.5536), (+0.2457,0.5536), (+0.2318,0.5543), (+0.2180,0.5513), (+0.2042,0.5470), (+0.1903,0.5467), (+0.1765,0.5467), (+0.1626,0.5467), (+0.1488,0.5467), (+0.1349,0.5467), (+0.1211,0.5467), (+0.1073,0.5467), (+0.0934,0.5467), (+0.0796,0.5467), (+0.0657,0.5467), (+0.0519,0.5467), (+0.0374,0.5467), (+0.0374,0.5467), (+0.0519,0.5467), (+0.0657,0.5467), (+0.0796,0.5467), (+0.0934,0.5467), (+0.1073,0.5467), (+0.1211,0.5467), (+0.1349,0.5467), (+0.1488,0.5467), (+0.1626,0.5467), (+0.1765,0.5467), (+0.1903,0.5467), (+0.2042,0.5470), (+0.2180,0.5513), (+0.2318,0.5543), (+0.2457,0.5536), (+0.2595,0.5536), (+0.2734,0.5536), (+0.2872,0.5536), (+0.3010,0.5536), (+0.3149,0.5536), (+0.3287,0.5536), (+0.3426,0.5536), (+0.3564,0.5536), (+0.3702,0.5536), (+0.3841,0.5536), (+0.3979,0.5533), (+0.4118,0.5490), (+0.4256,0.5461), (+0.4394,0.5464), (+0.4533,0.5428), (+0.4671,0.5375), (+0.4810,0.5316), (+0.4948,0.5246), (+0.5087,0.5171)
  stroke[168] (  6 pts): (+0.0409,0.4551), (+0.0430,0.4726), (+0.0377,0.4851), (+0.0377,0.4851), (+0.0456,0.4699), (+0.0391,0.4592)
  stroke[169] ( 18 pts): (+0.0652,0.4360), (+0.0761,0.4498), (+0.0789,0.4637), (+0.0753,0.4775), (+0.0654,0.4913), (+0.0519,0.5055), (+0.0374,0.5124), (+0.0374,0.5124), (+0.0519,0.5055), (+0.0654,0.4913), (+0.0753,0.4775), (+0.0789,0.4637), (+0.0753,0.4492), (+0.0654,0.4380), (+0.0519,0.4353), (+0.0374,0.4360), (+0.0374,0.4360), (+0.0499,0.4360)
  stroke[170] (  6 pts): (+0.2734,0.4065), (+0.2595,0.4034), (+0.2444,0.4100), (+0.2358,0.4225), (+0.2444,0.4277), (+0.2585,0.4217)
  stroke[171] ( 11 pts): (+0.3564,0.3435), (+0.3426,0.3421), (+0.3287,0.3529), (+0.3149,0.3645), (+0.2997,0.3740), (+0.2912,0.3885), (+0.2997,0.3931), (+0.3149,0.3852), (+0.3287,0.3767), (+0.3426,0.3658), (+0.3564,0.3536)
  stroke[172] ( 16 pts): (+0.0857,0.3383), (+0.0776,0.3539), (+0.0664,0.3665), (+0.0519,0.3757), (+0.0374,0.3823), (+0.0374,0.3823), (+0.0519,0.3757), (+0.0671,0.3665), (+0.0756,0.3520), (+0.0671,0.3473), (+0.0519,0.3543), (+0.0374,0.3615), (+0.0374,0.3615), (+0.0519,0.3543), (+0.0657,0.3485), (+0.0796,0.3450)
  stroke[173] ( 12 pts): (+0.1073,0.2888), (+0.0934,0.2857), (+0.0796,0.2930), (+0.0657,0.3015), (+0.0519,0.3114), (+0.0371,0.3206), (+0.0328,0.3315), (+0.0443,0.3355), (+0.0588,0.3299), (+0.0727,0.3239), (+0.0865,0.3167), (+0.1003,0.3050)
  stroke[174] ( 16 pts): (+0.3287,0.2882), (+0.3149,0.2867), (+0.3010,0.2969), (+0.2872,0.3111), (+0.2734,0.3206), (+0.2595,0.3315), (+0.2457,0.3460), (+0.2305,0.3599), (+0.2219,0.3747), (+0.2305,0.3790), (+0.2457,0.3678), (+0.2595,0.3576), (+0.2734,0.3467), (+0.2872,0.3322), (+0.3010,0.3183), (+0.3149,0.3045)
  stroke[175] ( 36 pts): (+0.3633,0.2732), (+0.3495,0.2783), (+0.3356,0.2884), (+0.3218,0.2979), (+0.3080,0.3114), (+0.2941,0.3253), (+0.2803,0.3391), (+0.2664,0.3526), (+0.2526,0.3622), (+0.2388,0.3727), (+0.2249,0.3829), (+0.2111,0.3938), (+0.1976,0.4083), (+0.1873,0.4221), (+0.1791,0.4360), (+0.1755,0.4511), (+0.1831,0.4600), (+0.1986,0.4558), (+0.2071,0.4426), (+0.1979,0.4376), (+0.1966,0.4376), (+0.2111,0.4304), (+0.2249,0.4241), (+0.2388,0.4152), (+0.2526,0.4063), (+0.2664,0.3991), (+0.2803,0.3905), (+0.2941,0.3796), (+0.3080,0.3691), (+0.3218,0.3595), (+0.3356,0.3464), (+0.3501,0.3368), (+0.3613,0.3259), (+0.3640,0.3114), (+0.3633,0.2976), (+0.3633,0.2837)
  stroke[176] ( 68 pts): (+0.3910,0.2411), (+0.3772,0.2353), (+0.3633,0.2419), (+0.3495,0.2561), (+0.3343,0.2699), (+0.3258,0.2847), (+0.3343,0.2890), (+0.3501,0.2768), (+0.3613,0.2762), (+0.3640,0.2907), (+0.3633,0.3045), (+0.3630,0.3183), (+0.3587,0.3322), (+0.3561,0.3460), (+0.3498,0.3605), (+0.3356,0.3714), (+0.3218,0.3806), (+0.3080,0.3895), (+0.2941,0.3968), (+0.2803,0.4053), (+0.2664,0.4152), (+0.2526,0.4241), (+0.2388,0.4304), (+0.2249,0.4373), (+0.2111,0.4452), (+0.1972,0.4551), (+0.1831,0.4600), (+0.1755,0.4511), (+0.1791,0.4360), (+0.1873,0.4221), (+0.1976,0.4083), (+0.2124,0.3945), (+0.2210,0.3796), (+0.2124,0.3760), (+0.1972,0.3846), (+0.1827,0.3948), (+0.1712,0.4083), (+0.1639,0.4221), (+0.1580,0.4360), (+0.1527,0.4498), (+0.1488,0.4637), (+0.1432,0.4775), (+0.1386,0.4917), (+0.1475,0.4983), (+0.1626,0.4933), (+0.1765,0.4857), (+0.1903,0.4795), (+0.2042,0.4706), (+0.2180,0.4617), (+0.2318,0.4554), (+0.2457,0.4485), (+0.2595,0.4406), (+0.2734,0.4314), (+0.2872,0.4241), (+0.3010,0.4152), (+0.3149,0.4063), (+0.3287,0.3991), (+0.3426,0.3905), (+0.3564,0.3803), (+0.3709,0.3668), (+0.3821,0.3529), (+0.3847,0.3391), (+0.3844,0.3253), (+0.3887,0.3114), (+0.3920,0.2976), (+0.3956,0.2837), (+0.3992,0.2699), (+0.3959,0.2561)
  stroke[177] ( 48 pts): (+0.3844,0.2353), (+0.3935,0.2491), (+0.3976,0.2630), (+0.3976,0.2768), (+0.3933,0.2907), (+0.3900,0.3045), (+0.3864,0.3183), (+0.3834,0.3322), (+0.3844,0.3460), (+0.3775,0.3599), (+0.3633,0.3744), (+0.3495,0.3852), (+0.3356,0.3945), (+0.3218,0.4034), (+0.3080,0.4106), (+0.2941,0.4198), (+0.2803,0.4271), (+0.2664,0.4360), (+0.2526,0.4449), (+0.2388,0.4511), (+0.2249,0.4581), (+0.2111,0.4660), (+0.1972,0.4752), (+0.1834,0.4831), (+0.1696,0.4900), (+0.1557,0.4973), (+0.1419,0.4970), (+0.1396,0.4851), (+0.1465,0.4706), (+0.1518,0.4567), (+0.1557,0.4429), (+0.1607,0.4291), (+0.1676,0.4152), (+0.1768,0.4007), (+0.1903,0.3899), (+0.2042,0.3806), (+0.2180,0.3714), (+0.2318,0.3605), (+0.2457,0.3460), (+0.2595,0.3315), (+0.2734,0.3206), (+0.2872,0.3111), (+0.3010,0.2969), (+0.3149,0.2860), (+0.3287,0.2765), (+0.3426,0.2630), (+0.3564,0.2485), (+0.3702,0.2378)
  stroke[178] ( 36 pts): (+0.0984,0.2145), (+0.0944,0.2284), (+0.0911,0.2422), (+0.0872,0.2561), (+0.0799,0.2696), (+0.0657,0.2791), (+0.0512,0.2900), (+0.0397,0.3058), (+0.0440,0.3137), (+0.0588,0.3081), (+0.0727,0.2976), (+0.0865,0.2887), (+0.1017,0.2814), (+0.1106,0.2837), (+0.1063,0.2976), (+0.0941,0.3111), (+0.0796,0.3203), (+0.0657,0.3272), (+0.0519,0.3328), (+0.0371,0.3348), (+0.0331,0.3266), (+0.0374,0.3114), (+0.0447,0.2976), (+0.0588,0.2841), (+0.0733,0.2745), (+0.0839,0.2636), (+0.0895,0.2491), (+0.0934,0.2340), (+0.0868,0.2261), (+0.0727,0.2323), (+0.0588,0.2402), (+0.0443,0.2501), (+0.0443,0.2501), (+0.0588,0.2402), (+0.0727,0.2330), (+0.0865,0.2244)