============================================================
  HERO FIGURE — FULL EXTRACTED DATA
  640 contour pts, 118 strokes, 80 Y-levels
============================================================

── CONTOUR ──
  idx         dx         dy
─────  ─────────  ─────────
    0    +0.0716     0.0404
    1    +0.0913     0.0463
    2    +0.1125     0.0560
    3    +0.1353     0.0683
    4    +0.1595     0.0820
    5    +0.1848     0.0963
    6    +0.2117     0.1110
    7    +0.2404     0.1253
    8    +0.2698     0.1393
    9    +0.2996     0.1528
   10    +0.3294     0.1673
   11    +0.3594     0.1847
   12    +0.3896     0.2057
   13    +0.4200     0.2296
   14    +0.4508     0.2549
   15    +0.4819     0.2805
   16    +0.5124     0.3060
   17    +0.5416     0.3316
   18    +0.5687     0.3580
   19    +0.5926     0.3864
   20    +0.6123     0.4171
   21    +0.6281     0.4494
   22    +0.6405     0.4826
   23    +0.6499     0.5162
   24    +0.6573     0.5495
   25    +0.6634     0.5819
   26    +0.6687     0.6131
   27    +0.6731     0.6436
   28    +0.6764     0.6735
   29    +0.6796     0.7030
   30    +0.6832     0.7326
   31    +0.6866     0.7624
   32    +0.6891     0.7927
   33    +0.6890     0.8239
   34    +0.6854     0.8561
   35    +0.6789     0.8893
   36    +0.6698     0.9231
   37    +0.6585     0.9573
   38    +0.6454     0.9914
   39    +0.6304     1.0255
   40    +0.6132     1.0593
   41    +0.5936     1.0927
   42    +0.5717     1.1247
   43    +0.5480     1.1548
   44    +0.5222     1.1824
   45    +0.4941     1.2075
   46    +0.4646     1.2307
   47    +0.4355     1.2526
   48    +0.4094     1.2743
   49    +0.3891     1.2963
   50    +0.3763     1.3186
   51    +0.3723     1.3409
   52    +0.3776     1.3632
   53    +0.3917     1.3852
   54    +0.4139     1.4065
   55    +0.4429     1.4265
   56    +0.4765     1.4447
   57    +0.5122     1.4611
   58    +0.5479     1.4757
   59    +0.5823     1.4891
   60    +0.6152     1.5025
   61    +0.6469     1.5166
   62    +0.6781     1.5321
   63    +0.7095     1.5484
   64    +0.7413     1.5646
   65    +0.7732     1.5797
   66    +0.8051     1.5932
   67    +0.8372     1.6042
   68    +0.8705     1.6128
   69    +0.9054     1.6184
   70    +0.9415     1.6213
   71    +0.9773     1.6219
   72    +1.0109     1.6213
   73    +1.0403     1.6210
   74    +1.0638     1.6229
   75    +1.0814     1.6284
   76    +1.0942     1.6387
   77    +1.1036     1.6540
   78    +1.1107     1.6743
   79    +1.1165     1.6992
   80    +1.1222     1.7281
   81    +1.1297     1.7600
   82    +1.1404     1.7939
   83    +1.1542     1.8287
   84    +1.1701     1.8634
   85    +1.1862     1.8976
   86    +1.2007     1.9314
   87    +1.2118     1.9647
   88    +1.2189     1.9980
   89    +1.2230     2.0312
   90    +1.2252     2.0645
   91    +1.2266     2.0978
   92    +1.2280     2.1311
   93    +1.2304     2.1644
   94    +1.2345     2.1977
   95    +1.2407     2.2310
   96    +1.2491     2.2643
   97    +1.2592     2.2976
   98    +1.2705     2.3309
   99    +1.2821     2.3642
  100    +1.2930     2.3975
  101    +1.3022     2.4308
  102    +1.3096     2.4641
  103    +1.3150     2.4974
  104    +1.3191     2.5307
  105    +1.3222     2.5639
  106    +1.3251     2.5971
  107    +1.3280     2.6305
  108    +1.3309     2.6644
  109    +1.3341     2.6989
  110    +1.3390     2.7338
  111    +1.3469     2.7681
  112    +1.3585     2.8009
  113    +1.3737     2.8309
  114    +1.3911     2.8576
  115    +1.4090     2.8808
  116    +1.4258     2.9013
  117    +1.4401     2.9199
  118    +1.4523     2.9378
  119    +1.4623     2.9560
  120    +1.4702     2.9757
  121    +1.4758     2.9978
  122    +1.4794     3.0233
  123    +1.4819     3.0523
  124    +1.4855     3.0842
  125    +1.4913     3.1181
  126    +1.4994     3.1528
  127    +1.5089     3.1874
  128    +1.5185     3.2215
  129    +1.5270     3.2551
  130    +1.5336     3.2884
  131    +1.5385     3.3216
  132    +1.5425     3.3548
  133    +1.5457     3.3881
  134    +1.5482     3.4214
  135    +1.5500     3.4547
  136    +1.5512     3.4880
  137    +1.5523     3.5213
  138    +1.5534     3.5545
  139    +1.5541     3.5879
  140    +1.5540     3.6215
  141    +1.5544     3.6555
  142    +1.5561     3.6896
  143    +1.5598     3.7234
  144    +1.5654     3.7563
  145    +1.5727     3.7878
  146    +1.5807     3.8175
  147    +1.5877     3.8456
  148    +1.5929     3.8725
  149    +1.5965     3.8987
  150    +1.5986     3.9247
  151    +1.5993     3.9510
  152    +1.5983     3.9781
  153    +1.5956     4.0066
  154    +1.5921     4.0368
  155    +1.5891     4.0686
  156    +1.5877     4.1018
  157    +1.5886     4.1358
  158    +1.5917     4.1699
  159    +1.5968     4.2038
  160    +1.6023     4.2373
  161    +1.6069     4.2706
  162    +1.6100     4.3038
  163    +1.6116     4.3372
  164    +1.6113     4.3708
  165    +1.6089     4.4047
  166    +1.6040     4.4387
  167    +1.5963     4.4726
  168    +1.5850     4.5061
  169    +1.5699     4.5382
  170    +1.5511     4.5689
  171    +1.5288     4.5982
  172    +1.5029     4.6258
  173    +1.4740     4.6513
  174    +1.4423     4.6739
  175    +1.4089     4.6926
  176    +1.3760     4.7058
  177    +1.3456     4.7122
  178    +1.3189     4.7114
  179    +1.2963     4.7036
  180    +1.2776     4.6893
  181    +1.2621     4.6694
  182    +1.2489     4.6448
  183    +1.2377     4.6163
  184    +1.2286     4.5854
  185    +1.2211     4.5534
  186    +1.2148     4.5214
  187    +1.2097     4.4900
  188    +1.2060     4.4591
  189    +1.2043     4.4282
  190    +1.2049     4.3964
  191    +1.2079     4.3635
  192    +1.2127     4.3300
  193    +1.2189     4.2962
  194    +1.2268     4.2625
  195    +1.2365     4.2290
  196    +1.2480     4.1954
  197    +1.2612     4.1614
  198    +1.2755     4.1267
  199    +1.2891     4.0917
  200    +1.3000     4.0573
  201    +1.3064     4.0245
  202    +1.3066     3.9946
  203    +1.2995     3.9685
  204    +1.2848     3.9470
  205    +1.2627     3.9304
  206    +1.2347     3.9187
  207    +1.2023     3.9115
  208    +1.1676     3.9079
  209    +1.1319     3.9067
  210    +1.0959     3.9066
  211    +1.0600     3.9066
  212    +1.0242     3.9066
  213    +0.9892     3.9075
  214    +0.9554     3.9103
  215    +0.9238     3.9164
  216    +0.8960     3.9270
  217    +0.8728     3.9423
  218    +0.8548     3.9627
  219    +0.8425     3.9876
  220    +0.8359     4.0167
  221    +0.8347     4.0489
  222    +0.8380     4.0830
  223    +0.8444     4.1179
  224    +0.8524     4.1527
  225    +0.8610     4.1870
  226    +0.8693     4.2207
  227    +0.8771     4.2540
  228    +0.8843     4.2873
  229    +0.8909     4.3205
  230    +0.8972     4.3538
  231    +0.9028     4.3871
  232    +0.9079     4.4204
  233    +0.9127     4.4537
  234    +0.9173     4.4870
  235    +0.9217     4.5203
  236    +0.9258     4.5536
  237    +0.9298     4.5869
  238    +0.9334     4.6202
  239    +0.9367     4.6535
  240    +0.9393     4.6868
  241    +0.9416     4.7201
  242    +0.9434     4.7534
  243    +0.9447     4.7867
  244    +0.9457     4.8200
  245    +0.9462     4.8533
  246    +0.9462     4.8866
  247    +0.9459     4.9199
  248    +0.9450     4.9532
  249    +0.9438     4.9865
  250    +0.9421     5.0198
  251    +0.9398     5.0531
  252    +0.9366     5.0864
  253    +0.9322     5.1197
  254    +0.9265     5.1530
  255    +0.9197     5.1863
  256    +0.9118     5.2196
  257    +0.9035     5.2529
  258    +0.8954     5.2861
  259    +0.8880     5.3193
  260    +0.8813     5.3527
  261    +0.8753     5.3862
  262    +0.8707     5.4201
  263    +0.8688     5.4543
  264    +0.8700     5.4882
  265    +0.8742     5.5214
  266    +0.8807     5.5532
  267    +0.8883     5.5834
  268    +0.8952     5.6119
  269    +0.9003     5.6390
  270    +0.9038     5.6653
  271    +0.9065     5.6913
  272    +0.9088     5.7175
  273    +0.9110     5.7444
  274    +0.9126     5.7725
  275    +0.9141     5.8022
  276    +0.9168     5.8337
  277    +0.9217     5.8666
  278    +0.9292     5.9004
  279    +0.9390     5.9345
  280    +0.9503     5.9685
  281    +0.9618     6.0021
  282    +0.9720     6.0355
  283    +0.9805     6.0687
  284    +0.9878     6.1020
  285    +0.9939     6.1353
  286    +0.9989     6.1686
  287    +1.0027     6.2019
  288    +1.0050     6.2352
  289    +1.0059     6.2685
  290    +1.0058     6.3018
  291    +1.0049     6.3351
  292    +1.0036     6.3684
  293    +1.0019     6.4017
  294    +1.0002     6.4350
  295    +0.9981     6.4683
  296    +0.9954     6.5016
  297    +0.9921     6.5349
  298    +0.9884     6.5682
  299    +0.9845     6.6015
  300    +0.9804     6.6348
  301    +0.9763     6.6681
  302    +0.9723     6.7014
  303    +0.9684     6.7347
  304    +0.9645     6.7680
  305    +0.9605     6.8012
  306    +0.9565     6.8345
  307    +0.9527     6.8678
  308    +0.9491     6.9011
  309    +0.9458     6.9344
  310    +0.9427     6.9676
  311    +0.9394     7.0010
  312    +0.9359     7.0346
  313    +0.9333     7.0686
  314    +0.9329     7.1027
  315    +0.9355     7.1365
  316    +0.9412     7.1694
  317    +0.9490     7.2009
  318    +0.9575     7.2306
  319    +0.9649     7.2587
  320    +0.9703     7.2856
  321    +0.9742     7.3118
  322    +0.9772     7.3378
  323    +0.9797     7.3641
  324    +0.9818     7.3912
  325    +0.9836     7.4197
  326    +0.9864     7.4499
  327    +0.9925     7.4817
  328    +1.0034     7.5149
  329    +1.0198     7.5489
  330    +1.0413     7.5830
  331    +1.0663     7.6168
  332    +1.0930     7.6503
  333    +1.1197     7.6837
  334    +1.1455     7.7175
  335    +1.1696     7.7518
  336    +1.1903     7.7864
  337    +1.2060     7.8208
  338    +1.2146     7.8544
  339    +1.2149     7.8860
  340    +1.2069     7.9148
  341    +1.1911     7.9400
  342    +1.1687     7.9611
  343    +1.1410     7.9779
  344    +1.1095     7.9904
  345    +1.0756     7.9988
  346    +1.0406     8.0037
  347    +1.0055     8.0056
  348    +0.9703     8.0051
  349    +0.9352     8.0025
  350    +0.9003     7.9975
  351    +0.8661     7.9897
  352    +0.8333     7.9783
  353    +0.8025     7.9631
  354    +0.7740     7.9441
  355    +0.7474     7.9217
  356    +0.7222     7.8968
  357    +0.6978     7.8699
  358    +0.6746     7.8416
  359    +0.6531     7.8122
  360    +0.6341     7.7821
  361    +0.6175     7.7516
  362    +0.6034     7.7209
  363    +0.5919     7.6901
  364    +0.5840     7.6587
  365    +0.5803     7.6265
  366    +0.5809     7.5930
  367    +0.5849     7.5583
  368    +0.5904     7.5229
  369    +0.5949     7.4876
  370    +0.5959     7.4536
  371    +0.5918     7.4222
  372    +0.5823     7.3941
  373    +0.5671     7.3703
  374    +0.5468     7.3512
  375    +0.5215     7.3370
  376    +0.4920     7.3275
  377    +0.4594     7.3224
  378    +0.4249     7.3206
  379    +0.3898     7.3206
  380    +0.3549     7.3215
  381    +0.3208     7.3226
  382    +0.2872     7.3240
  383    +0.2536     7.3262
  384    +0.2192     7.3295
  385    +0.1841     7.3338
  386    +0.1490     7.3380
  387    +0.1147     7.3405
  388    +0.0827     7.3401
  389    +0.0543     7.3354
  390    +0.0302     7.3258
  391    +0.0111     7.3106
  392    -0.0031     7.2896
  393    -0.0123     7.2631
  394    -0.0172     7.2323
  395    -0.0185     7.1984
  396    -0.0175     7.1632
  397    -0.0157     7.1278
  398    -0.0138     7.0931
  399    -0.0127     7.0593
  400    -0.0122     7.0259
  401    -0.0123     6.9926
  402    -0.0125     6.9594
  403    -0.0125     6.9261
  404    -0.0125     6.8928
  405    -0.0125     6.8595
  406    -0.0125     6.8262
  407    -0.0125     6.7929
  408    -0.0125     6.7596
  409    -0.0125     6.7263
  410    -0.0125     6.6930
  411    -0.0125     6.6597
  412    -0.0125     6.6264
  413    -0.0125     6.5931
  414    -0.0125     6.5598
  415    -0.0125     6.5265
  416    -0.0125     6.4932
  417    -0.0125     6.4599
  418    -0.0125     6.4266
  419    -0.0125     6.3933
  420    -0.0125     6.3600
  421    -0.0125     6.3267
  422    -0.0125     6.2934
  423    -0.0125     6.2601
  424    -0.0125     6.2268
  425    -0.0125     6.1935
  426    -0.0125     6.1602
  427    -0.0125     6.1270
  428    -0.0125     6.0937
  429    -0.0125     6.0604
  430    -0.0125     6.0271
  431    -0.0125     5.9938
  432    -0.0125     5.9605
  433    -0.0125     5.9272
  434    -0.0125     5.8939
  435    -0.0125     5.8606
  436    -0.0125     5.8273
  437    -0.0125     5.7940
  438    -0.0125     5.7607
  439    -0.0125     5.7274
  440    -0.0125     5.6941
  441    -0.0125     5.6608
  442    -0.0125     5.6275
  443    -0.0125     5.5942
  444    -0.0125     5.5609
  445    -0.0125     5.5276
  446    -0.0125     5.4943
  447    -0.0125     5.4610
  448    -0.0125     5.4277
  449    -0.0125     5.3944
  450    -0.0123     5.3612
  451    -0.0122     5.3279
  452    -0.0125     5.2946
  453    -0.0135     5.2609
  454    -0.0152     5.2263
  455    -0.0171     5.1908
  456    -0.0185     5.1553
  457    -0.0181     5.1213
  458    -0.0142     5.0907
  459    -0.0055     5.0649
  460    +0.0088     5.0449
  461    +0.0288     5.0303
  462    +0.0538     5.0198
  463    +0.0826     5.0116
  464    +0.1130     5.0033
  465    +0.1421     4.9928
  466    +0.1671     4.9789
  467    +0.1855     4.9607
  468    +0.1953     4.9388
  469    +0.1949     4.9148
  470    +0.1844     4.8912
  471    +0.1652     4.8699
  472    +0.1396     4.8518
  473    +0.1104     4.8371
  474    +0.0805     4.8250
  475    +0.0526     4.8135
  476    +0.0284     4.8007
  477    +0.0092     4.7847
  478    -0.0049     4.7642
  479    -0.0138     4.7386
  480    -0.0180     4.7087
  481    -0.0186     4.6754
  482    -0.0171     4.6405
  483    -0.0152     4.6054
  484    -0.0135     4.5708
  485    -0.0125     4.5370
  486    -0.0122     4.5035
  487    -0.0123     4.4702
  488    -0.0125     4.4370
  489    -0.0125     4.4037
  490    -0.0125     4.3704
  491    -0.0125     4.3371
  492    -0.0125     4.3039
  493    -0.0125     4.2706
  494    -0.0125     4.2373
  495    -0.0125     4.2040
  496    -0.0125     4.1707
  497    -0.0125     4.1374
  498    -0.0125     4.1041
  499    -0.0125     4.0708
  500    -0.0125     4.0375
  501    -0.0125     4.0042
  502    -0.0125     3.9709
  503    -0.0125     3.9376
  504    -0.0125     3.9043
  505    -0.0125     3.8710
  506    -0.0125     3.8377
  507    -0.0125     3.8044
  508    -0.0125     3.7711
  509    -0.0125     3.7378
  510    -0.0125     3.7045
  511    -0.0125     3.6712
  512    -0.0125     3.6379
  513    -0.0125     3.6046
  514    -0.0125     3.5713
  515    -0.0125     3.5380
  516    -0.0125     3.5047
  517    -0.0125     3.4714
  518    -0.0125     3.4381
  519    -0.0125     3.4048
  520    -0.0125     3.3715
  521    -0.0125     3.3382
  522    -0.0125     3.3049
  523    -0.0125     3.2716
  524    -0.0125     3.2383
  525    -0.0125     3.2050
  526    -0.0125     3.1717
  527    -0.0125     3.1384
  528    -0.0125     3.1051
  529    -0.0125     3.0718
  530    -0.0125     3.0385
  531    -0.0125     3.0052
  532    -0.0125     2.9719
  533    -0.0125     2.9386
  534    -0.0125     2.9053
  535    -0.0125     2.8720
  536    -0.0125     2.8387
  537    -0.0125     2.8054
  538    -0.0125     2.7721
  539    -0.0125     2.7388
  540    -0.0125     2.7055
  541    -0.0125     2.6722
  542    -0.0125     2.6389
  543    -0.0125     2.6056
  544    -0.0125     2.5723
  545    -0.0125     2.5390
  546    -0.0125     2.5057
  547    -0.0125     2.4724
  548    -0.0125     2.4391
  549    -0.0125     2.4058
  550    -0.0125     2.3725
  551    -0.0125     2.3392
  552    -0.0125     2.3059
  553    -0.0125     2.2726
  554    -0.0125     2.2393
  555    -0.0125     2.2060
  556    -0.0125     2.1727
  557    -0.0125     2.1394
  558    -0.0125     2.1061
  559    -0.0125     2.0728
  560    -0.0125     2.0395
  561    -0.0125     2.0062
  562    -0.0125     1.9729
  563    -0.0125     1.9396
  564    -0.0125     1.9063
  565    -0.0125     1.8730
  566    -0.0125     1.8398
  567    -0.0125     1.8065
  568    -0.0125     1.7732
  569    -0.0125     1.7399
  570    -0.0125     1.7066
  571    -0.0125     1.6733
  572    -0.0125     1.6400
  573    -0.0125     1.6067
  574    -0.0125     1.5734
  575    -0.0125     1.5401
  576    -0.0125     1.5068
  577    -0.0125     1.4735
  578    -0.0125     1.4402
  579    -0.0125     1.4069
  580    -0.0125     1.3736
  581    -0.0125     1.3403
  582    -0.0125     1.3070
  583    -0.0125     1.2737
  584    -0.0125     1.2404
  585    -0.0125     1.2071
  586    -0.0125     1.1738
  587    -0.0125     1.1405
  588    -0.0124     1.1072
  589    -0.0122     1.0740
  590    -0.0123     1.0408
  591    -0.0129     1.0073
  592    -0.0143     0.9732
  593    -0.0162     0.9382
  594    -0.0179     0.9025
  595    -0.0185     0.8671
  596    -0.0164     0.8338
  597    -0.0105     0.8043
  598    -0.0002     0.7804
  599    +0.0151     0.7631
  600    +0.0359     0.7524
  601    +0.0621     0.7476
  602    +0.0934     0.7467
  603    +0.1288     0.7476
  604    +0.1659     0.7476
  605    +0.2019     0.7438
  606    +0.2335     0.7339
  607    +0.2586     0.7176
  608    +0.2751     0.6956
  609    +0.2821     0.6711
  610    +0.2798     0.6479
  611    +0.2680     0.6293
  612    +0.2470     0.6175
  613    +0.2184     0.6131
  614    +0.1842     0.6150
  615    +0.1473     0.6209
  616    +0.1108     0.6276
  617    +0.0771     0.6322
  618    +0.0483     0.6318
  619    +0.0248     0.6244
  620    +0.0068     0.6090
  621    -0.0059     0.5860
  622    -0.0139     0.5568
  623    -0.0178     0.5235
  624    -0.0184     0.4881
  625    -0.0170     0.4525
  626    -0.0149     0.4175
  627    -0.0134     0.3830
  628    -0.0134     0.3489
  629    -0.0144     0.3151
  630    -0.0156     0.2816
  631    -0.0162     0.2483
  632    -0.0151     0.2148
  633    -0.0111     0.1812
  634    -0.0050     0.1483
  635    +0.0032     0.1167
  636    +0.0130     0.0877
  637    +0.0245     0.0638
  638    +0.0381     0.0478
  639    +0.0538     0.0403

── MEASUREMENTS ──
  y=  0.1  [+0.2622..+0.2789]  [-0.1707..+0.1374]
  y=  0.2  [-0.2872..+0.3621]
  y=  0.3  [-0.3954..+0.5203]
  y=  0.4  [-0.5120..+0.6035]  [-0.6951..-0.6618]
  y=  0.5  [-0.6618..+0.6535]
  y=  0.6  [-0.0708..+0.6618]  [-0.7367..-0.1540]
  y=  0.7  [+0.2955..+0.6868]  [-0.7784..-0.1873]
  y=  0.8  [-0.6618..+0.6785]
  y=  0.9  [-0.6119..+0.6785]
  y=  1.0  [-0.5786..+0.6452]
  y=  1.1  [-0.5120..+0.5952]
  y=  1.2  [-0.2622..+0.5036]  [-0.4454..-0.3538]
  y=  1.3  [-0.3371..+0.3621]
  y=  1.4  [+0.3288..+0.3954]  [-0.0957..+0.2123]  [-0.2789..-0.2123]
  y=  1.5  [+0.5036..+0.6119]  [+0.3288..+0.3788]  [-0.0791..+0.1956]  [-0.2622..-0.2206]  [-0.4953..-0.3871]
  y=  1.6  [+0.3621..+0.8117]  [-0.1540..+0.2706]  [-0.6951..-0.2456]
  y=  1.7  [+0.6368..+1.0864]  [-0.3704..+0.4870]  [-0.9698..-0.5286]
  y=  1.8  [-1.0281..+1.1446]
  y=  1.9  [-1.0780..+1.1946]
  y=  2.0  [-1.1030..+1.2196]
  y=  2.1  [-1.1113..+1.2279]
  y=  2.2  [+1.0697..+1.2279]  [-0.8283..+0.9365]  [-1.1113..-0.9532]
  y=  2.3  [-1.1446..+1.2612]
  y=  2.4  [+1.2778..+1.2945]  [+0.7284..+1.1530]  [-0.5286..+0.6452]  [-1.0364..-0.6119]  [-1.1779..-1.1613]
  y=  2.5  [-1.2029..+1.3195]
  y=  2.6  [-1.2112..+1.3195]
  y=  2.7  [-1.2196..+1.3361]
  y=  2.8  [+0.6368..+1.3611]  [-0.3455..+0.4620]  [-1.2445..-0.5203]
  y=  2.9  [+0.9532..+1.3861]  [-0.5786..+0.6951]  [-1.2778..-0.8366]
  y=  3.0  [+1.2695..+1.4527]  [+0.8283..+1.1280]  [+0.6618..+0.6868]  [-0.4121..+0.5286]  [-0.5702..-0.5453]  [-1.0114..-0.7118]  [-1.3444..-1.1530]
  y=  3.1  [+1.4693..+1.4860]  [+0.8283..+1.2612]  [+0.6618..+0.6868]  [-0.3621..+0.4787]  [-0.5702..-0.5536]  [-1.1446..-0.7118]  [-1.3694..-1.3528]
  y=  3.2  [+1.2029..+1.5109]  [+0.2872..+1.0697]  [-0.0957..+0.2123]  [-0.3954..-0.1707]  [-0.9532..-0.4787]  [-1.4027..-1.0947]
  y=  3.3  [+1.2362..+1.5359]  [+0.2872..+1.1197]  [-0.0957..+0.2123]  [-0.3788..-0.1707]  [-1.0031..-0.4787]  [-1.4194..-1.1197]
  y=  3.4  [+1.2529..+1.5442]  [-0.9865..+1.1030]  [-1.4277..-1.1363]
  y=  3.5  [+1.2778..+1.5525]  [-1.0281..+1.1446]  [-1.4360..-1.1613]
  y=  3.6  [+0.5786..+1.5525]  [-1.4360..+0.4620]
  y=  3.7  [+0.7367..+1.5609]  [-0.3704..+0.5952]  [-1.4443..-0.6202]
  y=  3.8  [+0.7034..+1.5692]  [-0.3788..+0.4953]  [-1.4527..-0.5869]
  y=  3.9  [-1.5109..+1.6275]
  y=  4.0  [+1.3195..+1.5858]  [-0.7201..+0.8366]  [-1.4693..-1.2112]
  y=  4.1  [+1.5525..+1.5858]  [+1.2862..+1.4277]  [-0.7284..+0.8450]  [-1.3111..-1.1696]  [-1.4693..-1.4360]
  y=  4.2  [+1.5775..+1.5942]  [+1.3944..+1.3944]  [+1.2362..+1.2529]  [-0.7534..+0.8616]  [-1.1363..-1.1197]  [-1.2778..-1.2778]  [-1.4776..-1.4610]
  y=  4.3  [+1.5276..+1.6025]  [+1.2279..+1.3861]  [-0.7700..+0.8866]  [-1.2695..-1.1113]  [-1.4860..-1.4110]
  y=  4.4  [+1.5359..+1.6191]  [+1.2029..+1.4194]  [+0.7784..+0.9032]  [-0.4953..+0.6119]  [-0.7867..-0.6618]  [-1.3028..-1.0864]  [-1.5026..-1.4194]
  y=  4.5  [+1.1946..+1.5775]  [+0.9032..+0.9199]  [+0.7867..+0.7867]  [-0.5036..+0.6202]  [-0.8033..-0.7867]  [-1.4693..-1.0780]
  y=  4.6  [+1.2529..+1.5442]  [+0.9116..+0.9282]  [-0.5203..+0.6285]  [-0.8200..-0.7950]  [-1.4277..-1.1363]
  y=  4.7  [+1.2612..+1.4027]  [+0.9199..+0.9365]  [+0.3122..+0.6452]  [-0.0541..+0.1707]  [-0.5286..-0.1956]  [-0.8283..-0.8033]  [-1.2945..-1.1446]
  y=  4.8  [+0.9282..+0.9448]  [+0.3039..+0.7700]  [-0.0708..+0.1873]  [-0.6535..-0.1873]  [-0.8283..-0.8117]
  y=  4.9  [+0.1956..+0.9448]  [-0.8366..-0.0791]
  y=  5.0  [+0.1873..+0.9448]  [+0.0375..+0.0624]  [-0.8283..-0.0541]
  y=  5.1  [-0.8200..+0.9365]
  y=  5.2  [+0.8283..+0.9199]  [-0.5120..+0.6285]  [-0.8033..-0.7118]
  y=  5.3  [+0.8699..+0.8949]  [-0.5786..+0.6951]  [-0.7784..-0.7534]
  y=  5.4  [+0.7451..+0.8699]  [-0.5120..+0.6285]  [-0.7534..-0.6285]
  y=  5.5  [-0.7534..+0.8699]
  y=  5.6  [+0.7784..+0.8783]  [-0.4121..+0.5286]  [-0.7617..-0.6618]
  y=  5.7  [-0.8283..+0.9448]
  y=  5.8  [+0.7617..+0.9032]  [-0.5120..+0.6202]  [-0.7867..-0.6452]
  y=  5.9  [+0.7700..+0.9282]  [-0.5120..+0.6285]  [-0.8200..-0.6535]
  y=  6.0  [+0.6535..+0.9615]  [-0.4037..+0.5203]  [-0.8450..-0.5369]
  y=  6.1  [+0.7201..+0.9865]  [-0.3122..+0.4287]  [-0.8699..-0.6035]
  y=  6.2  [-0.8866..+1.0031]
  y=  6.3  [-0.8866..+1.0031]
  y=  6.4  [+0.7700..+1.0031]  [-0.5036..+0.6202]  [-0.8866..-0.6535]
  y=  6.5  [+0.7784..+0.9948]  [+0.6035..+0.6368]  [-0.3871..+0.5203]  [-0.5120..-0.5120]  [-0.8783..-0.6618]
  y=  6.6  [+0.7784..+0.9865]  [+0.6202..+0.6285]  [-0.3788..+0.4953]  [-0.8699..-0.6618]
  y=  6.7  [+0.9532..+0.9698]  [-0.6785..+0.7950]  [-0.8616..-0.8366]
  y=  6.8  [+0.9448..+0.9615]  [-0.6785..+0.7950]  [-0.8450..-0.8283]
  y=  6.9  [+0.9282..+0.9532]  [-0.6868..+0.7950]  [-0.8366..-0.8117]
  y=  7.0  [+0.9199..+0.9365]  [-0.5203..+0.6368]  [-0.8283..-0.8033]
  y=  7.1  [+0.9199..+0.9365]  [-0.5203..+0.6368]  [-0.8200..-0.8033]
  y=  7.2  [+0.7867..+0.9365]  [-0.5203..+0.6285]  [-0.8200..-0.6785]
  y=  7.3  [-0.8616..+0.9781]
  y=  7.4  [+0.5952..+0.9615]  [-0.8450..-0.4787]
  y=  7.5  [+0.5952..+0.9948]  [-0.8783..-0.4787]
  y=  7.6  [+0.5786..+1.0447]  [-0.9282..-0.4703]
  y=  7.7  [+0.5786..+1.1197]  [-1.0031..-0.4620]
  y=  7.8  [+1.1779..+1.2029]  [+0.6618..+1.0364]  [-0.9199..-0.5453]  [-1.0864..-1.0614]
  y=  7.9  [+1.1779..+1.2196]  [+0.7034..+1.0614]  [-0.9448..-0.5869]  [-1.1030..-1.0614]
  y=  8.0  [+0.8616..+1.1113]  [-1.0031..-0.7451]

── STROKES ──
  stroke[  0] ( 51 pts): (+0.7451,7.8593), (+0.7617,7.8739), (+0.7784,7.8870), (+0.7950,7.8973), (+0.8117,7.9068), (+0.8283,7.9152), (+0.8450,7.9223), (+0.8616,7.9286), (+0.8783,7.9330), (+0.8949,7.9338), (+0.9116,7.9390), (+0.9282,7.9425), (+0.9448,7.9417), (+0.9615,7.9417), (+0.9781,7.9417), (+0.9948,7.9417), (+1.0114,7.9425), (+1.0281,7.9390), (+1.0447,7.9338), (+1.0614,7.9334), (+1.0780,7.9334), (+1.0947,7.9330), (+1.1113,7.9279), (+1.1280,7.9239), (+1.1446,7.9199), (+1.1621,7.9072), (+1.1621,7.9072), (+1.1446,7.9199), (+1.1280,7.9239), (+1.1113,7.9279), (+1.0947,7.9330), (+1.0780,7.9334), (+1.0614,7.9334), (+1.0447,7.9338), (+1.0281,7.9390), (+1.0114,7.9425), (+0.9948,7.9417), (+0.9781,7.9417), (+0.9615,7.9417), (+0.9448,7.9417), (+0.9282,7.9425), (+0.9116,7.9390), (+0.8949,7.9338), (+0.8783,7.9330), (+0.8616,7.9286), (+0.8450,7.9223), (+0.8283,7.9152), (+0.8117,7.9068), (+0.7950,7.8973), (+0.7784,7.8870), (+0.7617,7.8745)
  stroke[  1] ( 21 pts): (+0.7026,7.6670), (+0.7046,7.6837), (+0.7090,7.7003), (+0.7126,7.7170), (+0.7118,7.7336), (+0.7129,7.7518), (+0.7145,7.7622), (+0.7133,7.7518), (+0.7038,7.7336), (+0.6868,7.7170), (+0.6701,7.7007), (+0.6535,7.6892), (+0.6360,7.6753), (+0.6360,7.6753), (+0.6535,7.6892), (+0.6701,7.7007), (+0.6868,7.7185), (+0.7038,7.7289), (+0.7129,7.7185), (+0.7090,7.7003), (+0.7046,7.6837)
  stroke[  2] ( 67 pts): (+0.0624,7.4173), (+0.0624,7.4339), (+0.0624,7.4506), (+0.0624,7.4672), (+0.0624,7.4839), (+0.0624,7.5005), (+0.0624,7.5172), (+0.0624,7.5338), (+0.0624,7.5505), (+0.0624,7.5671), (+0.0624,7.5838), (+0.0624,7.6004), (+0.0624,7.6171), (+0.0624,7.6337), (+0.0624,7.6504), (+0.0624,7.6670), (+0.0624,7.6837), (+0.0624,7.7003), (+0.0624,7.7170), (+0.0624,7.7336), (+0.0624,7.7503), (+0.0624,7.7669), (+0.0624,7.7836), (+0.0624,7.8002), (+0.0624,7.8169), (+0.0624,7.8335), (+0.0624,7.8502), (+0.0624,7.8668), (+0.0624,7.8835), (+0.0624,7.9001), (+0.0624,7.9168), (+0.0624,7.9334), (+0.0624,7.9501), (+0.0624,7.9675), (+0.0624,7.9675), (+0.0624,7.9501), (+0.0624,7.9334), (+0.0624,7.9168), (+0.0624,7.9001), (+0.0624,7.8835), (+0.0624,7.8668), (+0.0624,7.8502), (+0.0624,7.8335), (+0.0624,7.8169), (+0.0624,7.8002), (+0.0624,7.7836), (+0.0624,7.7669), (+0.0624,7.7503), (+0.0624,7.7336), (+0.0624,7.7170), (+0.0624,7.7003), (+0.0624,7.6837), (+0.0624,7.6670), (+0.0624,7.6504), (+0.0624,7.6337), (+0.0624,7.6171), (+0.0624,7.6004), (+0.0624,7.5838), (+0.0624,7.5671), (+0.0624,7.5505), (+0.0624,7.5338), (+0.0624,7.5172), (+0.0624,7.5005), (+0.0624,7.4839), (+0.0624,7.4672), (+0.0624,7.4506), (+0.0624,7.4339)
  stroke[  3] ( 95 pts): (+0.8348,7.3840), (+0.8438,7.4006), (+0.8505,7.4173), (+0.8561,7.4339), (+0.8640,7.4506), (+0.8699,7.4672), (+0.8747,7.4839), (+0.8818,7.5005), (+0.8854,7.5172), (+0.8894,7.5338), (+0.8949,7.5505), (+0.8997,7.5671), (+0.9068,7.5838), (+0.9104,7.6004), (+0.9143,7.6171), (+0.9199,7.6337), (+0.9250,7.6512), (+0.9369,7.6646), (+0.9548,7.6678), (+0.9651,7.6670), (+0.9532,7.6666), (+0.9409,7.6749), (+0.9460,7.6924), (+0.9607,7.7007), (+0.9781,7.7003), (+0.9948,7.7003), (+1.0114,7.6995), (+1.0281,7.7031), (+1.0455,7.7082), (+1.0455,7.7082), (+1.0281,7.7031), (+1.0114,7.6995), (+0.9948,7.7003), (+0.9766,7.6999), (+0.9670,7.7082), (+0.9738,7.7253), (+0.9869,7.7419), (+1.0039,7.7586), (+1.0178,7.7752), (+1.0265,7.7919), (+1.0348,7.8085), (+1.0420,7.8252), (+1.0483,7.8418), (+1.0527,7.8585), (+1.0531,7.8751), (+1.0531,7.8934), (+1.0531,7.9037), (+1.0531,7.8934), (+1.0531,7.8751), (+1.0527,7.8585), (+1.0483,7.8418), (+1.0420,7.8252), (+1.0348,7.8085), (+1.0265,7.7919), (+1.0178,7.7752), (+1.0039,7.7586), (+0.9869,7.7419), (+0.9754,7.7253), (+0.9623,7.7082), (+0.9448,7.6991), (+0.9282,7.7031), (+0.9116,7.7082), (+0.8949,7.7090), (+0.8767,7.7142), (+0.8664,7.7185), (+0.8767,7.7142), (+0.8949,7.7090), (+0.9116,7.7082), (+0.9290,7.7035), (+0.9429,7.6916), (+0.9377,7.6741), (+0.9199,7.6694), (+0.9032,7.6749), (+0.8866,7.6757), (+0.8691,7.6817), (+0.8691,7.6817), (+0.8866,7.6757), (+0.9032,7.6757), (+0.9211,7.6674), (+0.9258,7.6504), (+0.9199,7.6337), (+0.9143,7.6171), (+0.9104,7.6004), (+0.9068,7.5838), (+0.8997,7.5671), (+0.8949,7.5505), (+0.8894,7.5338), (+0.8854,7.5172), (+0.8818,7.5005), (+0.8747,7.4839), (+0.8699,7.4672), (+0.8640,7.4506), (+0.8561,7.4339), (+0.8505,7.4173), (+0.8426,7.4006)
  stroke[  4] ( 24 pts): (+0.8596,7.3519), (+0.8806,7.3596), (+0.8957,7.3653), (+0.8957,7.3653), (+0.8783,7.3590), (+0.8616,7.3535), (+0.8450,7.3503), (+0.8283,7.3562), (+0.8117,7.3598), (+0.7950,7.3594), (+0.7784,7.3642), (+0.7617,7.3760), (+0.7443,7.3923), (+0.7304,7.4089), (+0.7213,7.4264), (+0.7213,7.4264), (+0.7304,7.4089), (+0.7443,7.3923), (+0.7617,7.3760), (+0.7784,7.3642), (+0.7950,7.3594), (+0.8117,7.3598), (+0.8283,7.3562), (+0.8450,7.3519)
  stroke[  5] ( 43 pts): (+1.4277,7.3174), (+1.4110,7.3174), (+1.3944,7.3174), (+1.3777,7.3174), (+1.3611,7.3174), (+1.3444,7.3174), (+1.3278,7.3174), (+1.3111,7.3174), (+1.2945,7.3174), (+1.2778,7.3174), (+1.2612,7.3174), (+1.2445,7.3174), (+1.2279,7.3174), (+1.2112,7.3174), (+1.1946,7.3174), (+1.1779,7.3174), (+1.1613,7.3174), (+1.1446,7.3174), (+1.1280,7.3174), (+1.1113,7.3174), (+1.0947,7.3174), (+1.0773,7.3174), (+1.0773,7.3174), (+1.0947,7.3174), (+1.1113,7.3174), (+1.1280,7.3174), (+1.1446,7.3174), (+1.1613,7.3174), (+1.1779,7.3174), (+1.1946,7.3174), (+1.2112,7.3174), (+1.2279,7.3174), (+1.2445,7.3174), (+1.2612,7.3174), (+1.2778,7.3174), (+1.2945,7.3174), (+1.3111,7.3174), (+1.3278,7.3174), (+1.3444,7.3174), (+1.3611,7.3174), (+1.3777,7.3174), (+1.3944,7.3174), (+1.4110,7.3174)
  stroke[  6] ( 16 pts): (+0.6285,6.5099), (+0.6285,6.5265), (+0.6285,6.5432), (+0.6281,6.5598), (+0.6230,6.5765), (+0.6202,6.5931), (+0.6174,6.6098), (+0.6123,6.6280), (+0.6119,6.6383), (+0.6123,6.6280), (+0.6174,6.6098), (+0.6202,6.5931), (+0.6230,6.5765), (+0.6281,6.5598), (+0.6285,6.5432), (+0.6285,6.5265)
  stroke[  7] (  5 pts): (+0.6368,6.4496), (+0.6368,6.4706), (+0.6368,6.4857), (+0.6368,6.4857), (+0.6368,6.4706)
  stroke[  8] (109 pts): (+0.4787,5.6921), (+0.4620,5.6863), (+0.4454,5.6857), (+0.4287,5.6857), (+0.4121,5.6857), (+0.3946,5.6853), (+0.3804,5.6937), (+0.3808,5.7107), (+0.3871,5.7274), (+0.3919,5.7440), (+0.3982,5.7607), (+0.4061,5.7773), (+0.4121,5.7940), (+0.4180,5.8106), (+0.4271,5.8273), (+0.4351,5.8439), (+0.4378,5.8606), (+0.4366,5.8772), (+0.4450,5.8939), (+0.4616,5.9105), (+0.4739,5.9272), (+0.4842,5.9438), (+0.4937,5.9605), (+0.5021,5.9771), (+0.5104,5.9938), (+0.5187,6.0104), (+0.5270,6.0271), (+0.5354,6.0437), (+0.5437,6.0604), (+0.5520,6.0770), (+0.5607,6.0944), (+0.5607,6.0944), (+0.5520,6.0770), (+0.5437,6.0604), (+0.5354,6.0437), (+0.5270,6.0271), (+0.5187,6.0104), (+0.5104,5.9938), (+0.5021,5.9771), (+0.4937,5.9605), (+0.4842,5.9438), (+0.4739,5.9272), (+0.4616,5.9093), (+0.4450,5.9042), (+0.4366,5.9180), (+0.4370,5.9355), (+0.4370,5.9521), (+0.4366,5.9688), (+0.4315,5.9854), (+0.4279,6.0021), (+0.4287,6.0187), (+0.4287,6.0354), (+0.4287,6.0520), (+0.4283,6.0687), (+0.4232,6.0853), (+0.4196,6.1020), (+0.4204,6.1186), (+0.4196,6.1353), (+0.4228,6.1527), (+0.4363,6.1654), (+0.4537,6.1721), (+0.4703,6.1769), (+0.4870,6.1824), (+0.5036,6.1864), (+0.5203,6.1908), (+0.5369,6.1935), (+0.5536,6.1963), (+0.5702,6.2015), (+0.5869,6.2019), (+0.6035,6.2019), (+0.6202,6.2019), (+0.6368,6.2019), (+0.6535,6.2019), (+0.6701,6.2019), (+0.6868,6.2019), (+0.7034,6.2027), (+0.7205,6.1995), (+0.7288,6.1860), (+0.7284,6.1686), (+0.7292,6.1519), (+0.7256,6.1353), (+0.7205,6.1186), (+0.7201,6.1020), (+0.7201,6.0853), (+0.7209,6.0687), (+0.7173,6.0520), (+0.7129,6.0354), (+0.7094,6.0183), (+0.6959,6.0100), (+0.6777,6.0108), (+0.6646,6.0025), (+0.6535,5.9854), (+0.6428,5.9688), (+0.6341,5.9521), (+0.6238,5.9355), (+0.6115,5.9188), (+0.5956,5.9022), (+0.5845,5.8855), (+0.5762,5.8689), (+0.5706,5.8522), (+0.5706,5.8356), (+0.5623,5.8193), (+0.5453,5.8078), (+0.5278,5.7948), (+0.5147,5.7773), (+0.5036,5.7607), (+0.4921,5.7440), (+0.4882,5.7274), (+0.4834,5.7107)
  stroke[  9] ( 72 pts): (+0.8200,5.6935), (+0.8033,5.6846), (+0.7859,5.6881), (+0.7724,5.7016), (+0.7688,5.7190), (+0.7637,5.7365), (+0.7637,5.7365), (+0.7688,5.7190), (+0.7732,5.7016), (+0.7700,5.6881), (+0.7534,5.6850), (+0.7367,5.6857), (+0.7201,5.6857), (+0.7034,5.6857), (+0.6868,5.6857), (+0.6701,5.6857), (+0.6535,5.6857), (+0.6368,5.6857), (+0.6202,5.6857), (+0.6035,5.6857), (+0.5869,5.6857), (+0.5702,5.6850), (+0.5536,5.6881), (+0.5496,5.7016), (+0.5576,5.7190), (+0.5667,5.7357), (+0.5790,5.7519), (+0.5952,5.7630), (+0.6127,5.7710), (+0.6127,5.7710), (+0.5952,5.7630), (+0.5790,5.7519), (+0.5667,5.7357), (+0.5576,5.7190), (+0.5504,5.7016), (+0.5377,5.6881), (+0.5203,5.6850), (+0.5036,5.6850), (+0.4858,5.6881), (+0.4810,5.7016), (+0.4858,5.7190), (+0.4890,5.7357), (+0.4981,5.7523), (+0.5084,5.7690), (+0.5207,5.7856), (+0.5369,5.8035), (+0.5540,5.8070), (+0.5623,5.7995), (+0.5615,5.8098), (+0.5698,5.8253), (+0.5869,5.8328), (+0.6035,5.8392), (+0.6202,5.8435), (+0.6368,5.8439), (+0.6535,5.8439), (+0.6701,5.8439), (+0.6868,5.8435), (+0.7034,5.8392), (+0.7201,5.8328), (+0.7367,5.8253), (+0.7534,5.8118), (+0.7708,5.7995), (+0.7847,5.7864), (+0.7926,5.7690), (+0.7902,5.7523), (+0.7859,5.7349), (+0.7859,5.7349), (+0.7891,5.7531), (+0.8021,5.7531), (+0.8148,5.7357), (+0.8200,5.7190), (+0.8198,5.7024)
  stroke[ 10] ( 51 pts): (+1.4277,5.6857), (+1.4110,5.6857), (+1.3944,5.6857), (+1.3777,5.6857), (+1.3611,5.6857), (+1.3444,5.6857), (+1.3278,5.6857), (+1.3111,5.6857), (+1.2945,5.6857), (+1.2778,5.6857), (+1.2612,5.6857), (+1.2445,5.6857), (+1.2279,5.6857), (+1.2112,5.6857), (+1.1946,5.6857), (+1.1779,5.6857), (+1.1613,5.6857), (+1.1446,5.6857), (+1.1280,5.6857), (+1.1113,5.6857), (+1.0947,5.6857), (+1.0780,5.6857), (+1.0614,5.6857), (+1.0447,5.6857), (+1.0281,5.6857), (+1.0107,5.6857), (+1.0107,5.6857), (+1.0281,5.6857), (+1.0447,5.6857), (+1.0614,5.6857), (+1.0780,5.6857), (+1.0947,5.6857), (+1.1113,5.6857), (+1.1280,5.6857), (+1.1446,5.6857), (+1.1613,5.6857), (+1.1779,5.6857), (+1.1946,5.6857), (+1.2112,5.6857), (+1.2279,5.6857), (+1.2445,5.6857), (+1.2612,5.6857), (+1.2778,5.6857), (+1.2945,5.6857), (+1.3111,5.6857), (+1.3278,5.6857), (+1.3444,5.6857), (+1.3611,5.6857), (+1.3777,5.6857), (+1.3944,5.6857), (+1.4110,5.6857)
  stroke[ 11] ( 15 pts): (+0.8023,5.5819), (+0.7897,5.5870), (+0.7859,5.6025), (+0.7867,5.6191), (+0.7863,5.6358), (+0.7811,5.6524), (+0.7772,5.6699), (+0.7863,5.6834), (+0.8033,5.6873), (+0.8204,5.6834), (+0.8295,5.6699), (+0.8255,5.6524), (+0.8212,5.6358), (+0.8172,5.6191), (+0.8128,5.6025)
  stroke[ 12] ( 52 pts): (+0.6785,5.5016), (+0.6618,5.4937), (+0.6452,5.4947), (+0.6285,5.4998), (+0.6119,5.5038), (+0.5952,5.5074), (+0.5786,5.5137), (+0.5619,5.5220), (+0.5453,5.5323), (+0.5278,5.5446), (+0.5151,5.5609), (+0.5092,5.5775), (+0.5021,5.5942), (+0.4929,5.6108), (+0.4882,5.6275), (+0.4842,5.6441), (+0.4783,5.6608), (+0.4810,5.6778), (+0.4945,5.6861), (+0.5120,5.6865), (+0.5290,5.6834), (+0.5373,5.6683), (+0.5369,5.6572), (+0.5365,5.6683), (+0.5449,5.6834), (+0.5619,5.6865), (+0.5786,5.6857), (+0.5952,5.6857), (+0.6119,5.6857), (+0.6285,5.6857), (+0.6452,5.6857), (+0.6618,5.6857), (+0.6785,5.6857), (+0.6951,5.6857), (+0.7118,5.6857), (+0.7284,5.6857), (+0.7451,5.6857), (+0.7625,5.6861), (+0.7760,5.6778), (+0.7795,5.6608), (+0.7839,5.6441), (+0.7875,5.6275), (+0.7867,5.6108), (+0.7863,5.5942), (+0.7811,5.5775), (+0.7780,5.5609), (+0.7704,5.5434), (+0.7534,5.5296), (+0.7367,5.5208), (+0.7201,5.5125), (+0.7034,5.5056), (+0.6868,5.5014)
  stroke[ 13] ( 39 pts): (+0.3453,5.4580), (+0.3294,5.4562), (+0.3257,5.4685), (+0.3288,5.4860), (+0.3316,5.5026), (+0.3368,5.5193), (+0.3375,5.5359), (+0.3427,5.5525), (+0.3467,5.5692), (+0.3510,5.5858), (+0.3538,5.6025), (+0.3566,5.6191), (+0.3609,5.6358), (+0.3649,5.6524), (+0.3697,5.6699), (+0.3784,5.6834), (+0.3954,5.6865), (+0.4121,5.6857), (+0.4287,5.6857), (+0.4454,5.6857), (+0.4628,5.6861), (+0.4763,5.6778), (+0.4799,5.6608), (+0.4842,5.6441), (+0.4882,5.6275), (+0.4929,5.6108), (+0.5021,5.5942), (+0.5104,5.5767), (+0.5048,5.5625), (+0.4870,5.5629), (+0.4703,5.5688), (+0.4537,5.5700), (+0.4370,5.5660), (+0.4204,5.5561), (+0.4030,5.5438), (+0.3899,5.5276), (+0.3776,5.5109), (+0.3641,5.4943), (+0.3556,5.4776)
  stroke[ 14] ( 15 pts): (+0.7028,5.2945), (+0.7058,5.3111), (+0.7118,5.3278), (+0.7177,5.3444), (+0.7260,5.3611), (+0.7379,5.3777), (+0.7506,5.3952), (+0.7629,5.4094), (+0.7629,5.4094), (+0.7506,5.3952), (+0.7379,5.3777), (+0.7260,5.3611), (+0.7177,5.3444), (+0.7118,5.3278), (+0.7058,5.3111)
  stroke[ 15] (  6 pts): (+0.0531,4.8866), (+0.0601,4.9032), (+0.0632,4.9215), (+0.0624,4.9318), (+0.0632,4.9215), (+0.0595,4.9044)
  stroke[ 16] ( 33 pts): (+0.5195,4.8200), (+0.5262,4.8366), (+0.5354,4.8533), (+0.5425,4.8699), (+0.5480,4.8866), (+0.5552,4.9032), (+0.5643,4.9199), (+0.5702,4.9365), (+0.5762,4.9532), (+0.5841,4.9698), (+0.5905,4.9865), (+0.5952,5.0031), (+0.6000,5.0198), (+0.6071,5.0364), (+0.6107,5.0531), (+0.6146,5.0697), (+0.6198,5.0872), (+0.6198,5.0872), (+0.6146,5.0697), (+0.6107,5.0531), (+0.6071,5.0364), (+0.6000,5.0198), (+0.5952,5.0031), (+0.5905,4.9865), (+0.5841,4.9698), (+0.5762,4.9532), (+0.5702,4.9365), (+0.5643,4.9199), (+0.5552,4.9032), (+0.5480,4.8866), (+0.5425,4.8699), (+0.5354,4.8533), (+0.5262,4.8366)
  stroke[ 17] (1077 pts): (+0.3371,4.5369), (+0.3371,4.5536), (+0.3379,4.5702), (+0.3344,4.5869), (+0.3292,4.6035), (+0.3288,4.6202), (+0.3296,4.6368), (+0.3260,4.6535), (+0.3209,4.6701), (+0.3205,4.6868), (+0.3213,4.7034), (+0.3177,4.7201), (+0.3126,4.7367), (+0.3122,4.7534), (+0.3122,4.7700), (+0.3118,4.7867), (+0.3066,4.8033), (+0.3031,4.8200), (+0.3039,4.8366), (+0.3039,4.8533), (+0.3046,4.8699), (+0.3011,4.8866), (+0.2959,4.9032), (+0.2955,4.9199), (+0.2955,4.9365), (+0.2955,4.9532), (+0.2955,4.9698), (+0.2963,4.9865), (+0.2928,5.0031), (+0.2876,5.0198), (+0.2872,5.0364), (+0.2872,5.0531), (+0.2872,5.0697), (+0.2880,5.0864), (+0.2844,5.1030), (+0.2793,5.1197), (+0.2789,5.1363), (+0.2789,5.1530), (+0.2793,5.1696), (+0.2844,5.1863), (+0.2880,5.2029), (+0.2872,5.2196), (+0.2876,5.2362), (+0.2928,5.2529), (+0.2963,5.2695), (+0.2955,5.2862), (+0.2959,5.3028), (+0.3011,5.3195), (+0.3046,5.3361), (+0.3031,5.3528), (+0.3066,5.3694), (+0.3118,5.3861), (+0.3126,5.4027), (+0.3177,5.4194), (+0.3209,5.4368), (+0.3284,5.4499), (+0.3451,5.4614), (+0.3562,5.4776), (+0.3641,5.4943), (+0.3776,5.5109), (+0.3899,5.5276), (+0.4030,5.5438), (+0.4204,5.5561), (+0.4370,5.5660), (+0.4537,5.5700), (+0.4703,5.5688), (+0.4870,5.5636), (+0.5036,5.5605), (+0.5203,5.5522), (+0.5369,5.5387), (+0.5532,5.5272), (+0.5643,5.5109), (+0.5730,5.4943), (+0.5841,5.4776), (+0.5936,5.4610), (+0.6020,5.4443), (+0.6103,5.4277), (+0.6174,5.4110), (+0.6238,5.3944), (+0.6281,5.3777), (+0.6289,5.3611), (+0.6341,5.3444), (+0.6376,5.3278), (+0.6368,5.3111), (+0.6368,5.2945), (+0.6368,5.2762), (+0.6368,5.2659), (+0.6368,5.2762), (+0.6368,5.2945), (+0.6368,5.3111), (+0.6376,5.3278), (+0.6341,5.3444), (+0.6289,5.3611), (+0.6281,5.3777), (+0.6238,5.3944), (+0.6174,5.4110), (+0.6103,5.4277), (+0.6020,5.4443), (+0.5936,5.4610), (+0.5841,5.4776), (+0.5730,5.4951), (+0.5774,5.5093), (+0.5952,5.5089), (+0.6119,5.5038), (+0.6285,5.4998), (+0.6452,5.4947), (+0.6618,5.4947), (+0.6785,5.4998), (+0.6951,5.5038), (+0.7118,5.5085), (+0.7284,5.5177), (+0.7451,5.5252), (+0.7625,5.5371), (+0.7760,5.5351), (+0.7791,5.5240), (+0.7784,5.5343), (+0.7780,5.5525), (+0.7863,5.5692), (+0.8037,5.5858), (+0.8124,5.6025), (+0.8172,5.6191), (+0.8212,5.6358), (+0.8255,5.6524), (+0.8287,5.6699), (+0.8378,5.6834), (+0.8485,5.6865), (+0.8374,5.6853), (+0.8224,5.6937), (+0.8200,5.7107), (+0.8180,5.7274), (+0.8089,5.7440), (+0.7978,5.7607), (+0.7887,5.7773), (+0.7859,5.7940), (+0.7867,5.8106), (+0.7867,5.8273), (+0.7867,5.8439), (+0.7875,5.8606), (+0.7839,5.8772), (+0.7795,5.8939), (+0.7756,5.9105), (+0.7712,5.9272), (+0.7673,5.9438), (+0.7621,5.9613), (+0.7621,5.9613), (+0.7673,5.9438), (+0.7712,5.9272), (+0.7756,5.9105), (+0.7795,5.8939), (+0.7839,5.8772), (+0.7875,5.8606), (+0.7867,5.8439), (+0.7867,5.8273), (+0.7871,5.8090), (+0.7788,5.7983), (+0.7617,5.8035), (+0.7451,5.8177), (+0.7284,5.8304), (+0.7118,5.8356), (+0.6951,5.8411), (+0.6785,5.8447), (+0.6618,5.8439), (+0.6452,5.8439), (+0.6285,5.8447), (+0.6119,5.8411), (+0.5952,5.8348), (+0.5782,5.8324), (+0.5691,5.8423), (+0.5722,5.8606), (+0.5801,5.8772), (+0.5889,5.8939), (+0.6035,5.9105), (+0.6174,5.9272), (+0.6285,5.9438), (+0.6392,5.9605), (+0.6479,5.9771), (+0.6582,5.9945), (+0.6705,6.0080), (+0.6868,6.0112), (+0.7034,6.0112), (+0.7217,6.0076), (+0.7320,6.0021), (+0.7213,6.0100), (+0.7106,6.0271), (+0.7145,6.0437), (+0.7197,6.0604), (+0.7201,6.0770), (+0.7201,6.0937), (+0.7193,6.1103), (+0.7229,6.1270), (+0.7280,6.1436), (+0.7284,6.1602), (+0.7276,6.1769), (+0.7308,6.1939), (+0.7443,6.2031), (+0.7617,6.1991), (+0.7784,6.1939), (+0.7950,6.1932), (+0.8117,6.1880), (+0.8283,6.1840), (+0.8450,6.1805), (+0.8616,6.1741), (+0.8783,6.1670), (+0.8949,6.1579), (+0.9116,6.1527), (+0.9298,6.1436), (+0.9401,6.1345), (+0.9298,6.1436), (+0.9116,6.1527), (+0.8949,6.1579), (+0.8783,6.1670), (+0.8616,6.1741), (+0.8450,6.1805), (+0.8283,6.1840), (+0.8117,6.1880), (+0.7950,6.1932), (+0.7784,6.1939), (+0.7617,6.1991), (+0.7451,6.2027), (+0.7284,6.2019), (+0.7118,6.2019), (+0.6951,6.2019), (+0.6785,6.2019), (+0.6618,6.2019), (+0.6452,6.2019), (+0.6285,6.2019), (+0.6119,6.2019), (+0.5952,6.2019), (+0.5786,6.2027), (+0.5619,6.1991), (+0.5453,6.1939), (+0.5286,6.1932), (+0.5120,6.1880), (+0.4953,6.1840), (+0.4787,6.1805), (+0.4620,6.1733), (+0.4454,6.1694), (+0.4287,6.1595), (+0.4117,6.1539), (+0.4033,6.1678), (+0.4037,6.1852), (+0.4030,6.2019), (+0.4061,6.2193), (+0.4196,6.2320), (+0.4370,6.2387), (+0.4537,6.2435), (+0.4703,6.2483), (+0.4870,6.2554), (+0.5036,6.2597), (+0.5203,6.2605), (+0.5369,6.2657), (+0.5536,6.2693), (+0.5702,6.2685), (+0.5869,6.2689), (+0.6035,6.2740), (+0.6202,6.2776), (+0.6368,6.2768), (+0.6535,6.2768), (+0.6701,6.2768), (+0.6868,6.2768), (+0.7034,6.2768), (+0.7201,6.2776), (+0.7367,6.2740), (+0.7534,6.2689), (+0.7700,6.2685), (+0.7867,6.2681), (+0.8033,6.2629), (+0.8200,6.2590), (+0.8366,6.2546), (+0.8533,6.2506), (+0.8699,6.2459), (+0.8866,6.2379), (+0.9032,6.2324), (+0.9199,6.2253), (+0.9381,6.2150), (+0.9484,6.2082), (+0.9381,6.2150), (+0.9199,6.2253), (+0.9032,6.2324), (+0.8866,6.2379), (+0.8699,6.2459), (+0.8533,6.2506), (+0.8366,6.2546), (+0.8200,6.2590), (+0.8033,6.2629), (+0.7867,6.2673), (+0.7696,6.2708), (+0.7613,6.2843), (+0.7617,6.3018), (+0.7621,6.3184), (+0.7673,6.3351), (+0.7708,6.3517), (+0.7700,6.3684), (+0.7700,6.3850), (+0.7692,6.4017), (+0.7728,6.4183), (+0.7780,6.4350), (+0.7784,6.4516), (+0.7784,6.4683), (+0.7784,6.4849), (+0.7784,6.5016), (+0.7776,6.5182), (+0.7811,6.5349), (+0.7863,6.5515), (+0.7867,6.5682), (+0.7867,6.5848), (+0.7867,6.6015), (+0.7867,6.6181), (+0.7867,6.6348), (+0.7867,6.6514), (+0.7867,6.6681), (+0.7867,6.6847), (+0.7867,6.7014), (+0.7871,6.7180), (+0.7922,6.7347), (+0.7958,6.7513), (+0.7950,6.7680), (+0.7950,6.7846), (+0.7950,6.8012), (+0.7950,6.8179), (+0.7950,6.8345), (+0.7950,6.8512), (+0.7950,6.8678), (+0.7950,6.8845), (+0.7950,6.9011), (+0.7950,6.9178), (+0.7950,6.9344), (+0.7950,6.9511), (+0.7950,6.9677), (+0.7954,6.9844), (+0.8006,7.0010), (+0.8041,7.0177), (+0.8033,7.0343), (+0.8033,7.0510), (+0.8033,7.0676), (+0.8033,7.0843), (+0.8033,7.1009), (+0.8033,7.1176), (+0.8033,7.1342), (+0.8033,7.1509), (+0.8033,7.1691), (+0.8033,7.1794), (+0.8033,7.1691), (+0.8033,7.1509), (+0.8033,7.1342), (+0.8033,7.1176), (+0.8033,7.1009), (+0.8033,7.0843), (+0.8033,7.0676), (+0.8033,7.0510), (+0.8033,7.0343), (+0.8041,7.0177), (+0.8006,7.0010), (+0.7954,6.9844), (+0.7950,6.9677), (+0.7950,6.9511), (+0.7950,6.9344), (+0.7950,6.9178), (+0.7950,6.9011), (+0.7950,6.8845), (+0.7950,6.8678), (+0.7950,6.8512), (+0.7950,6.8345), (+0.7950,6.8179), (+0.7950,6.8012), (+0.7950,6.7846), (+0.7950,6.7680), (+0.7958,6.7513), (+0.7922,6.7347), (+0.7871,6.7180), (+0.7867,6.7014), (+0.7867,6.6847), (+0.7867,6.6681), (+0.7867,6.6514), (+0.7867,6.6348), (+0.7867,6.6181), (+0.7867,6.6015), (+0.7867,6.5848), (+0.7867,6.5682), (+0.7863,6.5515), (+0.7811,6.5349), (+0.7776,6.5182), (+0.7784,6.5016), (+0.7784,6.4849), (+0.7784,6.4683), (+0.7784,6.4516), (+0.7780,6.4350), (+0.7728,6.4183), (+0.7692,6.4017), (+0.7700,6.3850), (+0.7700,6.3684), (+0.7708,6.3517), (+0.7673,6.3351), (+0.7621,6.3184), (+0.7617,6.3018), (+0.7621,6.2843), (+0.7538,6.2712), (+0.7367,6.2732), (+0.7201,6.2776), (+0.7034,6.2768), (+0.6868,6.2768), (+0.6701,6.2768), (+0.6535,6.2768), (+0.6368,6.2768), (+0.6202,6.2776), (+0.6035,6.2740), (+0.5869,6.2689), (+0.5702,6.2685), (+0.5536,6.2693), (+0.5369,6.2657), (+0.5203,6.2605), (+0.5036,6.2597), (+0.4870,6.2554), (+0.4703,6.2483), (+0.4537,6.2435), (+0.4363,6.2376), (+0.4228,6.2423), (+0.4196,6.2601), (+0.4204,6.2768), (+0.4204,6.2934), (+0.4204,6.3101), (+0.4196,6.3267), (+0.4232,6.3434), (+0.4283,6.3600), (+0.4279,6.3767), (+0.4315,6.3933), (+0.4366,6.4100), (+0.4374,6.4266), (+0.4426,6.4433), (+0.4466,6.4599), (+0.4501,6.4766), (+0.4573,6.4932), (+0.4620,6.5099), (+0.4668,6.5265), (+0.4739,6.5432), (+0.4787,6.5598), (+0.4834,6.5765), (+0.4898,6.5931), (+0.4977,6.6098), (+0.5036,6.6264), (+0.5096,6.6431), (+0.5187,6.6597), (+0.5258,6.6764), (+0.5314,6.6930), (+0.5393,6.7097), (+0.5453,6.7263), (+0.5512,6.7430), (+0.5599,6.7596), (+0.5631,6.7763), (+0.5675,6.7929), (+0.5710,6.8096), (+0.5702,6.8262), (+0.5706,6.8429), (+0.5758,6.8595), (+0.5794,6.8762), (+0.5790,6.8928), (+0.5841,6.9095), (+0.5877,6.9261), (+0.5861,6.9428), (+0.5897,6.9594), (+0.5948,6.9761), (+0.5944,6.9927), (+0.5980,7.0094), (+0.6031,7.0260), (+0.6035,7.0427), (+0.6027,7.0593), (+0.6063,7.0760), (+0.6115,7.0926), (+0.6115,7.1108), (+0.6202,7.1212), (+0.6293,7.1108), (+0.6341,7.0926), (+0.6376,7.0760), (+0.6368,7.0593), (+0.6368,7.0427), (+0.6368,7.0260), (+0.6368,7.0078), (+0.6368,6.9975), (+0.6368,7.0078), (+0.6368,7.0260), (+0.6368,7.0427), (+0.6368,7.0593), (+0.6376,7.0760), (+0.6341,7.0926), (+0.6285,7.1093), (+0.6230,7.1259), (+0.6194,7.1426), (+0.6210,7.1592), (+0.6174,7.1759), (+0.6115,7.1925), (+0.6142,7.2096), (+0.6277,7.2179), (+0.6452,7.2171), (+0.6614,7.2254), (+0.6725,7.2425), (+0.6808,7.2591), (+0.6864,7.2758), (+0.6864,7.2924), (+0.6947,7.3094), (+0.7118,7.3178), (+0.7284,7.3174), (+0.7451,7.3178), (+0.7617,7.3091), (+0.7784,7.2999), (+0.7950,7.2952), (+0.8117,7.2924), (+0.8283,7.2896), (+0.8465,7.2849), (+0.8568,7.2754), (+0.8465,7.2611), (+0.8283,7.2524), (+0.8117,7.2452), (+0.7950,7.2397), (+0.7784,7.2318), (+0.7601,7.2250), (+0.7498,7.2230), (+0.7601,7.2250), (+0.7784,7.2318), (+0.7958,7.2409), (+0.8093,7.2353), (+0.8124,7.2167), (+0.8117,7.2167), (+0.8113,7.2349), (+0.8196,7.2488), (+0.8366,7.2567), (+0.8533,7.2682), (+0.8707,7.2762), (+0.8707,7.2762), (+0.8533,7.2805), (+0.8366,7.2876), (+0.8200,7.2920), (+0.8033,7.2928), (+0.7867,7.2972), (+0.7692,7.3047), (+0.7692,7.3142), (+0.7867,7.3182), (+0.8033,7.3174), (+0.8200,7.3174), (+0.8366,7.3174), (+0.8533,7.3174), (+0.8699,7.3174), (+0.8866,7.3174), (+0.9048,7.3186), (+0.9151,7.3202), (+0.9048,7.3186), (+0.8866,7.3174), (+0.8699,7.3174), (+0.8533,7.3174), (+0.8366,7.3174), (+0.8200,7.3174), (+0.8033,7.3174), (+0.7867,7.3174), (+0.7700,7.3174), (+0.7534,7.3174), (+0.7367,7.3174), (+0.7201,7.3166), (+0.7030,7.3198), (+0.6947,7.3332), (+0.6947,7.3507), (+0.6896,7.3673), (+0.6868,7.3840), (+0.6848,7.4006), (+0.6765,7.4181), (+0.6618,7.4323), (+0.6618,7.4323), (+0.6765,7.4181), (+0.6848,7.4006), (+0.6868,7.3840), (+0.6896,7.3673), (+0.6947,7.3507), (+0.6955,7.3332), (+0.6872,7.3198), (+0.6701,7.3166), (+0.6535,7.3174), (+0.6353,7.3174), (+0.6249,7.3174), (+0.6353,7.3174), (+0.6535,7.3174), (+0.6701,7.3182), (+0.6868,7.3150), (+0.6900,7.3015), (+0.6868,7.2841), (+0.6848,7.2674), (+0.6769,7.2508), (+0.6682,7.2333), (+0.6543,7.2199), (+0.6368,7.2159), (+0.6198,7.2199), (+0.6111,7.2333), (+0.6063,7.2508), (+0.6035,7.2674), (+0.6012,7.2849), (+0.6012,7.2849), (+0.6035,7.2674), (+0.6063,7.2508), (+0.6115,7.2341), (+0.6119,7.2175), (+0.6111,7.2008), (+0.6146,7.1842), (+0.6198,7.1675), (+0.6202,7.1509), (+0.6198,7.1342), (+0.6146,7.1176), (+0.6119,7.1009), (+0.6091,7.0843), (+0.6039,7.0676), (+0.6035,7.0510), (+0.6043,7.0343), (+0.6008,7.0177), (+0.5956,7.0010), (+0.5960,6.9844), (+0.5924,6.9677), (+0.5873,6.9511), (+0.5869,6.9344), (+0.5865,6.9178), (+0.5813,6.9011), (+0.5778,6.8845), (+0.5782,6.8678), (+0.5730,6.8512), (+0.5694,6.8345), (+0.5702,6.8179), (+0.5698,6.8012), (+0.5647,6.7846), (+0.5607,6.7680), (+0.5560,6.7513), (+0.5480,6.7347), (+0.5425,6.7180), (+0.5346,6.7014), (+0.5286,6.6847), (+0.5227,6.6681), (+0.5136,6.6514), (+0.5064,6.6348), (+0.5009,6.6181), (+0.4929,6.6015), (+0.4870,6.5848), (+0.4822,6.5682), (+0.4751,6.5515), (+0.4703,6.5349), (+0.4656,6.5182), (+0.4585,6.5016), (+0.4537,6.4849), (+0.4481,6.4683), (+0.4442,6.4516), (+0.4398,6.4350), (+0.4370,6.4183), (+0.4343,6.4017), (+0.4291,6.3850), (+0.4295,6.3684), (+0.4259,6.3517), (+0.4208,6.3351), (+0.4204,6.3184), (+0.4204,6.3018), (+0.4204,6.2851), (+0.4204,6.2685), (+0.4212,6.2518), (+0.4172,6.2352), (+0.4069,6.2185), (+0.4030,6.2019), (+0.4037,6.1852), (+0.4033,6.1686), (+0.4121,6.1519), (+0.4208,6.1353), (+0.4204,6.1186), (+0.4196,6.1020), (+0.4232,6.0853), (+0.4283,6.0687), (+0.4287,6.0520), (+0.4287,6.0354), (+0.4287,6.0187), (+0.4279,6.0021), (+0.4315,5.9854), (+0.4366,5.9688), (+0.4370,5.9521), (+0.4370,5.9355), (+0.4374,5.9188), (+0.4422,5.9022), (+0.4406,5.8855), (+0.4363,5.8689), (+0.4366,5.8522), (+0.4311,5.8356), (+0.4220,5.8189), (+0.4148,5.8023), (+0.4093,5.7856), (+0.4014,5.7690), (+0.3954,5.7523), (+0.3907,5.7357), (+0.3835,5.7190), (+0.3796,5.7016), (+0.3708,5.6881), (+0.3538,5.6850), (+0.3371,5.6857), (+0.3205,5.6857), (+0.3039,5.6857), (+0.2872,5.6857), (+0.2706,5.6857), (+0.2539,5.6857), (+0.2373,5.6857), (+0.2206,5.6857), (+0.2040,5.6857), (+0.1873,5.6857), (+0.1707,5.6857), (+0.1540,5.6857), (+0.1374,5.6857), (+0.1207,5.6857), (+0.1041,5.6857), (+0.0874,5.6850), (+0.0704,5.6881), (+0.0620,5.7016), (+0.0624,5.7190), (+0.0624,5.7357), (+0.0624,5.7523), (+0.0624,5.7690), (+0.0624,5.7856), (+0.0624,5.8023), (+0.0624,5.8189), (+0.0624,5.8356), (+0.0624,5.8522), (+0.0624,5.8689), (+0.0624,5.8855), (+0.0624,5.9022), (+0.0624,5.9188), (+0.0624,5.9355), (+0.0624,5.9521), (+0.0624,5.9688), (+0.0624,5.9854), (+0.0624,6.0021), (+0.0624,6.0187), (+0.0624,6.0354), (+0.0624,6.0520), (+0.0624,6.0687), (+0.0624,6.0853), (+0.0624,6.1020), (+0.0624,6.1186), (+0.0624,6.1353), (+0.0624,6.1519), (+0.0624,6.1686), (+0.0624,6.1852), (+0.0624,6.2019), (+0.0624,6.2185), (+0.0624,6.2352), (+0.0624,6.2518), (+0.0624,6.2685), (+0.0624,6.2851), (+0.0624,6.3018), (+0.0624,6.3184), (+0.0624,6.3351), (+0.0624,6.3517), (+0.0624,6.3684), (+0.0624,6.3850), (+0.0624,6.4017), (+0.0624,6.4183), (+0.0624,6.4350), (+0.0624,6.4516), (+0.0624,6.4683), (+0.0624,6.4849), (+0.0624,6.5016), (+0.0624,6.5182), (+0.0624,6.5349), (+0.0624,6.5515), (+0.0624,6.5682), (+0.0624,6.5848), (+0.0624,6.6015), (+0.0624,6.6181), (+0.0624,6.6348), (+0.0624,6.6514), (+0.0624,6.6681), (+0.0624,6.6847), (+0.0624,6.7014), (+0.0624,6.7180), (+0.0624,6.7347), (+0.0624,6.7513), (+0.0624,6.7680), (+0.0624,6.7846), (+0.0624,6.8012), (+0.0624,6.8179), (+0.0624,6.8345), (+0.0624,6.8512), (+0.0624,6.8678), (+0.0624,6.8845), (+0.0624,6.9011), (+0.0624,6.9178), (+0.0624,6.9344), (+0.0624,6.9511), (+0.0624,6.9677), (+0.0624,6.9844), (+0.0624,7.0010), (+0.0624,7.0177), (+0.0624,7.0343), (+0.0624,7.0510), (+0.0624,7.0676), (+0.0624,7.0843), (+0.0624,7.1009), (+0.0624,7.1176), (+0.0624,7.1342), (+0.0624,7.1509), (+0.0624,7.1675), (+0.0624,7.1842), (+0.0624,7.2008), (+0.0624,7.2175), (+0.0624,7.2341), (+0.0624,7.2508), (+0.0624,7.2674), (+0.0624,7.2849), (+0.0624,7.2849), (+0.0624,7.2674), (+0.0624,7.2508), (+0.0624,7.2341), (+0.0624,7.2175), (+0.0624,7.2008), (+0.0624,7.1842), (+0.0624,7.1675), (+0.0624,7.1509), (+0.0624,7.1342), (+0.0624,7.1176), (+0.0624,7.1009), (+0.0624,7.0843), (+0.0624,7.0676), (+0.0624,7.0510), (+0.0624,7.0343), (+0.0624,7.0177), (+0.0624,7.0010), (+0.0624,6.9844), (+0.0624,6.9677), (+0.0624,6.9511), (+0.0624,6.9344), (+0.0624,6.9178), (+0.0624,6.9011), (+0.0624,6.8845), (+0.0624,6.8678), (+0.0624,6.8512), (+0.0624,6.8345), (+0.0624,6.8179), (+0.0624,6.8012), (+0.0624,6.7846), (+0.0624,6.7680), (+0.0624,6.7513), (+0.0624,6.7347), (+0.0624,6.7180), (+0.0624,6.7014), (+0.0624,6.6847), (+0.0624,6.6681), (+0.0624,6.6514), (+0.0624,6.6348), (+0.0624,6.6181), (+0.0624,6.6015), (+0.0624,6.5848), (+0.0624,6.5682), (+0.0624,6.5515), (+0.0624,6.5349), (+0.0624,6.5182), (+0.0624,6.5016), (+0.0624,6.4849), (+0.0624,6.4683), (+0.0624,6.4516), (+0.0624,6.4350), (+0.0624,6.4183), (+0.0624,6.4017), (+0.0624,6.3850), (+0.0624,6.3684), (+0.0624,6.3517), (+0.0624,6.3351), (+0.0624,6.3184), (+0.0624,6.3018), (+0.0624,6.2851), (+0.0624,6.2685), (+0.0624,6.2518), (+0.0624,6.2352), (+0.0624,6.2185), (+0.0624,6.2019), (+0.0624,6.1852), (+0.0624,6.1686), (+0.0624,6.1519), (+0.0624,6.1353), (+0.0624,6.1186), (+0.0624,6.1020), (+0.0624,6.0853), (+0.0624,6.0687), (+0.0624,6.0520), (+0.0624,6.0354), (+0.0624,6.0187), (+0.0624,6.0021), (+0.0624,5.9854), (+0.0624,5.9688), (+0.0624,5.9521), (+0.0624,5.9355), (+0.0624,5.9188), (+0.0624,5.9022), (+0.0624,5.8855), (+0.0624,5.8689), (+0.0624,5.8522), (+0.0624,5.8356), (+0.0624,5.8189), (+0.0624,5.8023), (+0.0624,5.7856), (+0.0624,5.7690), (+0.0624,5.7523), (+0.0624,5.7357), (+0.0624,5.7190), (+0.0628,5.7016), (+0.0529,5.6881), (+0.0422,5.6857), (+0.0529,5.6834), (+0.0628,5.6699), (+0.0624,5.6524), (+0.0624,5.6358), (+0.0624,5.6191), (+0.0624,5.6025), (+0.0624,5.5858), (+0.0624,5.5692), (+0.0624,5.5525), (+0.0624,5.5359), (+0.0624,5.5193), (+0.0624,5.5026), (+0.0624,5.4860), (+0.0624,5.4693), (+0.0624,5.4527), (+0.0624,5.4360), (+0.0624,5.4194), (+0.0624,5.4027), (+0.0624,5.3861), (+0.0624,5.3694), (+0.0624,5.3528), (+0.0624,5.3361), (+0.0624,5.3195), (+0.0624,5.3028), (+0.0624,5.2862), (+0.0624,5.2695), (+0.0624,5.2529), (+0.0624,5.2362), (+0.0624,5.2196), (+0.0624,5.2029), (+0.0624,5.1863), (+0.0624,5.1696), (+0.0624,5.1530), (+0.0624,5.1363), (+0.0624,5.1197), (+0.0624,5.1030), (+0.0624,5.0864), (+0.0624,5.0689), (+0.0624,5.0689), (+0.0624,5.0864), (+0.0624,5.1030), (+0.0624,5.1197), (+0.0624,5.1363), (+0.0624,5.1530), (+0.0624,5.1696), (+0.0624,5.1863), (+0.0624,5.2029), (+0.0624,5.2196), (+0.0624,5.2362), (+0.0624,5.2529), (+0.0624,5.2695), (+0.0624,5.2862), (+0.0624,5.3028), (+0.0624,5.3195), (+0.0624,5.3361), (+0.0624,5.3528), (+0.0624,5.3694), (+0.0624,5.3861), (+0.0624,5.4027), (+0.0624,5.4194), (+0.0624,5.4360), (+0.0624,5.4527), (+0.0624,5.4693), (+0.0624,5.4860), (+0.0624,5.5026), (+0.0624,5.5193), (+0.0624,5.5359), (+0.0624,5.5525), (+0.0624,5.5692), (+0.0624,5.5858), (+0.0624,5.6025), (+0.0624,5.6191), (+0.0624,5.6358), (+0.0624,5.6524), (+0.0620,5.6699), (+0.0704,5.6834), (+0.0874,5.6865), (+0.1041,5.6857), (+0.1207,5.6857), (+0.1374,5.6857), (+0.1540,5.6857), (+0.1707,5.6857), (+0.1873,5.6857), (+0.2040,5.6857), (+0.2206,5.6857), (+0.2373,5.6857), (+0.2539,5.6857), (+0.2706,5.6857), (+0.2872,5.6857), (+0.3039,5.6857), (+0.3205,5.6857), (+0.3371,5.6857), (+0.3546,5.6861), (+0.3689,5.6778), (+0.3685,5.6608), (+0.3633,5.6441), (+0.3593,5.6275), (+0.3542,5.6108), (+0.3534,5.5942), (+0.3482,5.5775), (+0.3443,5.5609), (+0.3399,5.5442), (+0.3371,5.5276), (+0.3344,5.5109), (+0.3292,5.4943), (+0.3284,5.4776), (+0.3233,5.4610), (+0.3197,5.4443), (+0.3201,5.4277), (+0.3149,5.4110), (+0.3122,5.3944), (+0.3094,5.3777), (+0.3042,5.3611), (+0.3039,5.3444), (+0.3035,5.3278), (+0.2983,5.3111), (+0.2947,5.2945), (+0.2955,5.2778), (+0.2951,5.2612), (+0.2900,5.2445), (+0.2864,5.2279), (+0.2872,5.2112), (+0.2868,5.1946), (+0.2817,5.1779), (+0.2781,5.1613), (+0.2789,5.1446), (+0.2797,5.1280), (+0.2769,5.1113), (+0.2682,5.0947), (+0.2634,5.0780), (+0.2595,5.0614), (+0.2551,5.0447), (+0.2511,5.0281), (+0.2460,5.0099), (+0.2456,4.9996), (+0.2460,5.0099), (+0.2511,5.0281), (+0.2551,5.0447), (+0.2595,5.0614), (+0.2634,5.0780), (+0.2674,5.0963), (+0.2797,5.1066), (+0.2876,5.0963), (+0.2872,5.0780), (+0.2872,5.0614), (+0.2872,5.0447), (+0.2864,5.0281), (+0.2900,5.0114), (+0.2951,4.9948), (+0.2955,4.9781), (+0.2955,4.9615), (+0.2955,4.9448), (+0.2955,4.9282), (+0.2947,4.9116), (+0.2983,4.8949), (+0.3035,4.8783), (+0.3039,4.8616), (+0.3039,4.8450), (+0.3039,4.8283), (+0.3042,4.8117), (+0.3094,4.7950), (+0.3130,4.7784), (+0.3122,4.7617), (+0.3114,4.7451), (+0.3149,4.7284), (+0.3201,4.7118), (+0.3205,4.6951), (+0.3197,4.6785), (+0.3233,4.6618), (+0.3284,4.6452), (+0.3288,4.6285), (+0.3280,4.6119), (+0.3316,4.5952), (+0.3368,4.5786), (+0.3383,4.5619), (+0.3362,4.5453)
  stroke[ 18] ( 13 pts): (+1.4110,4.5092), (+1.3944,4.5054), (+1.3777,4.5084), (+1.3611,4.5147), (+1.3444,4.5223), (+1.3266,4.5361), (+1.3214,4.5540), (+1.3353,4.5623), (+1.3528,4.5631), (+1.3694,4.5651), (+1.3868,4.5552), (+1.4003,4.5369), (+1.4100,4.5203)
  stroke[ 19] ( 69 pts): (+0.7867,4.4953), (+0.7867,4.5120), (+0.7867,4.5286), (+0.7867,4.5453), (+0.7867,4.5619), (+0.7867,4.5786), (+0.7867,4.5952), (+0.7867,4.6119), (+0.7875,4.6285), (+0.7839,4.6452), (+0.7788,4.6618), (+0.7784,4.6785), (+0.7784,4.6951), (+0.7784,4.7118), (+0.7791,4.7284), (+0.7756,4.7451), (+0.7704,4.7617), (+0.7700,4.7784), (+0.7696,4.7950), (+0.7645,4.8117), (+0.7609,4.8283), (+0.7613,4.8450), (+0.7562,4.8616), (+0.7522,4.8783), (+0.7478,4.8949), (+0.7439,4.9116), (+0.7395,4.9282), (+0.7355,4.9448), (+0.7312,4.9615), (+0.7272,4.9781), (+0.7237,4.9948), (+0.7165,5.0114), (+0.7118,5.0281), (+0.7058,5.0447), (+0.6963,5.0622), (+0.6963,5.0622), (+0.7058,5.0447), (+0.7118,5.0281), (+0.7165,5.0114), (+0.7237,4.9948), (+0.7272,4.9781), (+0.7312,4.9615), (+0.7355,4.9448), (+0.7395,4.9282), (+0.7439,4.9116), (+0.7478,4.8949), (+0.7522,4.8783), (+0.7562,4.8616), (+0.7613,4.8450), (+0.7609,4.8283), (+0.7645,4.8117), (+0.7696,4.7950), (+0.7700,4.7784), (+0.7704,4.7617), (+0.7756,4.7451), (+0.7791,4.7284), (+0.7784,4.7118), (+0.7784,4.6951), (+0.7784,4.6785), (+0.7788,4.6618), (+0.7839,4.6452), (+0.7875,4.6285), (+0.7867,4.6119), (+0.7867,4.5952), (+0.7867,4.5786), (+0.7867,4.5619), (+0.7867,4.5453), (+0.7867,4.5286), (+0.7867,4.5120)
  stroke[ 20] (  5 pts): (+0.0890,4.3092), (+0.0690,4.3074), (+0.0616,4.3205), (+0.0712,4.3352), (+0.0832,4.3300)
  stroke[ 21] (156 pts): (+1.3442,4.1050), (+1.3611,4.1148), (+1.3718,4.1282), (+1.3801,4.1457), (+1.3861,4.1623), (+1.3916,4.1790), (+1.3952,4.1956), (+1.3944,4.2123), (+1.3944,4.2289), (+1.3940,4.2456), (+1.3884,4.2622), (+1.3801,4.2789), (+1.3686,4.2955), (+1.3603,4.3122), (+1.3690,4.3288), (+1.3857,4.3455), (+1.3979,4.3621), (+1.4079,4.3788), (+1.4118,4.3954), (+1.4106,4.4129), (+1.4190,4.4263), (+1.4360,4.4295), (+1.4527,4.4287), (+1.4693,4.4279), (+1.4860,4.4315), (+1.5026,4.4370), (+1.5200,4.4291), (+1.5339,4.4121), (+1.5422,4.3954), (+1.5458,4.3788), (+1.5414,4.3621), (+1.5363,4.3455), (+1.5359,4.3288), (+1.5359,4.3114), (+1.5359,4.3114), (+1.5359,4.3288), (+1.5363,4.3455), (+1.5414,4.3621), (+1.5458,4.3788), (+1.5422,4.3954), (+1.5331,4.4121), (+1.5216,4.4287), (+1.5208,4.4458), (+1.5359,4.4541), (+1.5367,4.4529), (+1.5189,4.4561), (+1.5101,4.4696), (+1.5054,4.4870), (+1.5014,4.5036), (+1.4971,4.5203), (+1.4931,4.5369), (+1.4895,4.5536), (+1.4828,4.5710), (+1.4828,4.5710), (+1.4895,4.5536), (+1.4931,4.5369), (+1.4971,4.5203), (+1.5014,4.5036), (+1.5054,4.4870), (+1.5109,4.4703), (+1.5169,4.4529), (+1.5121,4.4402), (+1.4943,4.4335), (+1.4776,4.4291), (+1.4610,4.4287), (+1.4443,4.4287), (+1.4269,4.4283), (+1.4134,4.4366), (+1.4102,4.4537), (+1.4110,4.4703), (+1.4098,4.4870), (+1.4090,4.5036), (+1.4071,4.5203), (+1.4027,4.5377), (+1.4106,4.5508), (+1.4285,4.5631), (+1.4285,4.5631), (+1.4110,4.5496), (+1.3944,4.5480), (+1.3773,4.5611), (+1.3694,4.5786), (+1.3615,4.5952), (+1.3444,4.6127), (+1.3278,4.6261), (+1.3103,4.6293), (+1.3103,4.6293), (+1.3278,4.6261), (+1.3444,4.6127), (+1.3615,4.5952), (+1.3702,4.5778), (+1.3615,4.5643), (+1.3444,4.5611), (+1.3262,4.5631), (+1.3163,4.5651), (+1.3179,4.5552), (+1.3274,4.5361), (+1.3444,4.5223), (+1.3611,4.5147), (+1.3777,4.5084), (+1.3952,4.5044), (+1.4087,4.4957), (+1.4118,4.4787), (+1.4110,4.4620), (+1.4110,4.4454), (+1.4110,4.4287), (+1.4110,4.4121), (+1.4118,4.3954), (+1.4079,4.3788), (+1.3979,4.3621), (+1.3857,4.3455), (+1.3694,4.3284), (+1.3520,4.3197), (+1.3381,4.3284), (+1.3294,4.3455), (+1.3214,4.3621), (+1.3187,4.3788), (+1.3191,4.3954), (+1.3139,4.4121), (+1.3111,4.4287), (+1.3092,4.4454), (+1.3012,4.4620), (+1.2917,4.4787), (+1.2802,4.4961), (+1.2802,4.4961), (+1.2917,4.4787), (+1.3012,4.4620), (+1.3092,4.4454), (+1.3111,4.4287), (+1.3139,4.4121), (+1.3191,4.3954), (+1.3187,4.3788), (+1.3214,4.3621), (+1.3302,4.3455), (+1.3353,4.3288), (+1.3310,4.3122), (+1.3191,4.2959), (+1.3028,4.2848), (+1.2854,4.2769), (+1.2854,4.2769), (+1.3028,4.2848), (+1.3191,4.2959), (+1.3306,4.3126), (+1.3444,4.3213), (+1.3583,4.3126), (+1.3694,4.2955), (+1.3801,4.2789), (+1.3884,4.2622), (+1.3940,4.2456), (+1.3944,4.2289), (+1.3944,4.2123), (+1.3952,4.1956), (+1.3916,4.1790), (+1.3861,4.1623), (+1.3801,4.1457), (+1.3718,4.1282), (+1.3605,4.1154)
  stroke[ 22] ( 21 pts): (+0.4537,4.0632), (+0.4370,4.0731), (+0.4204,4.0807), (+0.4037,4.0902), (+0.3871,4.1013), (+0.3704,4.1100), (+0.3538,4.1207), (+0.3371,4.1326), (+0.3205,4.1421), (+0.3039,4.1544), (+0.2864,4.1714), (+0.2864,4.1714), (+0.3039,4.1544), (+0.3205,4.1421), (+0.3371,4.1326), (+0.3538,4.1207), (+0.3704,4.1100), (+0.3871,4.1013), (+0.4037,4.0902), (+0.4204,4.0807), (+0.4370,4.0731)
  stroke[ 23] ( 20 pts): (+1.5359,4.0373), (+1.5193,4.0541), (+1.5026,4.0656), (+1.4860,4.0708), (+1.4693,4.0763), (+1.4527,4.0799), (+1.4360,4.0787), (+1.4194,4.0731), (+1.4027,4.0648), (+1.3845,4.0521), (+1.3742,4.0422), (+1.3845,4.0521), (+1.4027,4.0648), (+1.4194,4.0731), (+1.4360,4.0787), (+1.4527,4.0799), (+1.4693,4.0763), (+1.4860,4.0708), (+1.5026,4.0656), (+1.5193,4.0541)
  stroke[ 24] ( 18 pts): (+1.4840,3.9812), (+1.5050,3.9869), (+1.5200,3.9875), (+1.5200,3.9875), (+1.5026,3.9871), (+1.4860,3.9820), (+1.4693,3.9776), (+1.4527,3.9820), (+1.4360,3.9871), (+1.4194,3.9867), (+1.4027,3.9903), (+1.3853,3.9954), (+1.3853,3.9954), (+1.4027,3.9903), (+1.4194,3.9867), (+1.4360,3.9871), (+1.4527,3.9820), (+1.4693,3.9792)
  stroke[ 25] ( 83 pts): (+0.5036,3.9263), (+0.4870,3.9245), (+0.4703,3.9368), (+0.4537,3.9542), (+0.4370,3.9705), (+0.4204,3.9820), (+0.4037,3.9950), (+0.3871,4.0125), (+0.3704,4.0291), (+0.3538,4.0458), (+0.3371,4.0624), (+0.3197,4.0791), (+0.3066,4.0957), (+0.2951,4.1124), (+0.2789,4.1290), (+0.2614,4.1457), (+0.2484,4.1623), (+0.2361,4.1790), (+0.2234,4.1956), (+0.2111,4.2123), (+0.1984,4.2289), (+0.1869,4.2456), (+0.1707,4.2618), (+0.1540,4.2741), (+0.1374,4.2844), (+0.1207,4.2935), (+0.1033,4.2959), (+0.0898,4.3035), (+0.0862,4.3213), (+0.0953,4.3348), (+0.1124,4.3379), (+0.1290,4.3371), (+0.1457,4.3371), (+0.1623,4.3371), (+0.1790,4.3371), (+0.1956,4.3371), (+0.2123,4.3371), (+0.2289,4.3371), (+0.2456,4.3371), (+0.2622,4.3371), (+0.2789,4.3371), (+0.2955,4.3371), (+0.3122,4.3371), (+0.3288,4.3371), (+0.3455,4.3371), (+0.3621,4.3371), (+0.3788,4.3371), (+0.3954,4.3371), (+0.4121,4.3371), (+0.4287,4.3371), (+0.4454,4.3371), (+0.4620,4.3371), (+0.4787,4.3371), (+0.4953,4.3371), (+0.5120,4.3371), (+0.5286,4.3371), (+0.5453,4.3371), (+0.5619,4.3379), (+0.5790,4.3348), (+0.5869,4.3213), (+0.5813,4.3039), (+0.5786,4.2872), (+0.5758,4.2706), (+0.5706,4.2539), (+0.5710,4.2373), (+0.5675,4.2206), (+0.5623,4.2040), (+0.5615,4.1873), (+0.5564,4.1707), (+0.5524,4.1540), (+0.5480,4.1374), (+0.5453,4.1207), (+0.5425,4.1041), (+0.5373,4.0874), (+0.5365,4.0708), (+0.5314,4.0541), (+0.5274,4.0375), (+0.5231,4.0208), (+0.5203,4.0042), (+0.5175,3.9875), (+0.5132,3.9709), (+0.5084,3.9542), (+0.5036,3.9376)
  stroke[ 26] ( 67 pts): (+0.3371,3.9106), (+0.3205,3.9049), (+0.3039,3.9043), (+0.2872,3.9043), (+0.2706,3.9043), (+0.2539,3.9043), (+0.2373,3.9043), (+0.2206,3.9043), (+0.2040,3.9043), (+0.1873,3.9043), (+0.1707,3.9043), (+0.1540,3.9043), (+0.1374,3.9043), (+0.1207,3.9043), (+0.1041,3.9043), (+0.0874,3.9035), (+0.0704,3.9066), (+0.0620,3.9201), (+0.0624,3.9376), (+0.0624,3.9542), (+0.0624,3.9709), (+0.0624,3.9875), (+0.0624,4.0042), (+0.0624,4.0208), (+0.0624,4.0375), (+0.0624,4.0541), (+0.0624,4.0708), (+0.0624,4.0874), (+0.0624,4.1041), (+0.0624,4.1207), (+0.0624,4.1374), (+0.0624,4.1540), (+0.0624,4.1707), (+0.0624,4.1873), (+0.0624,4.2040), (+0.0624,4.2206), (+0.0624,4.2373), (+0.0624,4.2539), (+0.0624,4.2706), (+0.0620,4.2880), (+0.0704,4.3023), (+0.0874,4.3019), (+0.1041,4.2967), (+0.1207,4.2935), (+0.1374,4.2844), (+0.1540,4.2741), (+0.1707,4.2618), (+0.1869,4.2456), (+0.1984,4.2289), (+0.2111,4.2123), (+0.2234,4.1956), (+0.2369,4.1790), (+0.2460,4.1623), (+0.2460,4.1457), (+0.2503,4.1290), (+0.2567,4.1124), (+0.2646,4.0957), (+0.2706,4.0791), (+0.2765,4.0624), (+0.2844,4.0458), (+0.2900,4.0291), (+0.2971,4.0125), (+0.3062,3.9958), (+0.3122,3.9792), (+0.3181,3.9625), (+0.3260,3.9459), (+0.3324,3.9292)
  stroke[ 27] ( 39 pts): (+0.4870,3.9106), (+0.4703,3.9049), (+0.4537,3.9043), (+0.4370,3.9043), (+0.4204,3.9043), (+0.4037,3.9043), (+0.3871,3.9043), (+0.3704,3.9043), (+0.3530,3.9039), (+0.3391,3.9122), (+0.3316,3.9292), (+0.3260,3.9459), (+0.3181,3.9625), (+0.3122,3.9792), (+0.3062,3.9958), (+0.2971,4.0125), (+0.2900,4.0291), (+0.2844,4.0458), (+0.2765,4.0624), (+0.2706,4.0791), (+0.2646,4.0957), (+0.2567,4.1124), (+0.2495,4.1290), (+0.2484,4.1465), (+0.2614,4.1465), (+0.2789,4.1290), (+0.2951,4.1124), (+0.3066,4.0957), (+0.3197,4.0791), (+0.3371,4.0624), (+0.3538,4.0458), (+0.3704,4.0291), (+0.3871,4.0125), (+0.4037,3.9950), (+0.4204,3.9820), (+0.4370,3.9705), (+0.4537,3.9542), (+0.4703,3.9376), (+0.4870,3.9209)
  stroke[ 28] ( 25 pts): (+1.8939,3.9043), (+1.8772,3.9043), (+1.8606,3.9043), (+1.8439,3.9043), (+1.8273,3.9043), (+1.8106,3.9043), (+1.7940,3.9043), (+1.7773,3.9043), (+1.7607,3.9043), (+1.7440,3.9043), (+1.7274,3.9043), (+1.7107,3.9043), (+1.6933,3.9043), (+1.6933,3.9043), (+1.7107,3.9043), (+1.7274,3.9043), (+1.7440,3.9043), (+1.7607,3.9043), (+1.7773,3.9043), (+1.7940,3.9043), (+1.8106,3.9043), (+1.8273,3.9043), (+1.8439,3.9043), (+1.8606,3.9043), (+1.8772,3.9043)
  stroke[ 29] ( 34 pts): (+0.7617,3.8028), (+0.7451,3.7960), (+0.7284,3.7988), (+0.7118,3.8044), (+0.6951,3.8091), (+0.6785,3.8155), (+0.6618,3.8226), (+0.6452,3.8309), (+0.6285,3.8393), (+0.6119,3.8476), (+0.5952,3.8571), (+0.5786,3.8682), (+0.5619,3.8769), (+0.5445,3.8888), (+0.5445,3.9019), (+0.5619,3.9051), (+0.5786,3.9043), (+0.5952,3.9043), (+0.6119,3.9043), (+0.6285,3.9043), (+0.6452,3.9043), (+0.6618,3.9043), (+0.6785,3.9043), (+0.6951,3.9043), (+0.7118,3.9043), (+0.7284,3.9043), (+0.7451,3.9043), (+0.7625,3.9047), (+0.7760,3.8963), (+0.7788,3.8793), (+0.7728,3.8626), (+0.7688,3.8460), (+0.7653,3.8293), (+0.7601,3.8127)
  stroke[ 30] ( 27 pts): (+0.4870,3.7689), (+0.4703,3.7651), (+0.4537,3.7731), (+0.4370,3.7869), (+0.4204,3.8044), (+0.4037,3.8210), (+0.3863,3.8377), (+0.3732,3.8543), (+0.3621,3.8710), (+0.3502,3.8884), (+0.3538,3.9019), (+0.3704,3.9051), (+0.3871,3.9043), (+0.4037,3.9043), (+0.4204,3.9043), (+0.4370,3.9043), (+0.4537,3.9043), (+0.4703,3.9047), (+0.4870,3.9102), (+0.5036,3.9055), (+0.5068,3.8876), (+0.5028,3.8710), (+0.5032,3.8543), (+0.4981,3.8377), (+0.4941,3.8210), (+0.4898,3.8044), (+0.4870,3.7877)
  stroke[ 31] ( 62 pts): (+1.3528,3.7128), (+1.3528,3.7294), (+1.3528,3.7461), (+1.3528,3.7627), (+1.3528,3.7794), (+1.3528,3.7960), (+1.3532,3.8127), (+1.3583,3.8293), (+1.3619,3.8460), (+1.3607,3.8634), (+1.3690,3.8773), (+1.3861,3.8714), (+1.4027,3.8567), (+1.4194,3.8531), (+1.4360,3.8488), (+1.4527,3.8444), (+1.4693,3.8488), (+1.4860,3.8543), (+1.5042,3.8611), (+1.5145,3.8670), (+1.5042,3.8611), (+1.4860,3.8543), (+1.4693,3.8488), (+1.4527,3.8444), (+1.4360,3.8488), (+1.4194,3.8531), (+1.4027,3.8567), (+1.3861,3.8698), (+1.3682,3.8821), (+1.3631,3.8955), (+1.3769,3.9047), (+1.3944,3.9043), (+1.4110,3.9043), (+1.4277,3.9043), (+1.4443,3.9043), (+1.4610,3.9043), (+1.4776,3.9043), (+1.4943,3.9043), (+1.5109,3.9035), (+1.5284,3.9066), (+1.5284,3.9066), (+1.5109,3.9035), (+1.4943,3.9043), (+1.4776,3.9043), (+1.4610,3.9043), (+1.4443,3.9043), (+1.4277,3.9043), (+1.4110,3.9043), (+1.3944,3.9043), (+1.3777,3.9043), (+1.3611,3.9047), (+1.3579,3.8963), (+1.3619,3.8793), (+1.3611,3.8626), (+1.3619,3.8460), (+1.3583,3.8293), (+1.3532,3.8127), (+1.3528,3.7960), (+1.3528,3.7794), (+1.3528,3.7627), (+1.3528,3.7461), (+1.3528,3.7294)
  stroke[ 32] ( 84 pts): (+0.4037,3.6192), (+0.3871,3.6135), (+0.3704,3.6121), (+0.3538,3.6149), (+0.3371,3.6228), (+0.3205,3.6311), (+0.3039,3.6407), (+0.2872,3.6518), (+0.2706,3.6609), (+0.2539,3.6636), (+0.2373,3.6621), (+0.2206,3.6660), (+0.2040,3.6759), (+0.1873,3.6878), (+0.1707,3.6993), (+0.1540,3.7045), (+0.1374,3.7092), (+0.1207,3.7164), (+0.1041,3.7207), (+0.0874,3.7203), (+0.0704,3.7235), (+0.0620,3.7370), (+0.0624,3.7544), (+0.0624,3.7711), (+0.0624,3.7877), (+0.0616,3.8044), (+0.0648,3.8214), (+0.0783,3.8297), (+0.0957,3.8293), (+0.1124,3.8293), (+0.1290,3.8293), (+0.1457,3.8301), (+0.1623,3.8266), (+0.1790,3.8214), (+0.1972,3.8210), (+0.2075,3.8210), (+0.1972,3.8210), (+0.1790,3.8214), (+0.1623,3.8266), (+0.1457,3.8301), (+0.1290,3.8293), (+0.1124,3.8293), (+0.0957,3.8293), (+0.0783,3.8289), (+0.0648,3.8373), (+0.0616,3.8543), (+0.0624,3.8710), (+0.0620,3.8884), (+0.0704,3.9019), (+0.0874,3.9051), (+0.1041,3.9043), (+0.1207,3.9043), (+0.1374,3.9043), (+0.1540,3.9043), (+0.1707,3.9043), (+0.1873,3.9043), (+0.2040,3.9043), (+0.2206,3.9043), (+0.2373,3.9043), (+0.2539,3.9043), (+0.2706,3.9043), (+0.2872,3.9043), (+0.3039,3.9043), (+0.3205,3.9051), (+0.3379,3.9019), (+0.3510,3.8884), (+0.3621,3.8710), (+0.3732,3.8543), (+0.3863,3.8377), (+0.4037,3.8210), (+0.4204,3.8044), (+0.4370,3.7869), (+0.4537,3.7738), (+0.4707,3.7624), (+0.4799,3.7461), (+0.4759,3.7294), (+0.4715,3.7128), (+0.4676,3.6961), (+0.4624,3.6795), (+0.4620,3.6629), (+0.4624,3.6454), (+0.4541,3.6319), (+0.4370,3.6288), (+0.4204,3.6290)
  stroke[ 33] (  8 pts): (+0.0880,3.6016), (+0.0702,3.5998), (+0.0620,3.6121), (+0.0620,3.6303), (+0.0704,3.6434), (+0.0882,3.6418), (+0.1005,3.6296), (+0.0987,3.6127)
  stroke[ 34] ( 72 pts): (+0.6535,3.5869), (+0.6368,3.5790), (+0.6194,3.5792), (+0.6067,3.5875), (+0.6004,3.6042), (+0.5877,3.6161), (+0.5702,3.6208), (+0.5536,3.6204), (+0.5369,3.6240), (+0.5203,3.6292), (+0.5036,3.6296), (+0.4870,3.6288), (+0.4699,3.6319), (+0.4616,3.6454), (+0.4620,3.6629), (+0.4624,3.6795), (+0.4676,3.6961), (+0.4715,3.7128), (+0.4755,3.7302), (+0.4874,3.7433), (+0.5036,3.7417), (+0.5203,3.7294), (+0.5369,3.7187), (+0.5536,3.7112), (+0.5702,3.7029), (+0.5885,3.6938), (+0.5988,3.6886), (+0.5885,3.6938), (+0.5702,3.7029), (+0.5536,3.7112), (+0.5369,3.7187), (+0.5203,3.7294), (+0.5036,3.7402), (+0.4858,3.7481), (+0.4810,3.7620), (+0.4866,3.7794), (+0.4874,3.7960), (+0.4925,3.8127), (+0.4965,3.8293), (+0.5009,3.8460), (+0.5044,3.8626), (+0.5032,3.8793), (+0.5116,3.8971), (+0.5286,3.9023), (+0.5453,3.8888), (+0.5619,3.8769), (+0.5786,3.8682), (+0.5952,3.8571), (+0.6119,3.8476), (+0.6285,3.8393), (+0.6452,3.8309), (+0.6618,3.8226), (+0.6785,3.8155), (+0.6951,3.8091), (+0.7118,3.8044), (+0.7284,3.7996), (+0.7455,3.7929), (+0.7538,3.7802), (+0.7534,3.7627), (+0.7534,3.7461), (+0.7542,3.7294), (+0.7506,3.7128), (+0.7455,3.6961), (+0.7447,3.6795), (+0.7395,3.6629), (+0.7363,3.6454), (+0.7288,3.6319), (+0.7118,3.6288), (+0.6951,3.6296), (+0.6777,3.6299), (+0.6638,3.6216), (+0.6553,3.6058)
  stroke[ 35] (  9 pts): (+0.6535,3.5453), (+0.6368,3.5374), (+0.6194,3.5376), (+0.6059,3.5459), (+0.6023,3.5637), (+0.6115,3.5772), (+0.6285,3.5812), (+0.6456,3.5772), (+0.6535,3.5641)
  stroke[ 36] ( 42 pts): (+0.0971,3.4950), (+0.0773,3.4880), (+0.0648,3.4960), (+0.0616,3.5130), (+0.0624,3.5297), (+0.0624,3.5463), (+0.0624,3.5630), (+0.0620,3.5804), (+0.0704,3.5935), (+0.0882,3.6050), (+0.1021,3.6220), (+0.0969,3.6359), (+0.0783,3.6438), (+0.0640,3.6549), (+0.0640,3.6716), (+0.0783,3.6807), (+0.0957,3.6767), (+0.1124,3.6712), (+0.1290,3.6652), (+0.1457,3.6569), (+0.1623,3.6462), (+0.1790,3.6351), (+0.1952,3.6220), (+0.2075,3.6046), (+0.2178,3.5879), (+0.2273,3.5713), (+0.2345,3.5546), (+0.2412,3.5380), (+0.2365,3.5205), (+0.2234,3.5205), (+0.2119,3.5380), (+0.1956,3.5554), (+0.1782,3.5685), (+0.1639,3.5808), (+0.1643,3.5804), (+0.1703,3.5630), (+0.1714,3.5463), (+0.1683,3.5297), (+0.1548,3.5126), (+0.1374,3.5039), (+0.1207,3.4987), (+0.1041,3.4958)
  stroke[ 37] (  9 pts): (+0.5536,3.4694), (+0.5369,3.4637), (+0.5203,3.4631), (+0.5036,3.4623), (+0.4862,3.4662), (+0.4862,3.4765), (+0.5036,3.4805), (+0.5203,3.4797), (+0.5369,3.4797)
  stroke[ 38] ( 37 pts): (+0.5952,3.4597), (+0.5786,3.4589), (+0.5619,3.4686), (+0.5453,3.4777), (+0.5286,3.4805), (+0.5120,3.4797), (+0.4953,3.4793), (+0.4787,3.4750), (+0.4620,3.4670), (+0.4450,3.4658), (+0.4366,3.4789), (+0.4370,3.4964), (+0.4370,3.5130), (+0.4370,3.5297), (+0.4370,3.5463), (+0.4370,3.5630), (+0.4370,3.5796), (+0.4370,3.5963), (+0.4366,3.6137), (+0.4450,3.6272), (+0.4620,3.6303), (+0.4787,3.6296), (+0.4953,3.6296), (+0.5120,3.6303), (+0.5286,3.6268), (+0.5453,3.6216), (+0.5619,3.6220), (+0.5786,3.6192), (+0.5956,3.6109), (+0.6039,3.5970), (+0.6035,3.5796), (+0.6035,3.5630), (+0.6035,3.5463), (+0.6035,3.5297), (+0.6035,3.5130), (+0.6031,3.4964), (+0.5982,3.4797)
  stroke[ 39] (  5 pts): (+0.4715,3.4508), (+0.4525,3.4512), (+0.4529,3.4627), (+0.4719,3.4722), (+0.4810,3.4642)
  stroke[ 40] (  5 pts): (+0.7887,3.4541), (+0.7677,3.4452), (+0.7526,3.4496), (+0.7526,3.4599), (+0.7677,3.4637)
  stroke[ 41] ( 29 pts): (+0.7373,3.4434), (+0.7195,3.4417), (+0.7114,3.4539), (+0.7118,3.4714), (+0.7110,3.4880), (+0.7145,3.5047), (+0.7197,3.5213), (+0.7201,3.5380), (+0.7201,3.5546), (+0.7201,3.5713), (+0.7201,3.5879), (+0.7193,3.6046), (+0.7225,3.6228), (+0.7359,3.6335), (+0.7534,3.6280), (+0.7700,3.6220), (+0.7875,3.6133), (+0.8010,3.5963), (+0.8041,3.5796), (+0.8033,3.5630), (+0.8033,3.5463), (+0.8033,3.5297), (+0.8033,3.5130), (+0.8033,3.4964), (+0.8037,3.4789), (+0.7954,3.4654), (+0.7784,3.4623), (+0.7617,3.4625), (+0.7451,3.4567)
  stroke[ 42] (  6 pts): (+0.5375,3.4101), (+0.5197,3.4084), (+0.5108,3.4206), (+0.5143,3.4393), (+0.5286,3.4444), (+0.5417,3.4321)
  stroke[ 43] ( 28 pts): (+0.0880,3.4018), (+0.0702,3.4000), (+0.0620,3.4123), (+0.0624,3.4298), (+0.0624,3.4464), (+0.0616,3.4631), (+0.0648,3.4801), (+0.0783,3.4888), (+0.0957,3.4936), (+0.1124,3.4975), (+0.1290,3.5011), (+0.1457,3.5079), (+0.1627,3.5205), (+0.1711,3.5380), (+0.1703,3.5562), (+0.1786,3.5665), (+0.1956,3.5562), (+0.2119,3.5380), (+0.2246,3.5213), (+0.2265,3.5047), (+0.2186,3.4872), (+0.2047,3.4742), (+0.1873,3.4631), (+0.1707,3.4524), (+0.1540,3.4436), (+0.1374,3.4329), (+0.1207,3.4294), (+0.1041,3.4208)
  stroke[ 44] (  6 pts): (+0.8043,3.4042), (+0.7855,3.3953), (+0.7688,3.3988), (+0.7637,3.4127), (+0.7754,3.4214), (+0.7974,3.4145)
  stroke[ 45] ( 41 pts): (+0.2789,3.3592), (+0.2640,3.3644), (+0.2618,3.3798), (+0.2682,3.3965), (+0.2773,3.4131), (+0.2852,3.4298), (+0.2884,3.4464), (+0.2928,3.4631), (+0.2963,3.4797), (+0.2963,3.4964), (+0.2928,3.5130), (+0.2872,3.5312), (+0.2959,3.5408), (+0.2955,3.5471), (+0.2809,3.5630), (+0.2717,3.5796), (+0.2721,3.5967), (+0.2864,3.6046), (+0.3039,3.5986), (+0.3205,3.5895), (+0.3371,3.5812), (+0.3538,3.5733), (+0.3704,3.5713), (+0.3875,3.5689), (+0.3958,3.5554), (+0.3954,3.5380), (+0.3954,3.5213), (+0.3954,3.5047), (+0.3954,3.4880), (+0.3954,3.4714), (+0.3950,3.4547), (+0.3899,3.4381), (+0.3863,3.4214), (+0.3871,3.4048), (+0.3875,3.3873), (+0.3792,3.3739), (+0.3621,3.3707), (+0.3455,3.3715), (+0.3288,3.3715), (+0.3122,3.3711), (+0.2955,3.3661)
  stroke[ 46] ( 27 pts): (+0.6462,3.3542), (+0.6273,3.3453), (+0.6115,3.3489), (+0.6031,3.3624), (+0.6035,3.3798), (+0.6035,3.3965), (+0.6031,3.4131), (+0.5980,3.4298), (+0.5944,3.4464), (+0.5944,3.4631), (+0.5980,3.4797), (+0.6031,3.4964), (+0.6027,3.5130), (+0.6059,3.5301), (+0.6194,3.5384), (+0.6376,3.5384), (+0.6511,3.5301), (+0.6543,3.5130), (+0.6531,3.4964), (+0.6479,3.4797), (+0.6444,3.4631), (+0.6452,3.4464), (+0.6452,3.4298), (+0.6452,3.4131), (+0.6452,3.3965), (+0.6452,3.3798), (+0.6452,3.3632)
  stroke[ 47] ( 16 pts): (+1.4959,3.3382), (+1.4907,3.3548), (+1.4863,3.3715), (+1.4860,3.3881), (+1.4856,3.4048), (+1.4804,3.4214), (+1.4768,3.4381), (+1.4776,3.4563), (+1.4776,3.4666), (+1.4776,3.4563), (+1.4768,3.4381), (+1.4804,3.4214), (+1.4856,3.4048), (+1.4860,3.3881), (+1.4863,3.3715), (+1.4913,3.3548)
  stroke[ 48] ( 39 pts): (+0.4218,3.3285), (+0.4020,3.3215), (+0.3895,3.3295), (+0.3863,3.3465), (+0.3871,3.3632), (+0.3871,3.3798), (+0.3871,3.3965), (+0.3871,3.4131), (+0.3875,3.4298), (+0.3926,3.4464), (+0.3962,3.4631), (+0.3954,3.4797), (+0.3954,3.4964), (+0.3954,3.5130), (+0.3954,3.5297), (+0.3954,3.5463), (+0.3946,3.5630), (+0.3982,3.5796), (+0.4033,3.5963), (+0.4033,3.6137), (+0.4117,3.6280), (+0.4291,3.6280), (+0.4374,3.6137), (+0.4370,3.5963), (+0.4370,3.5796), (+0.4370,3.5630), (+0.4370,3.5463), (+0.4370,3.5297), (+0.4370,3.5130), (+0.4370,3.4964), (+0.4370,3.4797), (+0.4366,3.4631), (+0.4315,3.4464), (+0.4279,3.4298), (+0.4287,3.4131), (+0.4287,3.3965), (+0.4287,3.3798), (+0.4295,3.3632), (+0.4257,3.3465)
  stroke[ 49] (  8 pts): (+0.6378,3.3126), (+0.6190,3.3037), (+0.6031,3.3073), (+0.5944,3.3207), (+0.6031,3.3386), (+0.6202,3.3477), (+0.6380,3.3441), (+0.6422,3.3311)
  stroke[ 50] ( 34 pts): (+0.0880,3.3019), (+0.0702,3.3001), (+0.0620,3.3124), (+0.0624,3.3299), (+0.0624,3.3465), (+0.0624,3.3632), (+0.0620,3.3806), (+0.0704,3.3941), (+0.0874,3.3969), (+0.1041,3.4044), (+0.1207,3.4210), (+0.1374,3.4333), (+0.1540,3.4436), (+0.1707,3.4524), (+0.1873,3.4631), (+0.2047,3.4742), (+0.2186,3.4872), (+0.2265,3.5063), (+0.2380,3.5166), (+0.2460,3.5063), (+0.2456,3.4880), (+0.2456,3.4714), (+0.2452,3.4547), (+0.2396,3.4381), (+0.2317,3.4214), (+0.2262,3.4048), (+0.2186,3.3881), (+0.2047,3.3715), (+0.1873,3.3548), (+0.1707,3.3386), (+0.1540,3.3275), (+0.1374,3.3200), (+0.1207,3.3108), (+0.1041,3.3055)
  stroke[ 51] ( 45 pts): (+0.6634,3.3019), (+0.6434,3.3001), (+0.6368,3.3124), (+0.6424,3.3299), (+0.6460,3.3465), (+0.6452,3.3632), (+0.6452,3.3798), (+0.6452,3.3965), (+0.6452,3.4131), (+0.6452,3.4298), (+0.6452,3.4464), (+0.6444,3.4631), (+0.6479,3.4797), (+0.6531,3.4964), (+0.6535,3.5130), (+0.6535,3.5297), (+0.6535,3.5463), (+0.6535,3.5630), (+0.6535,3.5796), (+0.6539,3.5963), (+0.6586,3.6137), (+0.6705,3.6272), (+0.6868,3.6303), (+0.7042,3.6299), (+0.7177,3.6216), (+0.7209,3.6046), (+0.7201,3.5879), (+0.7201,3.5713), (+0.7201,3.5546), (+0.7201,3.5380), (+0.7197,3.5213), (+0.7145,3.5047), (+0.7110,3.4880), (+0.7118,3.4714), (+0.7122,3.4547), (+0.7181,3.4381), (+0.7181,3.4214), (+0.7122,3.4048), (+0.7118,3.3881), (+0.7114,3.3715), (+0.7062,3.3548), (+0.7034,3.3382), (+0.7011,3.3207), (+0.6886,3.3079), (+0.6687,3.3039)
  stroke[ 52] ( 58 pts): (+0.5702,3.2950), (+0.5536,3.2882), (+0.5369,3.2910), (+0.5203,3.2962), (+0.5036,3.2966), (+0.4870,3.2966), (+0.4703,3.2966), (+0.4537,3.2966), (+0.4370,3.2970), (+0.4188,3.3017), (+0.4093,3.3136), (+0.4168,3.3299), (+0.4267,3.3465), (+0.4295,3.3632), (+0.4287,3.3798), (+0.4287,3.3965), (+0.4287,3.4131), (+0.4279,3.4298), (+0.4311,3.4476), (+0.4450,3.4528), (+0.4537,3.4389), (+0.4481,3.4214), (+0.4446,3.4048), (+0.4454,3.3881), (+0.4454,3.3715), (+0.4454,3.3548), (+0.4454,3.3374), (+0.4454,3.3374), (+0.4454,3.3548), (+0.4454,3.3715), (+0.4454,3.3881), (+0.4446,3.4048), (+0.4474,3.4214), (+0.4557,3.4389), (+0.4696,3.4528), (+0.4870,3.4611), (+0.5036,3.4639), (+0.5203,3.4639), (+0.5377,3.4599), (+0.5377,3.4504), (+0.5199,3.4432), (+0.5108,3.4306), (+0.5143,3.4119), (+0.5286,3.4068), (+0.5425,3.4206), (+0.5401,3.4389), (+0.5441,3.4531), (+0.5619,3.4531), (+0.5786,3.4393), (+0.5956,3.4270), (+0.6039,3.4139), (+0.6035,3.3965), (+0.6035,3.3798), (+0.6035,3.3632), (+0.6031,3.3465), (+0.5988,3.3299), (+0.5916,3.3132), (+0.5800,3.2966)
  stroke[ 53] ( 51 pts): (+0.7700,3.2696), (+0.7534,3.2639), (+0.7367,3.2633), (+0.7201,3.2633), (+0.7034,3.2633), (+0.6868,3.2637), (+0.6701,3.2684), (+0.6527,3.2803), (+0.6527,3.2970), (+0.6701,3.3045), (+0.6876,3.3073), (+0.7011,3.3207), (+0.7034,3.3382), (+0.7062,3.3548), (+0.7114,3.3715), (+0.7118,3.3881), (+0.7114,3.4064), (+0.7201,3.4167), (+0.7288,3.4064), (+0.7284,3.3881), (+0.7284,3.3715), (+0.7292,3.3548), (+0.7256,3.3382), (+0.7213,3.3215), (+0.7177,3.3041), (+0.7177,3.3041), (+0.7213,3.3215), (+0.7256,3.3382), (+0.7292,3.3548), (+0.7284,3.3715), (+0.7276,3.3881), (+0.7312,3.4048), (+0.7359,3.4214), (+0.7447,3.4385), (+0.7617,3.4460), (+0.7784,3.4500), (+0.7954,3.4520), (+0.8045,3.4389), (+0.8010,3.4214), (+0.7875,3.4191), (+0.7688,3.4199), (+0.7637,3.4052), (+0.7776,3.3969), (+0.7954,3.3941), (+0.8037,3.3806), (+0.8033,3.3632), (+0.8033,3.3465), (+0.8041,3.3299), (+0.8006,3.3132), (+0.7958,3.2966), (+0.7861,3.2799)
  stroke[ 54] (110 pts): (+0.1050,3.2627), (+0.0862,3.2538), (+0.0704,3.2573), (+0.0612,3.2708), (+0.0648,3.2878), (+0.0783,3.2997), (+0.0957,3.3037), (+0.1124,3.3069), (+0.1290,3.3148), (+0.1457,3.3231), (+0.1623,3.3318), (+0.1790,3.3457), (+0.1956,3.3632), (+0.2119,3.3798), (+0.2238,3.3965), (+0.2289,3.4131), (+0.2349,3.4298), (+0.2436,3.4464), (+0.2464,3.4631), (+0.2456,3.4797), (+0.2456,3.4964), (+0.2464,3.5130), (+0.2428,3.5297), (+0.2373,3.5463), (+0.2313,3.5630), (+0.2230,3.5796), (+0.2123,3.5963), (+0.2012,3.6129), (+0.1881,3.6292), (+0.1707,3.6414), (+0.1540,3.6518), (+0.1374,3.6613), (+0.1207,3.6684), (+0.1041,3.6747), (+0.0874,3.6783), (+0.0704,3.6819), (+0.0612,3.6954), (+0.0648,3.7132), (+0.0783,3.7215), (+0.0957,3.7219), (+0.1124,3.7183), (+0.1290,3.7128), (+0.1457,3.7080), (+0.1623,3.7017), (+0.1790,3.6934), (+0.1956,3.6831), (+0.2123,3.6704), (+0.2289,3.6625), (+0.2456,3.6629), (+0.2622,3.6625), (+0.2789,3.6577), (+0.2955,3.6462), (+0.3122,3.6355), (+0.3288,3.6280), (+0.3455,3.6188), (+0.3621,3.6133), (+0.3788,3.6137), (+0.3958,3.6105), (+0.4045,3.5970), (+0.3958,3.5792), (+0.3788,3.5709), (+0.3621,3.5717), (+0.3455,3.5772), (+0.3288,3.5863), (+0.3122,3.5947), (+0.2955,3.6026), (+0.2789,3.6050), (+0.2606,3.6129), (+0.2503,3.6220), (+0.2610,3.6133), (+0.2702,3.5963), (+0.2725,3.5796), (+0.2813,3.5630), (+0.2868,3.5463), (+0.2876,3.5297), (+0.2928,3.5130), (+0.2963,3.4964), (+0.2963,3.4797), (+0.2928,3.4631), (+0.2884,3.4464), (+0.2852,3.4298), (+0.2773,3.4131), (+0.2682,3.3965), (+0.2618,3.3798), (+0.2646,3.3632), (+0.2781,3.3592), (+0.2955,3.3667), (+0.3122,3.3711), (+0.3288,3.3715), (+0.3455,3.3715), (+0.3621,3.3723), (+0.3792,3.3691), (+0.3883,3.3556), (+0.3847,3.3378), (+0.3712,3.3295), (+0.3538,3.3299), (+0.3371,3.3299), (+0.3205,3.3295), (+0.3039,3.3239), (+0.2872,3.3148), (+0.2706,3.3073), (+0.2539,3.3096), (+0.2373,3.3140), (+0.2206,3.3128), (+0.2040,3.3081), (+0.1873,3.2966), (+0.1707,3.2859), (+0.1540,3.2783), (+0.1374,3.2692), (+0.1207,3.2639)
  stroke[ 55] ( 45 pts): (+0.3455,3.1864), (+0.3288,3.1806), (+0.3122,3.1800), (+0.2955,3.1800), (+0.2789,3.1800), (+0.2622,3.1800), (+0.2456,3.1800), (+0.2289,3.1800), (+0.2123,3.1800), (+0.1956,3.1800), (+0.1790,3.1800), (+0.1623,3.1800), (+0.1457,3.1800), (+0.1290,3.1800), (+0.1124,3.1800), (+0.0957,3.1800), (+0.0783,3.1796), (+0.0648,3.1879), (+0.0616,3.2050), (+0.0624,3.2216), (+0.0620,3.2391), (+0.0704,3.2526), (+0.0874,3.2561), (+0.1041,3.2605), (+0.1207,3.2645), (+0.1374,3.2692), (+0.1540,3.2783), (+0.1707,3.2859), (+0.1873,3.2966), (+0.2040,3.3081), (+0.2206,3.3128), (+0.2373,3.3140), (+0.2539,3.3096), (+0.2706,3.3073), (+0.2872,3.3148), (+0.3039,3.3239), (+0.3213,3.3299), (+0.3348,3.3219), (+0.3383,3.3049), (+0.3427,3.2882), (+0.3463,3.2716), (+0.3455,3.2549), (+0.3455,3.2383), (+0.3455,3.2216), (+0.3455,3.2050)
  stroke[ 56] ( 23 pts): (+0.3954,3.1874), (+0.3788,3.1794), (+0.3613,3.1796), (+0.3479,3.1879), (+0.3447,3.2050), (+0.3455,3.2216), (+0.3455,3.2383), (+0.3455,3.2549), (+0.3463,3.2716), (+0.3427,3.2882), (+0.3368,3.3049), (+0.3395,3.3219), (+0.3530,3.3303), (+0.3704,3.3307), (+0.3875,3.3275), (+0.3958,3.3140), (+0.3954,3.2966), (+0.3954,3.2799), (+0.3954,3.2633), (+0.3954,3.2466), (+0.3954,3.2300), (+0.3954,3.2133), (+0.3954,3.1967)
  stroke[ 57] ( 18 pts): (+0.4301,3.1870), (+0.4103,3.1800), (+0.3978,3.1879), (+0.3946,3.2050), (+0.3954,3.2216), (+0.3954,3.2383), (+0.3954,3.2549), (+0.3954,3.2716), (+0.3946,3.2882), (+0.3978,3.3049), (+0.4121,3.3085), (+0.4263,3.2962), (+0.4295,3.2799), (+0.4287,3.2633), (+0.4287,3.2466), (+0.4287,3.2300), (+0.4287,3.2133), (+0.4287,3.1967)
  stroke[ 58] ( 47 pts): (+0.6785,3.1864), (+0.6618,3.1806), (+0.6452,3.1800), (+0.6285,3.1800), (+0.6119,3.1800), (+0.5952,3.1800), (+0.5786,3.1800), (+0.5619,3.1800), (+0.5453,3.1800), (+0.5286,3.1800), (+0.5120,3.1800), (+0.4953,3.1800), (+0.4779,3.1796), (+0.4652,3.1879), (+0.4585,3.2050), (+0.4541,3.2232), (+0.4537,3.2335), (+0.4541,3.2232), (+0.4600,3.2050), (+0.4604,3.1879), (+0.4454,3.1792), (+0.4311,3.1879), (+0.4279,3.2050), (+0.4287,3.2216), (+0.4287,3.2383), (+0.4287,3.2549), (+0.4279,3.2716), (+0.4311,3.2886), (+0.4446,3.2970), (+0.4620,3.2966), (+0.4787,3.2966), (+0.4953,3.2966), (+0.5120,3.2974), (+0.5286,3.2938), (+0.5453,3.2878), (+0.5619,3.2902), (+0.5786,3.2989), (+0.5952,3.3045), (+0.6119,3.3057), (+0.6285,3.3025), (+0.6452,3.2882), (+0.6626,3.2744), (+0.6761,3.2629), (+0.6793,3.2466), (+0.6785,3.2300), (+0.6785,3.2133), (+0.6785,3.1967)
  stroke[ 59] ( 13 pts): (+0.1290,3.1075), (+0.1457,3.1122), (+0.1623,3.1162), (+0.1790,3.1214), (+0.1956,3.1217), (+0.2131,3.1217), (+0.2131,3.1217), (+0.1956,3.1217), (+0.1790,3.1214), (+0.1623,3.1162), (+0.1457,3.1122), (+0.1274,3.1079), (+0.1183,3.1051)
  stroke[ 60] ( 51 pts): (+1.0604,3.0262), (+1.0477,3.0314), (+1.0440,3.0468), (+1.0451,3.0635), (+1.0503,3.0801), (+1.0531,3.0968), (+1.0558,3.1134), (+1.0610,3.1301), (+1.0614,3.1467), (+1.0614,3.1634), (+1.0614,3.1800), (+1.0614,3.1967), (+1.0618,3.2133), (+1.0669,3.2300), (+1.0705,3.2466), (+1.0697,3.2633), (+1.0689,3.2799), (+1.0721,3.2970), (+1.0856,3.3049), (+1.1030,3.2997), (+1.1197,3.2882), (+1.1363,3.2763), (+1.1530,3.2660), (+1.1696,3.2565), (+1.1863,3.2482), (+1.2029,3.2399), (+1.2204,3.2323), (+1.2338,3.2212), (+1.2362,3.2050), (+1.2390,3.1883), (+1.2441,3.1717), (+1.2445,3.1550), (+1.2437,3.1384), (+1.2481,3.1217), (+1.2501,3.1047), (+1.2370,3.0968), (+1.2196,3.1023), (+1.2029,3.1051), (+1.1859,3.1075), (+1.1768,3.1210), (+1.1807,3.1400), (+1.1855,3.1503), (+1.1807,3.1400), (+1.1775,3.1210), (+1.1700,3.1075), (+1.1530,3.1039), (+1.1363,3.0992), (+1.1197,3.0908), (+1.1030,3.0797), (+1.0868,3.0635), (+1.0751,3.0468)
  stroke[ 61] ( 22 pts): (+0.3704,2.9386), (+0.3704,2.9553), (+0.3704,2.9719), (+0.3704,2.9886), (+0.3701,3.0052), (+0.3657,3.0219), (+0.3593,3.0385), (+0.3522,3.0552), (+0.3439,3.0718), (+0.3344,3.0884), (+0.3225,3.1067), (+0.3161,3.1170), (+0.3225,3.1067), (+0.3344,3.0884), (+0.3439,3.0718), (+0.3522,3.0552), (+0.3593,3.0385), (+0.3657,3.0219), (+0.3701,3.0052), (+0.3704,2.9886), (+0.3704,2.9719), (+0.3704,2.9553)
  stroke[ 62] ( 29 pts): (+1.8023,2.9386), (+1.7856,2.9386), (+1.7690,2.9386), (+1.7523,2.9386), (+1.7357,2.9386), (+1.7190,2.9386), (+1.7024,2.9386), (+1.6857,2.9386), (+1.6691,2.9386), (+1.6524,2.9386), (+1.6358,2.9386), (+1.6191,2.9386), (+1.6025,2.9386), (+1.5858,2.9386), (+1.5684,2.9386), (+1.5684,2.9386), (+1.5858,2.9386), (+1.6025,2.9386), (+1.6191,2.9386), (+1.6358,2.9386), (+1.6524,2.9386), (+1.6691,2.9386), (+1.6857,2.9386), (+1.7024,2.9386), (+1.7190,2.9386), (+1.7357,2.9386), (+1.7523,2.9386), (+1.7690,2.9386), (+1.7856,2.9386)
  stroke[ 63] ( 12 pts): (+1.0031,2.8847), (+0.9883,2.8898), (+0.9853,2.9053), (+0.9940,2.9220), (+1.0067,2.9386), (+1.0162,2.9560), (+1.0293,2.9699), (+1.0428,2.9648), (+1.0519,2.9469), (+1.0515,2.9303), (+1.0372,2.9140), (+1.0204,2.9023)
  stroke[ 64] ( 85 pts): (+1.2525,2.8357), (+1.2368,2.8340), (+1.2271,2.8462), (+1.2219,2.8637), (+1.2140,2.8803), (+1.2081,2.8970), (+1.1954,2.9144), (+1.1779,2.9283), (+1.1613,2.9370), (+1.1446,2.9449), (+1.1280,2.9477), (+1.1113,2.9465), (+1.0947,2.9422), (+1.0780,2.9342), (+1.0618,2.9331), (+1.0507,2.9461), (+1.0424,2.9636), (+1.0372,2.9802), (+1.0412,2.9969), (+1.0479,3.0135), (+1.0614,3.0302), (+1.0753,3.0468), (+1.0868,3.0635), (+1.1030,3.0797), (+1.1197,3.0908), (+1.1363,3.0992), (+1.1538,3.1051), (+1.1668,3.0972), (+1.1645,3.0801), (+1.1546,3.0635), (+1.1470,3.0468), (+1.1359,3.0302), (+1.1197,3.0139), (+1.1022,3.0024), (+1.1022,3.0024), (+1.1197,3.0139), (+1.1359,3.0302), (+1.1470,3.0468), (+1.1546,3.0635), (+1.1629,3.0801), (+1.1716,3.0972), (+1.1855,3.1055), (+1.2029,3.1059), (+1.2196,3.1023), (+1.2362,3.0976), (+1.2533,3.0888), (+1.2616,3.0718), (+1.2616,3.0552), (+1.2659,3.0385), (+1.2731,3.0219), (+1.2778,3.0052), (+1.2842,2.9878), (+1.2842,2.9878), (+1.2778,3.0052), (+1.2731,3.0219), (+1.2659,3.0385), (+1.2608,3.0552), (+1.2636,3.0726), (+1.2770,3.0726), (+1.2945,3.0552), (+1.3115,3.0385), (+1.3203,3.0219), (+1.3250,3.0052), (+1.3286,2.9886), (+1.3278,2.9719), (+1.3282,2.9545), (+1.3199,2.9418), (+1.3028,2.9354), (+1.2862,2.9362), (+1.2695,2.9394), (+1.2529,2.9386), (+1.2346,2.9386), (+1.2243,2.9386), (+1.2346,2.9386), (+1.2529,2.9386), (+1.2695,2.9394), (+1.2862,2.9362), (+1.3028,2.9370), (+1.3199,2.9370), (+1.3278,2.9227), (+1.3226,2.9053), (+1.3099,2.8887), (+1.2973,2.8712), (+1.2858,2.8581), (+1.2701,2.8458)
  stroke[ 65] ( 25 pts): (+1.2279,2.8284), (+1.2112,2.8227), (+1.1946,2.8221), (+1.1779,2.8213), (+1.1613,2.8248), (+1.1446,2.8292), (+1.1280,2.8328), (+1.1113,2.8462), (+1.0947,2.8637), (+1.0773,2.8803), (+1.0634,2.8970), (+1.0547,2.9144), (+1.0602,2.9283), (+1.0780,2.9358), (+1.0947,2.9422), (+1.1113,2.9465), (+1.1280,2.9477), (+1.1446,2.9449), (+1.1613,2.9370), (+1.1779,2.9283), (+1.1954,2.9144), (+1.2081,2.8970), (+1.2140,2.8803), (+1.2219,2.8637), (+1.2273,2.8470)
  stroke[ 66] ( 31 pts): (+0.3853,2.8137), (+0.3776,2.8304), (+0.3685,2.8470), (+0.3546,2.8633), (+0.3371,2.8756), (+0.3205,2.8847), (+0.3039,2.8922), (+0.2872,2.8974), (+0.2706,2.8942), (+0.2539,2.8891), (+0.2373,2.8883), (+0.2206,2.8831), (+0.2040,2.8803), (+0.1873,2.8776), (+0.1707,2.8724), (+0.1532,2.8720), (+0.1532,2.8720), (+0.1707,2.8724), (+0.1873,2.8776), (+0.2040,2.8803), (+0.2206,2.8831), (+0.2373,2.8883), (+0.2539,2.8891), (+0.2706,2.8942), (+0.2872,2.8974), (+0.3039,2.8922), (+0.3205,2.8847), (+0.3371,2.8756), (+0.3546,2.8633), (+0.3685,2.8470), (+0.3770,2.8304)
  stroke[ 67] ( 78 pts): (+0.8368,2.6110), (+0.8200,2.6092), (+0.8093,2.6215), (+0.8017,2.6389), (+0.7926,2.6556), (+0.7867,2.6722), (+0.7807,2.6889), (+0.7716,2.7055), (+0.7645,2.7222), (+0.7589,2.7388), (+0.7518,2.7555), (+0.7435,2.7721), (+0.7351,2.7888), (+0.7268,2.8054), (+0.7185,2.8221), (+0.7102,2.8387), (+0.7011,2.8554), (+0.6951,2.8720), (+0.6896,2.8887), (+0.6868,2.9053), (+0.6840,2.9220), (+0.6789,2.9386), (+0.6785,2.9553), (+0.6785,2.9719), (+0.6785,2.9886), (+0.6785,3.0052), (+0.6785,3.0219), (+0.6785,3.0385), (+0.6785,3.0552), (+0.6785,3.0718), (+0.6785,3.0884), (+0.6785,3.1051), (+0.6785,3.1217), (+0.6785,3.1384), (+0.6777,3.1550), (+0.6808,3.1721), (+0.6943,3.1804), (+0.7118,3.1800), (+0.7284,3.1800), (+0.7451,3.1800), (+0.7617,3.1800), (+0.7784,3.1800), (+0.7950,3.1800), (+0.8117,3.1808), (+0.8287,3.1776), (+0.8370,3.1642), (+0.8366,3.1467), (+0.8366,3.1301), (+0.8366,3.1134), (+0.8366,3.0968), (+0.8366,3.0801), (+0.8366,3.0635), (+0.8366,3.0468), (+0.8366,3.0302), (+0.8366,3.0135), (+0.8366,2.9969), (+0.8366,2.9802), (+0.8366,2.9636), (+0.8366,2.9469), (+0.8366,2.9303), (+0.8366,2.9136), (+0.8366,2.8970), (+0.8366,2.8803), (+0.8366,2.8637), (+0.8366,2.8470), (+0.8366,2.8304), (+0.8366,2.8137), (+0.8366,2.7971), (+0.8366,2.7804), (+0.8366,2.7638), (+0.8366,2.7471), (+0.8366,2.7305), (+0.8366,2.7138), (+0.8366,2.6972), (+0.8366,2.6805), (+0.8366,2.6639), (+0.8366,2.6472), (+0.8366,2.6306)
  stroke[ 68] (130 pts): (+0.1124,2.5630), (+0.0957,2.5551), (+0.0783,2.5553), (+0.0648,2.5636), (+0.0616,2.5806), (+0.0624,2.5973), (+0.0624,2.6139), (+0.0624,2.6306), (+0.0624,2.6472), (+0.0624,2.6639), (+0.0624,2.6805), (+0.0624,2.6972), (+0.0624,2.7138), (+0.0624,2.7305), (+0.0624,2.7471), (+0.0624,2.7638), (+0.0624,2.7804), (+0.0624,2.7971), (+0.0624,2.8137), (+0.0624,2.8304), (+0.0624,2.8470), (+0.0624,2.8637), (+0.0624,2.8803), (+0.0624,2.8970), (+0.0624,2.9136), (+0.0624,2.9303), (+0.0624,2.9469), (+0.0624,2.9636), (+0.0624,2.9802), (+0.0624,2.9969), (+0.0624,3.0135), (+0.0624,3.0302), (+0.0624,3.0468), (+0.0624,3.0635), (+0.0624,3.0801), (+0.0624,3.0968), (+0.0624,3.1134), (+0.0624,3.1301), (+0.0624,3.1467), (+0.0620,3.1642), (+0.0704,3.1776), (+0.0874,3.1808), (+0.1041,3.1800), (+0.1207,3.1800), (+0.1374,3.1800), (+0.1540,3.1800), (+0.1707,3.1800), (+0.1873,3.1800), (+0.2040,3.1800), (+0.2206,3.1800), (+0.2373,3.1800), (+0.2539,3.1800), (+0.2706,3.1800), (+0.2872,3.1800), (+0.3039,3.1800), (+0.3213,3.1804), (+0.3340,3.1713), (+0.3403,3.1713), (+0.3530,3.1804), (+0.3704,3.1808), (+0.3875,3.1776), (+0.3958,3.1642), (+0.3954,3.1467), (+0.3946,3.1301), (+0.3982,3.1134), (+0.4033,3.0968), (+0.4037,3.0801), (+0.4037,3.0635), (+0.4037,3.0468), (+0.4037,3.0302), (+0.4037,3.0135), (+0.4041,2.9969), (+0.4093,2.9802), (+0.4129,2.9636), (+0.4121,2.9469), (+0.4121,2.9303), (+0.4125,2.9136), (+0.4176,2.8970), (+0.4212,2.8803), (+0.4204,2.8637), (+0.4204,2.8470), (+0.4200,2.8304), (+0.4156,2.8137), (+0.4093,2.7971), (+0.4022,2.7804), (+0.3934,2.7622), (+0.3796,2.7527), (+0.3621,2.7463), (+0.3455,2.7305), (+0.3288,2.7138), (+0.3122,2.6972), (+0.2955,2.6805), (+0.2789,2.6643), (+0.2622,2.6520), (+0.2456,2.6417), (+0.2289,2.6322), (+0.2123,2.6250), (+0.1956,2.6187), (+0.1782,2.6143), (+0.1782,2.6143), (+0.1956,2.6187), (+0.2123,2.6250), (+0.2289,2.6322), (+0.2456,2.6417), (+0.2622,2.6520), (+0.2789,2.6643), (+0.2955,2.6805), (+0.3122,2.6972), (+0.3288,2.7138), (+0.3455,2.7305), (+0.3629,2.7479), (+0.3772,2.7479), (+0.3764,2.7305), (+0.3657,2.7138), (+0.3538,2.6972), (+0.3427,2.6805), (+0.3296,2.6639), (+0.3126,2.6472), (+0.3011,2.6310), (+0.2880,2.6187), (+0.2706,2.6084), (+0.2539,2.5989), (+0.2373,2.5906), (+0.2206,2.5826), (+0.2040,2.5795), (+0.1873,2.5751), (+0.1707,2.5711), (+0.1540,2.5668), (+0.1374,2.5634), (+0.1207,2.5644)
  stroke[ 69] ( 28 pts): (+0.7534,2.5636), (+0.7367,2.5812), (+0.7201,2.5953), (+0.7034,2.6040), (+0.6868,2.6112), (+0.6693,2.6171), (+0.6563,2.6298), (+0.6452,2.6472), (+0.6333,2.6639), (+0.6238,2.6805), (+0.6115,2.6972), (+0.5936,2.7154), (+0.5833,2.7257), (+0.5936,2.7154), (+0.6115,2.6972), (+0.6238,2.6805), (+0.6333,2.6639), (+0.6452,2.6472), (+0.6567,2.6306), (+0.6618,2.6139), (+0.6674,2.5957), (+0.6717,2.5854), (+0.6670,2.5965), (+0.6701,2.6124), (+0.6868,2.6128), (+0.7034,2.6040), (+0.7201,2.5953), (+0.7367,2.5812)
  stroke[ 70] ( 15 pts): (+0.7538,2.4391), (+0.7480,2.4558), (+0.7363,2.4724), (+0.7201,2.4887), (+0.7034,2.5010), (+0.6868,2.5101), (+0.6701,2.5176), (+0.6527,2.5220), (+0.6527,2.5220), (+0.6701,2.5176), (+0.6868,2.5101), (+0.7034,2.5010), (+0.7201,2.4887), (+0.7363,2.4724), (+0.7480,2.4558)
  stroke[ 71] ( 38 pts): (+1.1345,2.3809), (+1.1435,2.3975), (+1.1502,2.4142), (+1.1565,2.4308), (+1.1613,2.4475), (+1.1660,2.4641), (+1.1732,2.4807), (+1.1779,2.4974), (+1.1827,2.5140), (+1.1898,2.5307), (+1.1946,2.5473), (+1.1993,2.5640), (+1.2065,2.5806), (+1.2100,2.5973), (+1.2140,2.6139), (+1.2192,2.6306), (+1.2200,2.6472), (+1.2251,2.6639), (+1.2287,2.6821), (+1.2279,2.6924), (+1.2287,2.6821), (+1.2251,2.6639), (+1.2200,2.6472), (+1.2192,2.6306), (+1.2140,2.6139), (+1.2100,2.5973), (+1.2065,2.5806), (+1.1993,2.5640), (+1.1946,2.5473), (+1.1898,2.5307), (+1.1827,2.5140), (+1.1779,2.4974), (+1.1732,2.4807), (+1.1660,2.4641), (+1.1613,2.4475), (+1.1565,2.4308), (+1.1502,2.4142), (+1.1423,2.3975)
  stroke[ 72] (126 pts): (+0.0880,2.3113), (+0.0702,2.3095), (+0.0620,2.3218), (+0.0624,2.3392), (+0.0624,2.3559), (+0.0624,2.3725), (+0.0624,2.3892), (+0.0624,2.4058), (+0.0624,2.4225), (+0.0624,2.4391), (+0.0624,2.4558), (+0.0624,2.4724), (+0.0624,2.4891), (+0.0624,2.5057), (+0.0624,2.5224), (+0.0620,2.5398), (+0.0704,2.5533), (+0.0874,2.5557), (+0.1041,2.5584), (+0.1207,2.5636), (+0.1374,2.5632), (+0.1540,2.5668), (+0.1707,2.5711), (+0.1873,2.5751), (+0.2040,2.5795), (+0.2206,2.5826), (+0.2373,2.5906), (+0.2539,2.5989), (+0.2706,2.6084), (+0.2880,2.6187), (+0.3011,2.6310), (+0.3126,2.6472), (+0.3296,2.6639), (+0.3427,2.6805), (+0.3538,2.6972), (+0.3657,2.7138), (+0.3760,2.7305), (+0.3855,2.7471), (+0.3938,2.7638), (+0.4022,2.7804), (+0.4093,2.7971), (+0.4156,2.8137), (+0.4200,2.8304), (+0.4204,2.8470), (+0.4204,2.8637), (+0.4212,2.8803), (+0.4176,2.8970), (+0.4125,2.9136), (+0.4121,2.9303), (+0.4121,2.9469), (+0.4129,2.9636), (+0.4093,2.9802), (+0.4041,2.9969), (+0.4037,3.0135), (+0.4037,3.0302), (+0.4037,3.0468), (+0.4037,3.0635), (+0.4037,3.0801), (+0.4033,3.0968), (+0.3982,3.1134), (+0.3946,3.1301), (+0.3954,3.1467), (+0.3950,3.1642), (+0.4033,3.1784), (+0.4208,3.1784), (+0.4291,3.1642), (+0.4291,3.1467), (+0.4343,3.1301), (+0.4378,3.1134), (+0.4370,3.0968), (+0.4370,3.0801), (+0.4370,3.0635), (+0.4370,3.0468), (+0.4374,3.0302), (+0.4426,3.0135), (+0.4462,2.9969), (+0.4454,2.9802), (+0.4454,2.9636), (+0.4446,2.9469), (+0.4481,2.9303), (+0.4533,2.9136), (+0.4537,2.8970), (+0.4537,2.8803), (+0.4537,2.8637), (+0.4537,2.8470), (+0.4537,2.8304), (+0.4537,2.8137), (+0.4541,2.7971), (+0.4454,2.7804), (+0.4363,2.7638), (+0.4319,2.7471), (+0.4204,2.7305), (+0.4097,2.7138), (+0.4018,2.6972), (+0.3883,2.6805), (+0.3760,2.6639), (+0.3621,2.6472), (+0.3482,2.6306), (+0.3368,2.6139), (+0.3205,2.5965), (+0.3039,2.5834), (+0.2872,2.5723), (+0.2706,2.5608), (+0.2539,2.5557), (+0.2373,2.5501), (+0.2206,2.5462), (+0.2040,2.5418), (+0.1873,2.5378), (+0.1707,2.5335), (+0.1540,2.5299), (+0.1374,2.5303), (+0.1207,2.5251), (+0.1041,2.5224), (+0.0870,2.5200), (+0.0787,2.5065), (+0.0791,2.4891), (+0.0791,2.4724), (+0.0791,2.4558), (+0.0791,2.4391), (+0.0791,2.4225), (+0.0791,2.4058), (+0.0791,2.3892), (+0.0791,2.3725), (+0.0791,2.3559), (+0.0791,2.3392), (+0.0791,2.3226)
  stroke[ 73] ( 87 pts): (+0.1138,2.3113), (+0.0939,2.3095), (+0.0815,2.3218), (+0.0783,2.3392), (+0.0791,2.3559), (+0.0791,2.3725), (+0.0791,2.3892), (+0.0791,2.4058), (+0.0791,2.4225), (+0.0791,2.4391), (+0.0791,2.4558), (+0.0791,2.4724), (+0.0791,2.4891), (+0.0787,2.5065), (+0.0870,2.5200), (+0.1041,2.5224), (+0.1207,2.5251), (+0.1374,2.5303), (+0.1540,2.5299), (+0.1707,2.5335), (+0.1873,2.5378), (+0.2040,2.5418), (+0.2206,2.5462), (+0.2373,2.5501), (+0.2539,2.5557), (+0.2706,2.5608), (+0.2872,2.5723), (+0.3039,2.5834), (+0.3205,2.5965), (+0.3368,2.6139), (+0.3482,2.6306), (+0.3621,2.6472), (+0.3760,2.6639), (+0.3883,2.6805), (+0.4018,2.6972), (+0.4097,2.7138), (+0.4204,2.7305), (+0.4319,2.7471), (+0.4363,2.7654), (+0.4458,2.7757), (+0.4596,2.7654), (+0.4628,2.7471), (+0.4620,2.7305), (+0.4624,2.7123), (+0.4533,2.7019), (+0.4537,2.6992), (+0.4684,2.6885), (+0.4767,2.6722), (+0.4795,2.6556), (+0.4791,2.6389), (+0.4834,2.6223), (+0.4906,2.6056), (+0.4941,2.5890), (+0.4981,2.5723), (+0.5025,2.5557), (+0.5064,2.5390), (+0.5120,2.5224), (+0.5167,2.5057), (+0.5239,2.4891), (+0.5286,2.4724), (+0.5342,2.4558), (+0.5381,2.4391), (+0.5290,2.4221), (+0.5120,2.4138), (+0.4953,2.4138), (+0.4787,2.4086), (+0.4620,2.4058), (+0.4454,2.4031), (+0.4287,2.3979), (+0.4121,2.3983), (+0.3954,2.3947), (+0.3788,2.3896), (+0.3621,2.3888), (+0.3455,2.3836), (+0.3288,2.3801), (+0.3122,2.3805), (+0.2955,2.3753), (+0.2789,2.3717), (+0.2622,2.3721), (+0.2456,2.3670), (+0.2289,2.3642), (+0.2123,2.3614), (+0.1956,2.3563), (+0.1790,2.3555), (+0.1623,2.3507), (+0.1457,2.3392), (+0.1290,2.3285)
  stroke[ 74] ( 65 pts): (+0.6452,2.3123), (+0.6285,2.3065), (+0.6119,2.3059), (+0.5952,2.3059), (+0.5786,2.3059), (+0.5619,2.3059), (+0.5453,2.3059), (+0.5286,2.3059), (+0.5120,2.3059), (+0.4953,2.3059), (+0.4787,2.3059), (+0.4620,2.3059), (+0.4454,2.3059), (+0.4287,2.3059), (+0.4121,2.3059), (+0.3954,2.3059), (+0.3788,2.3059), (+0.3621,2.3059), (+0.3455,2.3059), (+0.3288,2.3059), (+0.3122,2.3059), (+0.2955,2.3059), (+0.2789,2.3059), (+0.2622,2.3059), (+0.2456,2.3059), (+0.2289,2.3059), (+0.2123,2.3059), (+0.1956,2.3059), (+0.1790,2.3059), (+0.1623,2.3059), (+0.1457,2.3059), (+0.1274,2.3055), (+0.1171,2.3147), (+0.1274,2.3281), (+0.1457,2.3392), (+0.1623,2.3507), (+0.1790,2.3555), (+0.1956,2.3563), (+0.2123,2.3614), (+0.2289,2.3642), (+0.2456,2.3670), (+0.2622,2.3721), (+0.2789,2.3717), (+0.2955,2.3753), (+0.3122,2.3805), (+0.3288,2.3801), (+0.3455,2.3836), (+0.3621,2.3888), (+0.3788,2.3896), (+0.3954,2.3947), (+0.4121,2.3983), (+0.4287,2.3979), (+0.4454,2.4031), (+0.4620,2.4058), (+0.4787,2.4086), (+0.4953,2.4138), (+0.5120,2.4145), (+0.5286,2.4205), (+0.5453,2.4209), (+0.5627,2.4066), (+0.5758,2.3892), (+0.5873,2.3725), (+0.6035,2.3559), (+0.6202,2.3392), (+0.6368,2.3226)
  stroke[ 75] ( 22 pts): (+0.7367,2.3123), (+0.7201,2.3065), (+0.7034,2.3059), (+0.6868,2.3059), (+0.6701,2.3051), (+0.6535,2.3083), (+0.6368,2.3218), (+0.6202,2.3392), (+0.6035,2.3559), (+0.5873,2.3725), (+0.5742,2.3892), (+0.5675,2.4062), (+0.5770,2.4142), (+0.5952,2.4094), (+0.6119,2.4031), (+0.6285,2.3959), (+0.6452,2.3876), (+0.6618,2.3793), (+0.6785,2.3705), (+0.6951,2.3571), (+0.7118,2.3448), (+0.7284,2.3309)
  stroke[ 76] (222 pts): (+0.7867,2.3041), (+0.7700,2.2982), (+0.7526,2.3028), (+0.7395,2.3147), (+0.7280,2.3317), (+0.7118,2.3448), (+0.6951,2.3571), (+0.6785,2.3705), (+0.6618,2.3793), (+0.6452,2.3876), (+0.6285,2.3959), (+0.6119,2.4031), (+0.5952,2.4094), (+0.5786,2.4138), (+0.5619,2.4138), (+0.5449,2.4221), (+0.5373,2.4391), (+0.5342,2.4558), (+0.5286,2.4724), (+0.5239,2.4891), (+0.5167,2.5057), (+0.5120,2.5224), (+0.5064,2.5390), (+0.5025,2.5557), (+0.4981,2.5723), (+0.4941,2.5890), (+0.4906,2.6056), (+0.4834,2.6223), (+0.4791,2.6389), (+0.4783,2.6572), (+0.4866,2.6675), (+0.5036,2.6572), (+0.5203,2.6389), (+0.5369,2.6223), (+0.5532,2.6056), (+0.5647,2.5890), (+0.5774,2.5723), (+0.5905,2.5557), (+0.6008,2.5390), (+0.6091,2.5224), (+0.6154,2.5057), (+0.6198,2.4883), (+0.6198,2.4883), (+0.6154,2.5057), (+0.6091,2.5224), (+0.6008,2.5390), (+0.5905,2.5557), (+0.5774,2.5723), (+0.5647,2.5890), (+0.5532,2.6056), (+0.5369,2.6223), (+0.5203,2.6389), (+0.5036,2.6564), (+0.4862,2.6694), (+0.4723,2.6809), (+0.4640,2.6972), (+0.4612,2.7138), (+0.4620,2.7305), (+0.4628,2.7471), (+0.4592,2.7638), (+0.4541,2.7804), (+0.4529,2.7971), (+0.4561,2.8137), (+0.4696,2.8312), (+0.4870,2.8443), (+0.5036,2.8565), (+0.5203,2.8700), (+0.5369,2.8795), (+0.5536,2.8847), (+0.5702,2.8784), (+0.5869,2.8673), (+0.6035,2.8550), (+0.6210,2.8387), (+0.6341,2.8221), (+0.6464,2.8054), (+0.6598,2.7888), (+0.6685,2.7721), (+0.6769,2.7555), (+0.6840,2.7388), (+0.6896,2.7222), (+0.6975,2.7055), (+0.7034,2.6889), (+0.7090,2.6706), (+0.7118,2.6603), (+0.7141,2.6714), (+0.7276,2.6730), (+0.7466,2.6540), (+0.7569,2.6437), (+0.7466,2.6540), (+0.7284,2.6722), (+0.7110,2.6889), (+0.6971,2.7055), (+0.6896,2.7222), (+0.6840,2.7388), (+0.6769,2.7555), (+0.6685,2.7721), (+0.6598,2.7888), (+0.6464,2.8054), (+0.6341,2.8221), (+0.6210,2.8387), (+0.6035,2.8550), (+0.5869,2.8673), (+0.5702,2.8784), (+0.5536,2.8847), (+0.5369,2.8795), (+0.5203,2.8700), (+0.5036,2.8565), (+0.4870,2.8443), (+0.4696,2.8304), (+0.4561,2.8296), (+0.4529,2.8470), (+0.4537,2.8637), (+0.4537,2.8803), (+0.4537,2.8970), (+0.4533,2.9136), (+0.4481,2.9303), (+0.4446,2.9469), (+0.4454,2.9636), (+0.4454,2.9802), (+0.4462,2.9969), (+0.4426,3.0135), (+0.4374,3.0302), (+0.4370,3.0468), (+0.4370,3.0635), (+0.4370,3.0801), (+0.4370,3.0968), (+0.4378,3.1134), (+0.4343,3.1301), (+0.4291,3.1467), (+0.4283,3.1642), (+0.4366,3.1784), (+0.4533,3.1784), (+0.4652,3.1642), (+0.4699,3.1467), (+0.4696,3.1301), (+0.4731,3.1134), (+0.4787,3.0968), (+0.4834,3.0801), (+0.4898,3.0635), (+0.4969,3.0468), (+0.5052,3.0302), (+0.5147,3.0135), (+0.5250,2.9969), (+0.5389,2.9786), (+0.5488,2.9683), (+0.5389,2.9786), (+0.5250,2.9969), (+0.5147,3.0135), (+0.5052,3.0302), (+0.4969,3.0468), (+0.4898,3.0635), (+0.4834,3.0801), (+0.4787,3.0968), (+0.4731,3.1134), (+0.4696,3.1301), (+0.4699,3.1467), (+0.4644,3.1642), (+0.4692,3.1776), (+0.4870,3.1808), (+0.5036,3.1800), (+0.5203,3.1800), (+0.5369,3.1800), (+0.5536,3.1800), (+0.5702,3.1800), (+0.5869,3.1800), (+0.6035,3.1800), (+0.6202,3.1800), (+0.6368,3.1800), (+0.6535,3.1808), (+0.6705,3.1776), (+0.6789,3.1642), (+0.6785,3.1467), (+0.6785,3.1301), (+0.6785,3.1134), (+0.6785,3.0968), (+0.6785,3.0801), (+0.6785,3.0635), (+0.6785,3.0468), (+0.6785,3.0302), (+0.6785,3.0135), (+0.6785,2.9969), (+0.6785,2.9802), (+0.6785,2.9636), (+0.6777,2.9469), (+0.6812,2.9303), (+0.6864,2.9136), (+0.6872,2.8970), (+0.6915,2.8803), (+0.6979,2.8637), (+0.7050,2.8470), (+0.7133,2.8304), (+0.7217,2.8137), (+0.7300,2.7971), (+0.7383,2.7804), (+0.7466,2.7638), (+0.7558,2.7471), (+0.7617,2.7305), (+0.7677,2.7138), (+0.7768,2.6972), (+0.7839,2.6805), (+0.7895,2.6639), (+0.7966,2.6472), (+0.8049,2.6306), (+0.8144,2.6139), (+0.8251,2.5973), (+0.8291,2.5806), (+0.8287,2.5640), (+0.8343,2.5473), (+0.8430,2.5307), (+0.8457,2.5140), (+0.8446,2.4974), (+0.8394,2.4807), (+0.8358,2.4641), (+0.8366,2.4475), (+0.8366,2.4308), (+0.8366,2.4142), (+0.8374,2.3975), (+0.8339,2.3809), (+0.8291,2.3642), (+0.8204,2.3476), (+0.8051,2.3309), (+0.7920,2.3143)
  stroke[ 77] (  8 pts): (+0.8126,2.2946), (+0.7938,2.2928), (+0.7883,2.3051), (+0.7970,2.3226), (+0.8117,2.3400), (+0.8259,2.3400), (+0.8299,2.3226), (+0.8259,2.3059)
  stroke[ 78] (  7 pts): (+1.1936,2.2810), (+1.1958,2.2976), (+1.1942,2.3143), (+1.1882,2.3317), (+1.1882,2.3317), (+1.1942,2.3143), (+1.1952,2.2976)
  stroke[ 79] (  7 pts): (+0.8293,2.2621), (+0.8105,2.2584), (+0.7938,2.2663), (+0.7887,2.2798), (+0.8025,2.2932), (+0.8204,2.2948), (+0.8283,2.2827)
  stroke[ 80] ( 17 pts): (+0.7700,2.2296), (+0.7534,2.2227), (+0.7367,2.2306), (+0.7201,2.2477), (+0.7034,2.2643), (+0.6852,2.2810), (+0.6749,2.2980), (+0.6852,2.3063), (+0.7034,2.3059), (+0.7201,2.3059), (+0.7367,2.3067), (+0.7534,2.3032), (+0.7708,2.2984), (+0.7843,2.2897), (+0.7871,2.2726), (+0.7813,2.2560), (+0.7704,2.2393)
  stroke[ 81] (  9 pts): (+0.0880,2.1864), (+0.0702,2.1846), (+0.0620,2.1969), (+0.0620,2.2152), (+0.0704,2.2294), (+0.0874,2.2298), (+0.1052,2.2207), (+0.1100,2.2072), (+0.0961,2.1953)
  stroke[ 82] ( 16 pts): (+0.8713,2.1521), (+0.8515,2.1573), (+0.8390,2.1727), (+0.8354,2.1902), (+0.8446,2.2041), (+0.8616,2.2116), (+0.8783,2.2179), (+0.8949,2.2223), (+0.9116,2.2227), (+0.9282,2.2235), (+0.9456,2.2195), (+0.9456,2.2096), (+0.9282,2.1977), (+0.9116,2.1858), (+0.8949,2.1757), (+0.8783,2.1650)
  stroke[ 83] (  9 pts): (+0.8622,2.1032), (+0.8444,2.1014), (+0.8370,2.1137), (+0.8339,2.1311), (+0.8283,2.1486), (+0.8362,2.1624), (+0.8537,2.1573), (+0.8620,2.1394), (+0.8628,2.1228)
  stroke[ 84] (  9 pts): (+0.8872,2.1032), (+0.8693,2.1014), (+0.8612,2.1137), (+0.8612,2.1327), (+0.8695,2.1422), (+0.8866,2.1347), (+0.9048,2.1252), (+0.9151,2.1137), (+0.9056,2.1067)
  stroke[ 85] ( 52 pts): (+0.1050,2.0623), (+0.0862,2.0586), (+0.0712,2.0665), (+0.0593,2.0804), (+0.0545,2.0978), (+0.0533,2.1145), (+0.0569,2.1311), (+0.0620,2.1478), (+0.0620,2.1652), (+0.0704,2.1783), (+0.0874,2.1902), (+0.1041,2.1981), (+0.1223,2.1977), (+0.1326,2.1969), (+0.1227,2.2001), (+0.1096,2.2132), (+0.0965,2.2259), (+0.0783,2.2302), (+0.0648,2.2389), (+0.0612,2.2568), (+0.0704,2.2703), (+0.0874,2.2742), (+0.1041,2.2699), (+0.1207,2.2643), (+0.1374,2.2584), (+0.1540,2.2500), (+0.1707,2.2393), (+0.1873,2.2282), (+0.2040,2.2152), (+0.2202,2.1977), (+0.2325,2.1811), (+0.2428,2.1644), (+0.2511,2.1478), (+0.2575,2.1311), (+0.2622,2.1145), (+0.2682,2.0978), (+0.2626,2.0804), (+0.2476,2.0804), (+0.2396,2.0978), (+0.2289,2.1145), (+0.2178,2.1311), (+0.2047,2.1482), (+0.1873,2.1561), (+0.1699,2.1648), (+0.1703,2.1652), (+0.1798,2.1478), (+0.1841,2.1311), (+0.1829,2.1145), (+0.1703,2.0970), (+0.1540,2.0831), (+0.1374,2.0744), (+0.1207,2.0669)
  stroke[ 86] (  8 pts): (+0.8440,2.0356), (+0.8313,2.0407), (+0.8275,2.0562), (+0.8279,2.0728), (+0.8370,2.0903), (+0.8509,2.0903), (+0.8541,2.0728), (+0.8539,2.0562)
  stroke[ 87] ( 28 pts): (+0.7540,2.0282), (+0.7361,2.0265), (+0.7272,2.0387), (+0.7312,2.0562), (+0.7367,2.0728), (+0.7427,2.0895), (+0.7518,2.1061), (+0.7589,2.1228), (+0.7645,2.1394), (+0.7724,2.1561), (+0.7784,2.1727), (+0.7843,2.1894), (+0.7926,2.2060), (+0.8037,2.2243), (+0.8196,2.2346), (+0.8315,2.2243), (+0.8362,2.2060), (+0.8366,2.1894), (+0.8362,2.1727), (+0.8303,2.1561), (+0.8303,2.1394), (+0.8362,2.1228), (+0.8374,2.1061), (+0.8343,2.0899), (+0.8208,2.0788), (+0.8033,2.0701), (+0.7867,2.0598), (+0.7700,2.0473)
  stroke[ 88] ( 32 pts): (+0.0880,1.9700), (+0.0702,1.9682), (+0.0620,1.9805), (+0.0624,1.9979), (+0.0624,2.0146), (+0.0624,2.0312), (+0.0620,2.0487), (+0.0704,2.0617), (+0.0874,2.0602), (+0.1041,2.0602), (+0.1207,2.0673), (+0.1374,2.0744), (+0.1540,2.0831), (+0.1703,2.0970), (+0.1829,2.1145), (+0.1833,2.1311), (+0.1818,2.1490), (+0.1948,2.1541), (+0.2119,2.1402), (+0.2242,2.1228), (+0.2345,2.1061), (+0.2436,2.0895), (+0.2468,2.0728), (+0.2376,2.0566), (+0.2206,2.0443), (+0.2040,2.0340), (+0.1873,2.0253), (+0.1707,2.0138), (+0.1540,2.0066), (+0.1374,2.0035), (+0.1207,1.9987), (+0.1041,1.9890)
  stroke[ 89] ( 37 pts): (+0.0781,1.8441), (+0.0654,1.8493), (+0.0616,1.8647), (+0.0624,1.8814), (+0.0624,1.8980), (+0.0624,1.9147), (+0.0620,1.9321), (+0.0704,1.9452), (+0.0874,1.9575), (+0.1041,1.9698), (+0.1207,1.9761), (+0.1374,1.9896), (+0.1540,2.0035), (+0.1707,2.0146), (+0.1873,2.0253), (+0.2040,2.0340), (+0.2206,2.0443), (+0.2373,2.0566), (+0.2547,2.0736), (+0.2682,2.0736), (+0.2713,2.0562), (+0.2713,2.0395), (+0.2678,2.0229), (+0.2634,2.0062), (+0.2602,1.9896), (+0.2523,1.9729), (+0.2440,1.9563), (+0.2345,1.9396), (+0.2242,1.9230), (+0.2119,1.9067), (+0.1956,1.8952), (+0.1790,1.8826), (+0.1623,1.8707), (+0.1457,1.8623), (+0.1290,1.8576), (+0.1124,1.8536), (+0.0957,1.8493)
  stroke[ 90] ( 57 pts): (+0.6632,1.8118), (+0.6434,1.8100), (+0.6309,1.8223), (+0.6277,1.8398), (+0.6289,1.8564), (+0.6341,1.8730), (+0.6380,1.8897), (+0.6424,1.9063), (+0.6464,1.9230), (+0.6499,1.9396), (+0.6571,1.9563), (+0.6618,1.9729), (+0.6678,1.9896), (+0.6757,2.0062), (+0.6820,2.0229), (+0.6868,2.0395), (+0.6927,2.0562), (+0.7007,2.0728), (+0.7062,2.0895), (+0.7141,2.1061), (+0.7201,2.1228), (+0.7260,2.1394), (+0.7351,2.1561), (+0.7423,2.1727), (+0.7486,2.1894), (+0.7526,2.2060), (+0.7609,2.2227), (+0.7724,2.2393), (+0.7803,2.2564), (+0.7942,2.2651), (+0.8128,2.2564), (+0.8180,2.2393), (+0.8045,2.2227), (+0.7926,2.2060), (+0.7843,2.1894), (+0.7784,2.1727), (+0.7724,2.1561), (+0.7645,2.1394), (+0.7589,2.1228), (+0.7518,2.1061), (+0.7427,2.0895), (+0.7367,2.0728), (+0.7312,2.0562), (+0.7272,2.0395), (+0.7237,2.0229), (+0.7165,2.0062), (+0.7118,1.9896), (+0.7058,1.9729), (+0.6971,1.9563), (+0.6939,1.9396), (+0.6896,1.9230), (+0.6868,1.9063), (+0.6840,1.8897), (+0.6793,1.8730), (+0.6701,1.8564), (+0.6624,1.8398), (+0.6614,1.8231)
  stroke[ 91] (138 pts): (+0.4287,1.7456), (+0.4121,1.7428), (+0.3954,1.7482), (+0.3788,1.7529), (+0.3621,1.7601), (+0.3455,1.7636), (+0.3288,1.7676), (+0.3122,1.7728), (+0.2955,1.7735), (+0.2789,1.7787), (+0.2622,1.7823), (+0.2456,1.7819), (+0.2289,1.7870), (+0.2123,1.7906), (+0.1956,1.7898), (+0.1790,1.7890), (+0.1623,1.7926), (+0.1457,1.7977), (+0.1290,1.7981), (+0.1124,1.7981), (+0.0957,1.7981), (+0.0783,1.7977), (+0.0648,1.8061), (+0.0612,1.8231), (+0.0704,1.8401), (+0.0874,1.8477), (+0.1041,1.8508), (+0.1207,1.8552), (+0.1374,1.8584), (+0.1540,1.8663), (+0.1707,1.8750), (+0.1873,1.8885), (+0.2047,1.9008), (+0.2178,1.9139), (+0.2289,1.9313), (+0.2396,1.9480), (+0.2472,1.9646), (+0.2563,1.9813), (+0.2610,1.9979), (+0.2650,2.0146), (+0.2702,2.0312), (+0.2706,2.0479), (+0.2706,2.0645), (+0.2713,2.0812), (+0.2678,2.0978), (+0.2622,2.1145), (+0.2575,2.1311), (+0.2511,2.1478), (+0.2428,2.1644), (+0.2325,2.1811), (+0.2202,2.1977), (+0.2040,2.2152), (+0.1873,2.2282), (+0.1707,2.2393), (+0.1540,2.2500), (+0.1374,2.2584), (+0.1207,2.2643), (+0.1041,2.2699), (+0.0874,2.2734), (+0.0700,2.2722), (+0.0557,2.2806), (+0.0557,2.2980), (+0.0700,2.3063), (+0.0874,2.3059), (+0.1041,2.3059), (+0.1207,2.3059), (+0.1374,2.3059), (+0.1540,2.3059), (+0.1707,2.3059), (+0.1873,2.3059), (+0.2040,2.3059), (+0.2206,2.3059), (+0.2373,2.3059), (+0.2539,2.3059), (+0.2706,2.3059), (+0.2872,2.3059), (+0.3039,2.3059), (+0.3205,2.3059), (+0.3371,2.3059), (+0.3538,2.3059), (+0.3704,2.3059), (+0.3871,2.3059), (+0.4037,2.3059), (+0.4204,2.3059), (+0.4370,2.3059), (+0.4537,2.3059), (+0.4703,2.3059), (+0.4870,2.3059), (+0.5036,2.3059), (+0.5203,2.3059), (+0.5369,2.3059), (+0.5536,2.3059), (+0.5702,2.3059), (+0.5869,2.3059), (+0.6035,2.3059), (+0.6202,2.3059), (+0.6368,2.3059), (+0.6535,2.3063), (+0.6701,2.2980), (+0.6868,2.2810), (+0.7034,2.2643), (+0.7201,2.2477), (+0.7375,2.2310), (+0.7518,2.2144), (+0.7514,2.1977), (+0.7451,2.1811), (+0.7391,2.1644), (+0.7300,2.1478), (+0.7229,2.1311), (+0.7173,2.1145), (+0.7094,2.0978), (+0.7034,2.0812), (+0.6975,2.0645), (+0.6896,2.0479), (+0.6832,2.0312), (+0.6785,2.0146), (+0.6725,1.9979), (+0.6646,1.9813), (+0.6582,1.9646), (+0.6535,1.9480), (+0.6479,1.9313), (+0.6440,1.9147), (+0.6396,1.8980), (+0.6356,1.8814), (+0.6313,1.8647), (+0.6281,1.8473), (+0.6206,1.8338), (+0.6035,1.8306), (+0.5869,1.8314), (+0.5702,1.8310), (+0.5536,1.8267), (+0.5369,1.8203), (+0.5203,1.8120), (+0.5036,1.8009), (+0.4870,1.7914), (+0.4703,1.7839), (+0.4537,1.7732), (+0.4370,1.7563)
  stroke[ 92] ( 47 pts): (+0.4287,1.7040), (+0.4121,1.7042), (+0.3954,1.7101), (+0.3788,1.7137), (+0.3621,1.7177), (+0.3455,1.7220), (+0.3288,1.7260), (+0.3122,1.7311), (+0.2955,1.7319), (+0.2789,1.7371), (+0.2622,1.7406), (+0.2456,1.7403), (+0.2289,1.7454), (+0.2123,1.7490), (+0.1956,1.7474), (+0.1790,1.7510), (+0.1623,1.7561), (+0.1457,1.7565), (+0.1290,1.7565), (+0.1124,1.7565), (+0.0957,1.7565), (+0.0783,1.7561), (+0.0648,1.7644), (+0.0612,1.7823), (+0.0704,1.7957), (+0.0874,1.7989), (+0.1041,1.7981), (+0.1207,1.7981), (+0.1374,1.7989), (+0.1540,1.7954), (+0.1707,1.7902), (+0.1873,1.7898), (+0.2040,1.7898), (+0.2206,1.7894), (+0.2373,1.7843), (+0.2539,1.7807), (+0.2706,1.7811), (+0.2872,1.7759), (+0.3039,1.7732), (+0.3205,1.7704), (+0.3371,1.7660), (+0.3538,1.7621), (+0.3704,1.7565), (+0.3871,1.7517), (+0.4037,1.7454), (+0.4208,1.7379), (+0.4287,1.7238)
  stroke[ 93] ( 73 pts): (+0.8366,1.6715), (+0.8200,1.6655), (+0.8033,1.6709), (+0.7867,1.6792), (+0.7700,1.6903), (+0.7534,1.7066), (+0.7371,1.7232), (+0.7260,1.7399), (+0.7185,1.7565), (+0.7102,1.7732), (+0.7011,1.7898), (+0.6951,1.8065), (+0.6896,1.8231), (+0.6868,1.8398), (+0.6840,1.8564), (+0.6793,1.8730), (+0.6840,1.8897), (+0.6868,1.9063), (+0.6896,1.9230), (+0.6939,1.9396), (+0.6971,1.9563), (+0.7058,1.9729), (+0.7110,1.9904), (+0.7197,2.0035), (+0.7367,2.0150), (+0.7534,2.0312), (+0.7700,2.0475), (+0.7867,2.0598), (+0.8033,2.0709), (+0.8204,2.0768), (+0.8287,2.0661), (+0.8287,2.0479), (+0.8339,2.0312), (+0.8374,2.0146), (+0.8366,1.9979), (+0.8370,1.9805), (+0.8279,1.9674), (+0.8136,1.9559), (+0.8057,1.9396), (+0.7950,1.9230), (+0.7843,1.9063), (+0.7764,1.8897), (+0.7629,1.8730), (+0.7506,1.8564), (+0.7375,1.8398), (+0.7193,1.8223), (+0.7193,1.8223), (+0.7375,1.8398), (+0.7506,1.8564), (+0.7629,1.8730), (+0.7764,1.8897), (+0.7843,1.9063), (+0.7950,1.9230), (+0.8057,1.9396), (+0.8136,1.9575), (+0.8279,1.9626), (+0.8370,1.9488), (+0.8366,1.9313), (+0.8366,1.9147), (+0.8366,1.8980), (+0.8366,1.8814), (+0.8366,1.8647), (+0.8366,1.8481), (+0.8366,1.8314), (+0.8366,1.8148), (+0.8366,1.7981), (+0.8366,1.7815), (+0.8366,1.7648), (+0.8366,1.7482), (+0.8366,1.7315), (+0.8366,1.7149), (+0.8366,1.6982), (+0.8366,1.6816)
  stroke[ 94] (  7 pts): (+1.0295,1.6766), (+1.0364,1.6822), (+1.0285,1.6772), (+1.0114,1.6725), (+0.9940,1.6733), (+0.9940,1.6733), (+1.0091,1.6733)
  stroke[ 95] (100 pts): (+0.4537,1.6380), (+0.4370,1.6322), (+0.4204,1.6316), (+0.4037,1.6316), (+0.3871,1.6316), (+0.3704,1.6316), (+0.3538,1.6316), (+0.3371,1.6316), (+0.3205,1.6316), (+0.3039,1.6316), (+0.2872,1.6316), (+0.2706,1.6316), (+0.2539,1.6308), (+0.2380,1.6356), (+0.2317,1.6419), (+0.2222,1.6356), (+0.2040,1.6308), (+0.1873,1.6316), (+0.1707,1.6316), (+0.1540,1.6316), (+0.1374,1.6316), (+0.1199,1.6312), (+0.1052,1.6411), (+0.1013,1.6519), (+0.1005,1.6411), (+0.0882,1.6304), (+0.0704,1.6340), (+0.0620,1.6475), (+0.0624,1.6649), (+0.0624,1.6816), (+0.0624,1.6982), (+0.0624,1.7149), (+0.0616,1.7315), (+0.0648,1.7486), (+0.0783,1.7569), (+0.0957,1.7565), (+0.1124,1.7565), (+0.1290,1.7565), (+0.1457,1.7565), (+0.1623,1.7561), (+0.1790,1.7510), (+0.1956,1.7474), (+0.2123,1.7490), (+0.2289,1.7454), (+0.2456,1.7403), (+0.2622,1.7406), (+0.2789,1.7371), (+0.2955,1.7319), (+0.3122,1.7311), (+0.3288,1.7260), (+0.3455,1.7220), (+0.3621,1.7177), (+0.3788,1.7137), (+0.3954,1.7101), (+0.4121,1.7038), (+0.4295,1.6962), (+0.4422,1.6824), (+0.4493,1.6641), (+0.4454,1.6507), (+0.4287,1.6475), (+0.4121,1.6487), (+0.3954,1.6538), (+0.3788,1.6574), (+0.3621,1.6566), (+0.3455,1.6566), (+0.3288,1.6570), (+0.3122,1.6622), (+0.2955,1.6657), (+0.2789,1.6649), (+0.2622,1.6649), (+0.2456,1.6653), (+0.2289,1.6705), (+0.2123,1.6740), (+0.1956,1.6725), (+0.1790,1.6760), (+0.1623,1.6808), (+0.1457,1.6891), (+0.1290,1.7010), (+0.1116,1.7149), (+0.1116,1.7149), (+0.1290,1.7010), (+0.1457,1.6891), (+0.1623,1.6808), (+0.1790,1.6760), (+0.1956,1.6725), (+0.2123,1.6740), (+0.2289,1.6705), (+0.2456,1.6653), (+0.2622,1.6649), (+0.2789,1.6649), (+0.2955,1.6657), (+0.3122,1.6622), (+0.3288,1.6570), (+0.3455,1.6566), (+0.3621,1.6566), (+0.3788,1.6574), (+0.3954,1.6538), (+0.4121,1.6487), (+0.4287,1.6471), (+0.4454,1.6493)
  stroke[ 96] ( 33 pts): (+0.6868,1.6380), (+0.6701,1.6322), (+0.6535,1.6316), (+0.6368,1.6316), (+0.6202,1.6316), (+0.6035,1.6316), (+0.5869,1.6316), (+0.5702,1.6316), (+0.5536,1.6316), (+0.5369,1.6316), (+0.5195,1.6312), (+0.5056,1.6396), (+0.4969,1.6566), (+0.4886,1.6733), (+0.4814,1.6899), (+0.4743,1.7066), (+0.4731,1.7232), (+0.4862,1.7406), (+0.5036,1.7545), (+0.5203,1.7632), (+0.5369,1.7716), (+0.5536,1.7799), (+0.5702,1.7878), (+0.5869,1.7910), (+0.6043,1.7819), (+0.6174,1.7648), (+0.6285,1.7482), (+0.6392,1.7315), (+0.6467,1.7149), (+0.6551,1.6982), (+0.6634,1.6816), (+0.6725,1.6649), (+0.6793,1.6483)
  stroke[ 97] ( 57 pts): (+0.7284,1.6394), (+0.7118,1.6304), (+0.6943,1.6340), (+0.6804,1.6475), (+0.6717,1.6649), (+0.6634,1.6816), (+0.6551,1.6982), (+0.6467,1.7149), (+0.6392,1.7315), (+0.6285,1.7482), (+0.6174,1.7648), (+0.6043,1.7819), (+0.5869,1.7910), (+0.5702,1.7878), (+0.5536,1.7799), (+0.5369,1.7716), (+0.5203,1.7632), (+0.5036,1.7545), (+0.4862,1.7406), (+0.4731,1.7232), (+0.4743,1.7066), (+0.4814,1.6899), (+0.4886,1.6733), (+0.4985,1.6566), (+0.5009,1.6396), (+0.4878,1.6312), (+0.4696,1.6312), (+0.4569,1.6396), (+0.4501,1.6566), (+0.4462,1.6733), (+0.4370,1.6899), (+0.4283,1.7066), (+0.4287,1.7232), (+0.4283,1.7399), (+0.4366,1.7565), (+0.4537,1.7728), (+0.4703,1.7839), (+0.4870,1.7914), (+0.5036,1.8009), (+0.5203,1.8120), (+0.5369,1.8203), (+0.5536,1.8267), (+0.5702,1.8310), (+0.5869,1.8314), (+0.6035,1.8322), (+0.6202,1.8290), (+0.6376,1.8156), (+0.6503,1.7981), (+0.6575,1.7815), (+0.6674,1.7648), (+0.6769,1.7482), (+0.6852,1.7315), (+0.6935,1.7149), (+0.7018,1.6982), (+0.7102,1.6816), (+0.7177,1.6649), (+0.7276,1.6483)
  stroke[ 98] ( 52 pts): (+1.6275,1.6316), (+1.6108,1.6316), (+1.5942,1.6316), (+1.5775,1.6316), (+1.5609,1.6316), (+1.5442,1.6316), (+1.5276,1.6316), (+1.5109,1.6316), (+1.4943,1.6316), (+1.4776,1.6316), (+1.4610,1.6316), (+1.4443,1.6316), (+1.4277,1.6316), (+1.4110,1.6316), (+1.3944,1.6316), (+1.3777,1.6316), (+1.3611,1.6316), (+1.3444,1.6316), (+1.3278,1.6316), (+1.3111,1.6316), (+1.2945,1.6316), (+1.2778,1.6316), (+1.2612,1.6316), (+1.2445,1.6316), (+1.2279,1.6316), (+1.2097,1.6316), (+1.1993,1.6316), (+1.2097,1.6316), (+1.2279,1.6316), (+1.2445,1.6316), (+1.2612,1.6316), (+1.2778,1.6316), (+1.2945,1.6316), (+1.3111,1.6316), (+1.3278,1.6316), (+1.3444,1.6316), (+1.3611,1.6316), (+1.3777,1.6316), (+1.3944,1.6316), (+1.4110,1.6316), (+1.4277,1.6316), (+1.4443,1.6316), (+1.4610,1.6316), (+1.4776,1.6316), (+1.4943,1.6316), (+1.5109,1.6316), (+1.5276,1.6316), (+1.5442,1.6316), (+1.5609,1.6316), (+1.5775,1.6316), (+1.5942,1.6316), (+1.6108,1.6316)
  stroke[ 99] (  8 pts): (+0.3701,1.5234), (+0.3877,1.5401), (+0.4010,1.5575), (+0.4141,1.5722), (+0.4240,1.5777), (+0.4141,1.5722), (+0.4010,1.5575), (+0.3871,1.5407)
  stroke[100] (  7 pts): (+0.3371,1.4235), (+0.3371,1.4402), (+0.3371,1.4568), (+0.3371,1.4743), (+0.3371,1.4743), (+0.3371,1.4568), (+0.3371,1.4402)
  stroke[101] (  5 pts): (+0.0930,1.2398), (+0.1160,1.2529), (+0.1243,1.2562), (+0.1140,1.2511), (+0.0969,1.2433)
  stroke[102] (  5 pts): (+0.4390,1.2069), (+0.4180,1.2077), (+0.4030,1.2110), (+0.4030,1.2110), (+0.4180,1.2083)
  stroke[103] (  7 pts): (+0.5453,1.0725), (+0.5286,1.0923), (+0.5120,1.1048), (+0.4945,1.1080), (+0.4945,1.1080), (+0.5120,1.1048), (+0.5286,1.0917)
  stroke[104] ( 15 pts): (+0.1796,1.0406), (+0.1903,1.0572), (+0.2012,1.0739), (+0.2107,1.0905), (+0.2190,1.1072), (+0.2273,1.1238), (+0.2353,1.1405), (+0.2380,1.1579), (+0.2380,1.1579), (+0.2353,1.1405), (+0.2273,1.1238), (+0.2190,1.1072), (+0.2107,1.0905), (+0.2012,1.0739), (+0.1909,1.0572)
  stroke[105] (  9 pts): (+0.1707,1.0081), (+0.1873,1.0180), (+0.2040,1.0255), (+0.2222,1.0346), (+0.2325,1.0398), (+0.2222,1.0346), (+0.2040,1.0255), (+0.1873,1.0188), (+0.1707,1.0174)
  stroke[106] (  6 pts): (+0.2313,0.8977), (+0.2093,0.8907), (+0.1984,0.8987), (+0.2000,0.9173), (+0.2135,0.9276), (+0.2254,0.9181)
  stroke[107] (  9 pts): (+0.0957,0.8824), (+0.0957,0.8991), (+0.0965,0.9157), (+0.0930,0.9324), (+0.0878,0.9498), (+0.0878,0.9498), (+0.0930,0.9324), (+0.0965,0.9157), (+0.0963,0.8991)
  stroke[108] (  9 pts): (+0.1800,0.8568), (+0.1611,0.8479), (+0.1453,0.8515), (+0.1366,0.8658), (+0.1453,0.8804), (+0.1623,0.8899), (+0.1802,0.8947), (+0.1855,0.8848), (+0.1774,0.8640)
  stroke[109] ( 13 pts): (+0.2386,0.8477), (+0.2188,0.8408), (+0.2063,0.8487), (+0.2032,0.8666), (+0.2047,0.8666), (+0.2016,0.8479), (+0.1877,0.8428), (+0.1778,0.8566), (+0.1814,0.8749), (+0.1948,0.8884), (+0.2131,0.8919), (+0.2269,0.8828), (+0.2355,0.8670)
  stroke[110] (  7 pts): (+0.2618,0.8461), (+0.2462,0.8444), (+0.2365,0.8566), (+0.2313,0.8757), (+0.2361,0.8860), (+0.2527,0.8777), (+0.2715,0.8547)
  stroke[111] ( 49 pts): (+0.2995,0.7851), (+0.2943,0.7926), (+0.2789,0.7920), (+0.2622,0.7912), (+0.2456,0.7968), (+0.2289,0.8059), (+0.2123,0.8134), (+0.1948,0.8253), (+0.1948,0.8384), (+0.2123,0.8416), (+0.2289,0.8408), (+0.2456,0.8412), (+0.2622,0.8463), (+0.2805,0.8487), (+0.2908,0.8455), (+0.2805,0.8503), (+0.2622,0.8650), (+0.2448,0.8824), (+0.2321,0.8991), (+0.2258,0.9173), (+0.2135,0.9276), (+0.2012,0.9165), (+0.1881,0.9010), (+0.1707,0.8923), (+0.1532,0.8848), (+0.1389,0.8737), (+0.1405,0.8574), (+0.1485,0.8404), (+0.1389,0.8313), (+0.1207,0.8352), (+0.1033,0.8400), (+0.0898,0.8503), (+0.0858,0.8610), (+0.0898,0.8507), (+0.0886,0.8309), (+0.0830,0.8206), (+0.0886,0.8313), (+0.1033,0.8408), (+0.1207,0.8352), (+0.1374,0.8321), (+0.1536,0.8237), (+0.1651,0.8249), (+0.1782,0.8360), (+0.1956,0.8261), (+0.2123,0.8134), (+0.2289,0.8059), (+0.2456,0.7968), (+0.2622,0.7912), (+0.2789,0.7902)
  stroke[112] (1578 pts): (+0.3364,0.7326), (+0.3383,0.7492), (+0.3427,0.7659), (+0.3463,0.7825), (+0.3447,0.7992), (+0.3482,0.8158), (+0.3534,0.8325), (+0.3538,0.8491), (+0.3538,0.8658), (+0.3538,0.8824), (+0.3538,0.8991), (+0.3538,0.9157), (+0.3534,0.9324), (+0.3482,0.9490), (+0.3447,0.9657), (+0.3455,0.9823), (+0.3451,0.9990), (+0.3399,1.0156), (+0.3364,1.0323), (+0.3371,1.0489), (+0.3371,1.0656), (+0.3368,1.0822), (+0.3316,1.0989), (+0.3276,1.1163), (+0.3368,1.1302), (+0.3546,1.1250), (+0.3677,1.1072), (+0.3800,1.0905), (+0.3930,1.0739), (+0.3962,1.0572), (+0.3954,1.0398), (+0.3954,1.0398), (+0.3950,1.0580), (+0.4041,1.0719), (+0.4184,1.0667), (+0.4259,1.0489), (+0.4323,1.0323), (+0.4366,1.0156), (+0.4370,0.9990), (+0.4366,0.9823), (+0.4315,0.9657), (+0.4287,0.9490), (+0.4255,0.9316), (+0.4287,0.9312), (+0.4454,0.9443), (+0.4620,0.9407), (+0.4660,0.9240), (+0.4592,0.9074), (+0.4509,0.8907), (+0.4398,0.8741), (+0.4303,0.8574), (+0.4224,0.8408), (+0.4196,0.8226), (+0.4204,0.8122), (+0.4196,0.8226), (+0.4224,0.8408), (+0.4303,0.8574), (+0.4398,0.8741), (+0.4509,0.8907), (+0.4592,0.9074), (+0.4656,0.9240), (+0.4699,0.9407), (+0.4703,0.9573), (+0.4703,0.9756), (+0.4703,0.9859), (+0.4707,0.9756), (+0.4624,0.9565), (+0.4446,0.9427), (+0.4303,0.9478), (+0.4307,0.9657), (+0.4366,0.9823), (+0.4370,0.9990), (+0.4366,1.0156), (+0.4323,1.0323), (+0.4259,1.0489), (+0.4176,1.0656), (+0.4077,1.0822), (+0.4006,1.0996), (+0.4018,1.0989), (+0.3966,1.0842), (+0.3792,1.0893), (+0.3677,1.1072), (+0.3546,1.1234), (+0.3368,1.1349), (+0.3284,1.1480), (+0.3292,1.1655), (+0.3344,1.1821), (+0.3379,1.1988), (+0.3371,1.2154), (+0.3360,1.2336), (+0.3344,1.2439), (+0.3360,1.2336), (+0.3371,1.2154), (+0.3375,1.1980), (+0.3292,1.1841), (+0.3126,1.1892), (+0.3003,1.2071), (+0.2908,1.2237), (+0.2785,1.2404), (+0.2626,1.2570), (+0.2511,1.2737), (+0.2380,1.2899), (+0.2210,1.3014), (+0.2095,1.3145), (+0.1964,1.3319), (+0.1790,1.3494), (+0.1623,1.3633), (+0.1457,1.3716), (+0.1290,1.3748), (+0.1124,1.3791), (+0.0957,1.3827), (+0.0783,1.3815), (+0.0648,1.3898), (+0.0616,1.4069), (+0.0624,1.4235), (+0.0624,1.4402), (+0.0624,1.4568), (+0.0624,1.4735), (+0.0624,1.4901), (+0.0624,1.5068), (+0.0624,1.5234), (+0.0624,1.5401), (+0.0624,1.5567), (+0.0624,1.5734), (+0.0624,1.5900), (+0.0616,1.6067), (+0.0648,1.6237), (+0.0783,1.6320), (+0.0957,1.6324), (+0.1120,1.6293), (+0.1239,1.6158), (+0.1290,1.5983), (+0.1350,1.5817), (+0.1441,1.5650), (+0.1524,1.5484), (+0.1596,1.5317), (+0.1659,1.5151), (+0.1707,1.4984), (+0.1766,1.4818), (+0.1857,1.4651), (+0.1929,1.4485), (+0.1992,1.4318), (+0.2040,1.4152), (+0.2099,1.3985), (+0.2178,1.3819), (+0.2242,1.3637), (+0.2281,1.3534), (+0.2242,1.3637), (+0.2178,1.3819), (+0.2099,1.3985), (+0.2040,1.4152), (+0.1992,1.4318), (+0.1929,1.4485), (+0.1857,1.4651), (+0.1766,1.4818), (+0.1707,1.4984), (+0.1659,1.5151), (+0.1596,1.5317), (+0.1524,1.5484), (+0.1441,1.5650), (+0.1350,1.5817), (+0.1290,1.5983), (+0.1231,1.6158), (+0.1278,1.6293), (+0.1457,1.6324), (+0.1623,1.6316), (+0.1790,1.6316), (+0.1956,1.6316), (+0.2131,1.6320), (+0.2265,1.6237), (+0.2289,1.6067), (+0.2317,1.5900), (+0.2373,1.5734), (+0.2432,1.5567), (+0.2527,1.5393), (+0.2527,1.5393), (+0.2432,1.5567), (+0.2373,1.5734), (+0.2317,1.5900), (+0.2273,1.6067), (+0.2313,1.6237), (+0.2448,1.6320), (+0.2622,1.6316), (+0.2789,1.6316), (+0.2955,1.6316), (+0.3122,1.6316), (+0.3288,1.6316), (+0.3455,1.6316), (+0.3621,1.6316), (+0.3788,1.6316), (+0.3954,1.6316), (+0.4121,1.6316), (+0.4287,1.6316), (+0.4454,1.6324), (+0.4616,1.6293), (+0.4735,1.6158), (+0.4787,1.5983), (+0.4846,1.5817), (+0.4937,1.5650), (+0.5021,1.5484), (+0.5108,1.5309), (+0.5108,1.5309), (+0.5021,1.5484), (+0.4937,1.5650), (+0.4846,1.5817), (+0.4787,1.5983), (+0.4727,1.6158), (+0.4775,1.6293), (+0.4961,1.6328), (+0.5100,1.6237), (+0.5187,1.6067), (+0.5270,1.5900), (+0.5354,1.5734), (+0.5437,1.5567), (+0.5524,1.5393), (+0.5524,1.5393), (+0.5437,1.5567), (+0.5354,1.5734), (+0.5270,1.5900), (+0.5171,1.6067), (+0.5147,1.6237), (+0.5278,1.6320), (+0.5453,1.6316), (+0.5619,1.6316), (+0.5786,1.6316), (+0.5952,1.6316), (+0.6119,1.6316), (+0.6285,1.6316), (+0.6452,1.6316), (+0.6618,1.6316), (+0.6793,1.6320), (+0.6931,1.6237), (+0.7022,1.6059), (+0.7007,1.6059), (+0.6979,1.6237), (+0.7110,1.6320), (+0.7284,1.6316), (+0.7466,1.6316), (+0.7569,1.6316), (+0.7459,1.6312), (+0.7304,1.6396), (+0.7217,1.6566), (+0.7133,1.6733), (+0.7050,1.6899), (+0.6967,1.7066), (+0.6884,1.7232), (+0.6800,1.7399), (+0.6725,1.7565), (+0.6610,1.7732), (+0.6523,1.7898), (+0.6563,1.8065), (+0.6614,1.8231), (+0.6614,1.8398), (+0.6705,1.8572), (+0.6844,1.8572), (+0.6868,1.8398), (+0.6896,1.8231), (+0.6951,1.8065), (+0.7011,1.7898), (+0.7102,1.7732), (+0.7185,1.7565), (+0.7260,1.7399), (+0.7371,1.7232), (+0.7550,1.7066), (+0.7653,1.6895), (+0.7542,1.6812), (+0.7526,1.6816), (+0.7700,1.6824), (+0.7867,1.6796), (+0.8033,1.6709), (+0.8200,1.6649), (+0.8366,1.6733), (+0.8533,1.6824), (+0.8699,1.6863), (+0.8866,1.6927), (+0.9032,1.6998), (+0.9199,1.7081), (+0.9365,1.7177), (+0.9532,1.7280), (+0.9698,1.7403), (+0.9865,1.7565), (+1.0039,1.7739), (+1.0039,1.7739), (+0.9865,1.7565), (+0.9698,1.7403), (+0.9532,1.7280), (+0.9365,1.7177), (+0.9199,1.7081), (+0.9032,1.6998), (+0.8866,1.6927), (+0.8699,1.6863), (+0.8525,1.6816), (+0.8390,1.6895), (+0.8358,1.7066), (+0.8366,1.7232), (+0.8366,1.7399), (+0.8366,1.7565), (+0.8366,1.7732), (+0.8366,1.7898), (+0.8366,1.8065), (+0.8366,1.8231), (+0.8366,1.8398), (+0.8366,1.8564), (+0.8366,1.8730), (+0.8366,1.8897), (+0.8366,1.9063), (+0.8366,1.9230), (+0.8366,1.9396), (+0.8366,1.9563), (+0.8366,1.9729), (+0.8366,1.9896), (+0.8358,2.0062), (+0.8386,2.0229), (+0.8473,2.0395), (+0.8529,2.0562), (+0.8525,2.0728), (+0.8557,2.0899), (+0.8691,2.0986), (+0.8866,2.1034), (+0.9032,2.1069), (+0.9199,2.1061), (+0.9365,2.1057), (+0.9532,2.1006), (+0.9698,2.0978), (+0.9865,2.0958), (+1.0031,2.0871), (+1.0198,2.0820), (+1.0364,2.0732), (+1.0531,2.0562), (+1.0697,2.0395), (+1.0864,2.0229), (+1.1026,2.0062), (+1.1137,1.9896), (+1.1220,1.9729), (+1.1280,1.9563), (+1.1335,1.9396), (+1.1371,1.9230), (+1.1363,1.9056), (+1.1363,1.9056), (+1.1371,1.9230), (+1.1335,1.9396), (+1.1280,1.9563), (+1.1220,1.9729), (+1.1137,1.9896), (+1.1026,2.0062), (+1.0864,2.0229), (+1.0697,2.0395), (+1.0531,2.0562), (+1.0356,2.0736), (+1.0356,2.0871), (+1.0531,2.0899), (+1.0697,2.0839), (+1.0864,2.0804), (+1.1030,2.0812), (+1.1197,2.0804), (+1.1363,2.0839), (+1.1546,2.0891), (+1.1649,2.0895), (+1.1546,2.0891), (+1.1363,2.0839), (+1.1197,2.0804), (+1.1030,2.0812), (+1.0864,2.0804), (+1.0697,2.0839), (+1.0531,2.0899), (+1.0364,2.0867), (+1.0198,2.0820), (+1.0031,2.0871), (+0.9865,2.0958), (+0.9698,2.0978), (+0.9532,2.1006), (+0.9365,2.1053), (+0.9199,2.1137), (+0.9032,2.1252), (+0.8858,2.1331), (+0.8719,2.1470), (+0.8771,2.1640), (+0.8949,2.1763), (+0.9116,2.1858), (+0.9282,2.1977), (+0.9448,2.2096), (+0.9615,2.2195), (+0.9781,2.2235), (+0.9948,2.2235), (+1.0114,2.2199), (+1.0281,2.2155), (+1.0447,2.2116), (+1.0614,2.2060), (+1.0780,2.2013), (+1.0947,2.1949), (+1.1113,2.1870), (+1.1280,2.1819), (+1.1446,2.1735), (+1.1629,2.1601), (+1.1732,2.1541), (+1.1629,2.1601), (+1.1446,2.1735), (+1.1280,2.1819), (+1.1113,2.1870), (+1.0947,2.1949), (+1.0780,2.2013), (+1.0614,2.2060), (+1.0447,2.2116), (+1.0281,2.2155), (+1.0114,2.2191), (+0.9940,2.2266), (+0.9940,2.2366), (+1.0114,2.2449), (+1.0281,2.2516), (+1.0447,2.2615), (+1.0614,2.2703), (+1.0780,2.2821), (+1.0947,2.2948), (+1.1129,2.3079), (+1.1232,2.3178), (+1.1129,2.3079), (+1.0947,2.2948), (+1.0780,2.2821), (+1.0614,2.2703), (+1.0447,2.2615), (+1.0281,2.2516), (+1.0114,2.2449), (+0.9948,2.2366), (+0.9781,2.2259), (+0.9615,2.2219), (+0.9448,2.2227), (+0.9282,2.2227), (+0.9116,2.2227), (+0.8949,2.2223), (+0.8783,2.2179), (+0.8616,2.2100), (+0.8442,2.2088), (+0.8303,2.2219), (+0.8212,2.2393), (+0.8220,2.2560), (+0.8279,2.2726), (+0.8283,2.2893), (+0.8283,2.3059), (+0.8283,2.3226), (+0.8283,2.3392), (+0.8275,2.3559), (+0.8311,2.3725), (+0.8362,2.3892), (+0.8366,2.4058), (+0.8366,2.4225), (+0.8366,2.4391), (+0.8366,2.4558), (+0.8370,2.4724), (+0.8422,2.4891), (+0.8450,2.5057), (+0.8481,2.5224), (+0.8588,2.5390), (+0.8679,2.5557), (+0.8699,2.5723), (+0.8727,2.5890), (+0.8783,2.6056), (+0.8838,2.6223), (+0.8878,2.6389), (+0.8921,2.6556), (+0.8961,2.6722), (+0.8997,2.6889), (+0.9068,2.7055), (+0.9116,2.7222), (+0.9163,2.7388), (+0.9234,2.7555), (+0.9282,2.7721), (+0.9341,2.7888), (+0.9421,2.8054), (+0.9484,2.8221), (+0.9524,2.8387), (+0.9611,2.8550), (+0.9781,2.8665), (+0.9948,2.8795), (+1.0114,2.8966), (+1.0281,2.9097), (+1.0455,2.9164), (+1.0586,2.9069), (+1.0701,2.8887), (+1.0864,2.8720), (+1.1030,2.8554), (+1.1197,2.8383), (+1.1363,2.8308), (+1.1530,2.8276), (+1.1696,2.8225), (+1.1863,2.8221), (+1.2029,2.8221), (+1.2204,2.8225), (+1.2338,2.8141), (+1.2370,2.7955), (+1.2362,2.7852), (+1.2362,2.7955), (+1.2358,2.8137), (+1.2441,2.8300), (+1.2612,2.8423), (+1.2786,2.8518), (+1.2917,2.8649), (+1.3040,2.8784), (+1.3171,2.8732), (+1.3203,2.8554), (+1.3195,2.8379), (+1.3195,2.8379), (+1.3203,2.8554), (+1.3159,2.8720), (+1.3135,2.8887), (+1.3214,2.9049), (+1.3365,2.9164), (+1.3417,2.9295), (+1.3310,2.9469), (+1.3270,2.9636), (+1.3278,2.9802), (+1.3274,2.9969), (+1.3230,3.0135), (+1.3163,3.0302), (+1.3036,3.0468), (+1.2862,3.0643), (+1.2687,3.0773), (+1.2552,3.0888), (+1.2517,3.1051), (+1.2473,3.1217), (+1.2437,3.1384), (+1.2445,3.1550), (+1.2441,3.1717), (+1.2390,3.1883), (+1.2350,3.2058), (+1.2441,3.2201), (+1.2612,3.2197), (+1.2778,3.2133), (+1.2945,3.2078), (+1.3111,3.2038), (+1.3278,3.1994), (+1.3444,3.1959), (+1.3611,3.1963), (+1.3777,3.1911), (+1.3944,3.1876), (+1.4110,3.1883), (+1.4277,3.1887), (+1.4443,3.1931), (+1.4618,3.1998), (+1.4618,3.1998), (+1.4443,3.1931), (+1.4277,3.1887), (+1.4110,3.1883), (+1.3944,3.1876), (+1.3777,3.1911), (+1.3611,3.1963), (+1.3444,3.1959), (+1.3278,3.1994), (+1.3111,3.2038), (+1.2945,3.2078), (+1.2778,3.2133), (+1.2612,3.2181), (+1.2441,3.2248), (+1.2358,3.2375), (+1.2362,3.2549), (+1.2362,3.2716), (+1.2362,3.2882), (+1.2366,3.3049), (+1.2418,3.3215), (+1.2453,3.3382), (+1.2449,3.3548), (+1.2501,3.3715), (+1.2529,3.3881), (+1.2556,3.4048), (+1.2608,3.4222), (+1.2608,3.4222), (+1.2556,3.4048), (+1.2529,3.3881), (+1.2501,3.3715), (+1.2449,3.3548), (+1.2453,3.3382), (+1.2418,3.3215), (+1.2366,3.3049), (+1.2362,3.2882), (+1.2362,3.2716), (+1.2370,3.2549), (+1.2338,3.2371), (+1.2204,3.2316), (+1.2029,3.2399), (+1.1863,3.2482), (+1.1696,3.2565), (+1.1530,3.2660), (+1.1363,3.2763), (+1.1197,3.2882), (+1.1030,3.2989), (+1.0860,3.3069), (+1.0769,3.3207), (+1.0808,3.3382), (+1.0852,3.3548), (+1.0891,3.3715), (+1.0947,3.3881), (+1.0994,3.4048), (+1.1066,3.4214), (+1.1113,3.4381), (+1.1173,3.4547), (+1.1264,3.4714), (+1.1347,3.4880), (+1.1431,3.5047), (+1.1514,3.5213), (+1.1597,3.5380), (+1.1680,3.5546), (+1.1764,3.5713), (+1.1847,3.5879), (+1.1930,3.6046), (+1.2013,3.6212), (+1.2097,3.6379), (+1.2180,3.6545), (+1.2263,3.6712), (+1.2338,3.6878), (+1.2445,3.7045), (+1.2560,3.7211), (+1.2612,3.7378), (+1.2671,3.7544), (+1.2751,3.7711), (+1.2814,3.7877), (+1.2862,3.8044), (+1.2909,3.8210), (+1.2981,3.8377), (+1.3028,3.8543), (+1.3092,3.8718), (+1.3092,3.8718), (+1.3028,3.8543), (+1.2981,3.8377), (+1.2909,3.8210), (+1.2862,3.8044), (+1.2814,3.7877), (+1.2751,3.7711), (+1.2671,3.7544), (+1.2612,3.7378), (+1.2560,3.7211), (+1.2445,3.7045), (+1.2338,3.6878), (+1.2263,3.6712), (+1.2180,3.6545), (+1.2097,3.6379), (+1.2013,3.6212), (+1.1930,3.6046), (+1.1847,3.5879), (+1.1764,3.5713), (+1.1680,3.5546), (+1.1597,3.5380), (+1.1514,3.5213), (+1.1431,3.5047), (+1.1347,3.4880), (+1.1264,3.4714), (+1.1173,3.4547), (+1.1113,3.4381), (+1.1066,3.4214), (+1.0994,3.4048), (+1.0947,3.3881), (+1.0891,3.3715), (+1.0852,3.3548), (+1.0808,3.3382), (+1.0780,3.3215), (+1.0753,3.3049), (+1.0701,3.2882), (+1.0697,3.2716), (+1.0697,3.2549), (+1.0693,3.2383), (+1.0642,3.2216), (+1.0606,3.2050), (+1.0614,3.1883), (+1.0614,3.1717), (+1.0614,3.1550), (+1.0622,3.1384), (+1.0586,3.1217), (+1.0535,3.1051), (+1.0527,3.0884), (+1.0475,3.0718), (+1.0440,3.0552), (+1.0447,3.0385), (+1.0447,3.0219), (+1.0443,3.0052), (+1.0396,2.9886), (+1.0281,2.9719), (+1.0162,2.9553), (+1.0067,2.9386), (+0.9940,2.9220), (+0.9869,2.9053), (+0.9833,2.8887), (+0.9734,2.8720), (+0.9607,2.8554), (+0.9524,2.8387), (+0.9484,2.8221), (+0.9421,2.8054), (+0.9341,2.7888), (+0.9282,2.7721), (+0.9234,2.7555), (+0.9163,2.7388), (+0.9116,2.7222), (+0.9068,2.7055), (+0.8997,2.6889), (+0.8961,2.6722), (+0.8921,2.6556), (+0.8878,2.6389), (+0.8838,2.6223), (+0.8783,2.6056), (+0.8727,2.5890), (+0.8699,2.5723), (+0.8679,2.5557), (+0.8596,2.5378), (+0.8461,2.5327), (+0.8335,2.5466), (+0.8287,2.5640), (+0.8283,2.5806), (+0.8287,2.5973), (+0.8339,2.6139), (+0.8374,2.6306), (+0.8366,2.6472), (+0.8366,2.6639), (+0.8366,2.6805), (+0.8366,2.6972), (+0.8366,2.7138), (+0.8366,2.7305), (+0.8366,2.7471), (+0.8366,2.7638), (+0.8366,2.7804), (+0.8366,2.7971), (+0.8366,2.8137), (+0.8366,2.8304), (+0.8366,2.8470), (+0.8366,2.8637), (+0.8366,2.8803), (+0.8366,2.8970), (+0.8366,2.9136), (+0.8366,2.9303), (+0.8366,2.9469), (+0.8366,2.9636), (+0.8366,2.9802), (+0.8366,2.9969), (+0.8366,3.0135), (+0.8366,3.0302), (+0.8366,3.0468), (+0.8366,3.0635), (+0.8366,3.0801), (+0.8366,3.0968), (+0.8366,3.1134), (+0.8366,3.1301), (+0.8366,3.1467), (+0.8370,3.1642), (+0.8287,3.1776), (+0.8117,3.1808), (+0.7950,3.1800), (+0.7784,3.1800), (+0.7617,3.1800), (+0.7451,3.1800), (+0.7284,3.1800), (+0.7118,3.1800), (+0.6943,3.1796), (+0.6808,3.1879), (+0.6777,3.2050), (+0.6785,3.2216), (+0.6777,3.2383), (+0.6808,3.2553), (+0.6943,3.2637), (+0.7118,3.2633), (+0.7284,3.2633), (+0.7451,3.2625), (+0.7617,3.2652), (+0.7791,3.2736), (+0.7918,3.2874), (+0.7986,3.3049), (+0.8029,3.3215), (+0.8033,3.3382), (+0.8033,3.3548), (+0.8033,3.3715), (+0.8033,3.3881), (+0.8033,3.4048), (+0.8033,3.4214), (+0.8029,3.4381), (+0.7982,3.4547), (+0.7998,3.4714), (+0.8041,3.4880), (+0.8033,3.5047), (+0.8025,3.5213), (+0.8057,3.5376), (+0.8200,3.5491), (+0.8343,3.5622), (+0.8374,3.5796), (+0.8366,3.5963), (+0.8366,3.6129), (+0.8366,3.6296), (+0.8366,3.6462), (+0.8366,3.6629), (+0.8366,3.6795), (+0.8366,3.6961), (+0.8366,3.7128), (+0.8366,3.7294), (+0.8366,3.7461), (+0.8366,3.7627), (+0.8366,3.7794), (+0.8366,3.7960), (+0.8366,3.8127), (+0.8366,3.8293), (+0.8366,3.8460), (+0.8366,3.8642), (+0.8366,3.8745), (+0.8366,3.8642), (+0.8366,3.8460), (+0.8366,3.8293), (+0.8366,3.8127), (+0.8366,3.7960), (+0.8366,3.7794), (+0.8366,3.7627), (+0.8366,3.7461), (+0.8366,3.7294), (+0.8366,3.7128), (+0.8366,3.6961), (+0.8366,3.6795), (+0.8366,3.6629), (+0.8366,3.6462), (+0.8366,3.6296), (+0.8366,3.6129), (+0.8366,3.5963), (+0.8374,3.5796), (+0.8343,3.5622), (+0.8200,3.5483), (+0.8057,3.5534), (+0.8025,3.5713), (+0.8037,3.5879), (+0.7954,3.6054), (+0.7784,3.6181), (+0.7617,3.6240), (+0.7447,3.6315), (+0.7355,3.6454), (+0.7395,3.6629), (+0.7447,3.6795), (+0.7455,3.6961), (+0.7506,3.7128), (+0.7542,3.7294), (+0.7534,3.7461), (+0.7534,3.7627), (+0.7526,3.7794), (+0.7562,3.7960), (+0.7605,3.8127), (+0.7645,3.8293), (+0.7688,3.8460), (+0.7728,3.8626), (+0.7772,3.8793), (+0.7807,3.8963), (+0.7950,3.9039), (+0.7954,3.9066), (+0.7863,3.9201), (+0.7867,3.9376), (+0.7867,3.9558), (+0.7867,3.9661), (+0.7867,3.9558), (+0.7867,3.9376), (+0.7871,3.9201), (+0.7788,3.9066), (+0.7617,3.9035), (+0.7451,3.9043), (+0.7284,3.9043), (+0.7118,3.9043), (+0.6951,3.9043), (+0.6785,3.9043), (+0.6618,3.9043), (+0.6452,3.9043), (+0.6285,3.9043), (+0.6119,3.9043), (+0.5952,3.9043), (+0.5786,3.9043), (+0.5619,3.9043), (+0.5453,3.9043), (+0.5286,3.9043), (+0.5104,3.9039), (+0.5005,3.9122), (+0.5017,3.9292), (+0.5064,3.9459), (+0.5108,3.9625), (+0.5147,3.9792), (+0.5199,3.9958), (+0.5207,4.0125), (+0.5258,4.0291), (+0.5298,4.0458), (+0.5342,4.0624), (+0.5369,4.0791), (+0.5397,4.0957), (+0.5449,4.1124), (+0.5457,4.1290), (+0.5508,4.1457), (+0.5548,4.1623), (+0.5591,4.1790), (+0.5619,4.1956), (+0.5647,4.2123), (+0.5698,4.2289), (+0.5694,4.2456), (+0.5730,4.2622), (+0.5782,4.2789), (+0.5790,4.2955), (+0.5833,4.3122), (+0.5901,4.3292), (+0.6027,4.3375), (+0.6202,4.3371), (+0.6368,4.3371), (+0.6535,4.3371), (+0.6701,4.3371), (+0.6868,4.3371), (+0.7034,4.3371), (+0.7201,4.3371), (+0.7367,4.3371), (+0.7534,4.3371), (+0.7700,4.3371), (+0.7867,4.3371), (+0.8033,4.3379), (+0.8208,4.3348), (+0.8343,4.3213), (+0.8382,4.3039), (+0.8339,4.2872), (+0.8287,4.2706), (+0.8283,4.2523), (+0.8283,4.2420), (+0.8283,4.2523), (+0.8287,4.2706), (+0.8339,4.2872), (+0.8382,4.3039), (+0.8343,4.3213), (+0.8208,4.3348), (+0.8033,4.3379), (+0.7867,4.3371), (+0.7700,4.3371), (+0.7534,4.3371), (+0.7367,4.3371), (+0.7201,4.3371), (+0.7034,4.3371), (+0.6868,4.3371), (+0.6701,4.3371), (+0.6535,4.3371), (+0.6368,4.3371), (+0.6202,4.3364), (+0.6031,4.3395), (+0.5948,4.3530), (+0.5952,4.3704), (+0.5956,4.3871), (+0.6008,4.4037), (+0.6043,4.4204), (+0.6039,4.4370), (+0.6091,4.4537), (+0.6127,4.4703), (+0.6111,4.4870), (+0.6146,4.5036), (+0.6198,4.5203), (+0.6202,4.5369), (+0.6206,4.5536), (+0.6257,4.5702), (+0.6293,4.5869), (+0.6277,4.6035), (+0.6313,4.6202), (+0.6364,4.6368), (+0.6368,4.6535), (+0.6368,4.6701), (+0.6372,4.6868), (+0.6424,4.7034), (+0.6460,4.7201), (+0.6452,4.7367), (+0.6452,4.7534), (+0.6456,4.7700), (+0.6507,4.7867), (+0.6543,4.8033), (+0.6535,4.8200), (+0.6535,4.8366), (+0.6535,4.8533), (+0.6527,4.8699), (+0.6563,4.8866), (+0.6614,4.9032), (+0.6618,4.9199), (+0.6618,4.9365), (+0.6618,4.9532), (+0.6618,4.9698), (+0.6618,4.9865), (+0.6618,5.0031), (+0.6622,5.0198), (+0.6674,5.0364), (+0.6709,5.0531), (+0.6697,5.0705), (+0.6781,5.0836), (+0.6951,5.0951), (+0.7118,5.1109), (+0.7284,5.1232), (+0.7451,5.1327), (+0.7617,5.1446), (+0.7784,5.1565), (+0.7950,5.1660), (+0.8117,5.1779), (+0.8283,5.1898), (+0.8457,5.2005), (+0.8457,5.2005), (+0.8283,5.1898), (+0.8117,5.1779), (+0.7950,5.1660), (+0.7784,5.1565), (+0.7617,5.1446), (+0.7451,5.1327), (+0.7284,5.1232), (+0.7118,5.1109), (+0.6951,5.0951), (+0.6781,5.0836), (+0.6697,5.0705), (+0.6709,5.0531), (+0.6674,5.0364), (+0.6622,5.0198), (+0.6618,5.0031), (+0.6618,4.9865), (+0.6618,4.9698), (+0.6618,4.9532), (+0.6618,4.9365), (+0.6618,4.9199), (+0.6614,4.9032), (+0.6563,4.8866), (+0.6527,4.8699), (+0.6535,4.8533), (+0.6535,4.8366), (+0.6535,4.8200), (+0.6543,4.8033), (+0.6507,4.7867), (+0.6456,4.7700), (+0.6452,4.7534), (+0.6452,4.7367), (+0.6460,4.7201), (+0.6424,4.7034), (+0.6372,4.6868), (+0.6368,4.6701), (+0.6368,4.6535), (+0.6364,4.6368), (+0.6313,4.6202), (+0.6277,4.6035), (+0.6293,4.5869), (+0.6257,4.5702), (+0.6206,4.5536), (+0.6202,4.5369), (+0.6198,4.5203), (+0.6146,4.5036), (+0.6111,4.4870), (+0.6127,4.4703), (+0.6091,4.4537), (+0.6039,4.4370), (+0.6043,4.4204), (+0.6008,4.4037), (+0.5956,4.3871), (+0.5952,4.3704), (+0.5956,4.3530), (+0.5873,4.3395), (+0.5702,4.3364), (+0.5536,4.3371), (+0.5369,4.3371), (+0.5203,4.3371), (+0.5036,4.3371), (+0.4870,4.3371), (+0.4703,4.3371), (+0.4537,4.3371), (+0.4370,4.3371), (+0.4204,4.3371), (+0.4037,4.3371), (+0.3871,4.3371), (+0.3704,4.3371), (+0.3538,4.3371), (+0.3371,4.3371), (+0.3205,4.3371), (+0.3039,4.3371), (+0.2872,4.3371), (+0.2706,4.3371), (+0.2539,4.3371), (+0.2373,4.3371), (+0.2206,4.3371), (+0.2040,4.3371), (+0.1873,4.3371), (+0.1707,4.3371), (+0.1540,4.3371), (+0.1374,4.3371), (+0.1207,4.3364), (+0.1037,4.3395), (+0.0953,4.3530), (+0.0957,4.3704), (+0.0957,4.3871), (+0.0949,4.4037), (+0.0985,4.4204), (+0.1037,4.4370), (+0.1041,4.4537), (+0.1045,4.4703), (+0.1096,4.4870), (+0.1132,4.5036), (+0.1128,4.5203), (+0.1179,4.5369), (+0.1207,4.5536), (+0.1235,4.5702), (+0.1286,4.5869), (+0.1294,4.6035), (+0.1346,4.6202), (+0.1374,4.6368), (+0.1401,4.6535), (+0.1445,4.6701), (+0.1485,4.6868), (+0.1528,4.7034), (+0.1568,4.7201), (+0.1611,4.7367), (+0.1643,4.7534), (+0.1726,4.7708), (+0.1726,4.7708), (+0.1643,4.7534), (+0.1611,4.7367), (+0.1568,4.7201), (+0.1528,4.7034), (+0.1485,4.6868), (+0.1445,4.6701), (+0.1401,4.6535), (+0.1374,4.6368), (+0.1346,4.6202), (+0.1294,4.6035), (+0.1286,4.5869), (+0.1235,4.5702), (+0.1207,4.5536), (+0.1179,4.5369), (+0.1128,4.5203), (+0.1132,4.5036), (+0.1096,4.4870), (+0.1045,4.4703), (+0.1041,4.4537), (+0.1037,4.4370), (+0.0985,4.4204), (+0.0949,4.4037), (+0.0957,4.3871), (+0.0957,4.3704), (+0.0961,4.3530), (+0.0878,4.3387), (+0.0704,4.3387), (+0.0620,4.3530), (+0.0624,4.3704), (+0.0624,4.3871), (+0.0624,4.4037), (+0.0624,4.4204), (+0.0624,4.4370), (+0.0624,4.4537), (+0.0624,4.4703), (+0.0624,4.4870), (+0.0624,4.5036), (+0.0624,4.5203), (+0.0624,4.5369), (+0.0624,4.5536), (+0.0624,4.5702), (+0.0624,4.5869), (+0.0624,4.6035), (+0.0624,4.6202), (+0.0624,4.6368), (+0.0624,4.6535), (+0.0624,4.6701), (+0.0624,4.6868), (+0.0624,4.7034), (+0.0624,4.7201), (+0.0624,4.7367), (+0.0624,4.7550), (+0.0624,4.7653), (+0.0624,4.7550), (+0.0624,4.7367), (+0.0624,4.7201), (+0.0624,4.7034), (+0.0624,4.6868), (+0.0624,4.6701), (+0.0624,4.6535), (+0.0624,4.6368), (+0.0624,4.6202), (+0.0624,4.6035), (+0.0624,4.5869), (+0.0624,4.5702), (+0.0624,4.5536), (+0.0624,4.5369), (+0.0624,4.5203), (+0.0624,4.5036), (+0.0624,4.4870), (+0.0624,4.4703), (+0.0624,4.4537), (+0.0624,4.4370), (+0.0624,4.4204), (+0.0624,4.4037), (+0.0624,4.3871), (+0.0624,4.3704), (+0.0628,4.3530), (+0.0537,4.3399), (+0.0394,4.3284), (+0.0454,4.3122), (+0.0601,4.2955), (+0.0632,4.2789), (+0.0624,4.2622), (+0.0624,4.2456), (+0.0624,4.2289), (+0.0624,4.2123), (+0.0624,4.1956), (+0.0624,4.1790), (+0.0624,4.1623), (+0.0624,4.1457), (+0.0624,4.1290), (+0.0624,4.1124), (+0.0624,4.0957), (+0.0624,4.0791), (+0.0624,4.0624), (+0.0624,4.0458), (+0.0624,4.0291), (+0.0624,4.0125), (+0.0624,3.9958), (+0.0624,3.9792), (+0.0624,3.9625), (+0.0624,3.9459), (+0.0632,3.9292), (+0.0601,3.9122), (+0.0458,3.9039), (+0.0458,3.9047), (+0.0601,3.8963), (+0.0632,3.8793), (+0.0624,3.8626), (+0.0628,3.8452), (+0.0529,3.8317), (+0.0422,3.8293), (+0.0529,3.8270), (+0.0628,3.8135), (+0.0624,3.7960), (+0.0624,3.7794), (+0.0624,3.7627), (+0.0632,3.7461), (+0.0601,3.7291), (+0.0458,3.7207), (+0.0458,3.7215), (+0.0601,3.7132), (+0.0636,3.6954), (+0.0529,3.6819), (+0.0422,3.6795), (+0.0529,3.6771), (+0.0628,3.6636), (+0.0624,3.6462), (+0.0624,3.6296), (+0.0624,3.6129), (+0.0624,3.5963), (+0.0624,3.5796), (+0.0624,3.5630), (+0.0624,3.5463), (+0.0624,3.5297), (+0.0624,3.5130), (+0.0624,3.4964), (+0.0624,3.4797), (+0.0624,3.4631), (+0.0624,3.4464), (+0.0624,3.4298), (+0.0624,3.4131), (+0.0632,3.3965), (+0.0601,3.3794), (+0.0458,3.3711), (+0.0458,3.3719), (+0.0601,3.3636), (+0.0632,3.3465), (+0.0624,3.3299), (+0.0628,3.3124), (+0.0529,3.2989), (+0.0422,3.2966), (+0.0529,3.2942), (+0.0636,3.2807), (+0.0601,3.2629), (+0.0458,3.2545), (+0.0458,3.2553), (+0.0601,3.2470), (+0.0632,3.2300), (+0.0624,3.2133), (+0.0628,3.1959), (+0.0529,3.1824), (+0.0422,3.1800), (+0.0529,3.1776), (+0.0628,3.1642), (+0.0624,3.1467), (+0.0624,3.1301), (+0.0624,3.1134), (+0.0624,3.0968), (+0.0624,3.0801), (+0.0624,3.0635), (+0.0624,3.0468), (+0.0624,3.0302), (+0.0624,3.0135), (+0.0624,2.9969), (+0.0624,2.9802), (+0.0624,2.9636), (+0.0624,2.9469), (+0.0624,2.9303), (+0.0624,2.9136), (+0.0624,2.8970), (+0.0624,2.8803), (+0.0624,2.8637), (+0.0624,2.8470), (+0.0624,2.8304), (+0.0624,2.8137), (+0.0624,2.7971), (+0.0624,2.7804), (+0.0624,2.7638), (+0.0624,2.7471), (+0.0624,2.7305), (+0.0624,2.7138), (+0.0624,2.6972), (+0.0624,2.6805), (+0.0624,2.6639), (+0.0624,2.6472), (+0.0624,2.6306), (+0.0624,2.6139), (+0.0624,2.5973), (+0.0632,2.5806), (+0.0601,2.5636), (+0.0458,2.5553), (+0.0458,2.5561), (+0.0601,2.5477), (+0.0632,2.5307), (+0.0624,2.5140), (+0.0624,2.4974), (+0.0624,2.4807), (+0.0624,2.4641), (+0.0624,2.4475), (+0.0624,2.4308), (+0.0624,2.4142), (+0.0624,2.3975), (+0.0624,2.3809), (+0.0624,2.3642), (+0.0624,2.3476), (+0.0624,2.3309), (+0.0628,2.3135), (+0.0537,2.2996), (+0.0398,2.3047), (+0.0367,2.3226), (+0.0375,2.3392), (+0.0375,2.3559), (+0.0375,2.3725), (+0.0375,2.3892), (+0.0375,2.4058), (+0.0375,2.4225), (+0.0375,2.4391), (+0.0375,2.4558), (+0.0375,2.4724), (+0.0375,2.4891), (+0.0375,2.5073), (+0.0375,2.5176), (+0.0375,2.5073), (+0.0375,2.4891), (+0.0375,2.4724), (+0.0375,2.4558), (+0.0375,2.4391), (+0.0375,2.4225), (+0.0375,2.4058), (+0.0375,2.3892), (+0.0375,2.3725), (+0.0375,2.3559), (+0.0375,2.3392), (+0.0367,2.3226), (+0.0406,2.3059), (+0.0513,2.2885), (+0.0462,2.2750), (+0.0458,2.2722), (+0.0601,2.2647), (+0.0636,2.2469), (+0.0529,2.2334), (+0.0422,2.2310), (+0.0529,2.2286), (+0.0628,2.2152), (+0.0624,2.1977), (+0.0624,2.1811), (+0.0624,2.1644), (+0.0620,2.1478), (+0.0569,2.1311), (+0.0533,2.1145), (+0.0545,2.0978), (+0.0597,2.0812), (+0.0632,2.0645), (+0.0624,2.0479), (+0.0624,2.0312), (+0.0624,2.0146), (+0.0624,1.9979), (+0.0628,1.9813), (+0.0688,1.9646), (+0.0692,1.9472), (+0.0533,1.9337), (+0.0422,1.9313), (+0.0529,1.9289), (+0.0628,1.9155), (+0.0624,1.8980), (+0.0624,1.8814), (+0.0628,1.8639), (+0.0529,1.8505), (+0.0422,1.8481), (+0.0529,1.8457), (+0.0628,1.8322), (+0.0628,1.8140), (+0.0529,1.8005), (+0.0422,1.7981), (+0.0529,1.7957), (+0.0636,1.7823), (+0.0601,1.7644), (+0.0458,1.7561), (+0.0458,1.7569), (+0.0601,1.7486), (+0.0632,1.7315), (+0.0624,1.7149), (+0.0624,1.6982), (+0.0624,1.6816), (+0.0624,1.6649), (+0.0628,1.6475), (+0.0529,1.6340), (+0.0422,1.6316), (+0.0529,1.6293), (+0.0628,1.6158), (+0.0624,1.5983), (+0.0624,1.5817), (+0.0624,1.5650), (+0.0624,1.5484), (+0.0624,1.5317), (+0.0628,1.5143), (+0.0529,1.5008), (+0.0422,1.4984), (+0.0529,1.4961), (+0.0628,1.4826), (+0.0624,1.4651), (+0.0624,1.4485), (+0.0624,1.4318), (+0.0624,1.4152), (+0.0628,1.3978), (+0.0529,1.3843), (+0.0422,1.3819), (+0.0529,1.3795), (+0.0628,1.3660), (+0.0624,1.3486), (+0.0624,1.3319), (+0.0624,1.3153), (+0.0624,1.2986), (+0.0624,1.2820), (+0.0624,1.2653), (+0.0628,1.2479), (+0.0529,1.2344), (+0.0438,1.2317), (+0.0462,1.2237), (+0.0438,1.2158), (+0.0529,1.2130), (+0.0628,1.1995), (+0.0632,1.1821), (+0.0601,1.1651), (+0.0458,1.1567), (+0.0458,1.1575), (+0.0601,1.1492), (+0.0632,1.1322), (+0.0624,1.1155), (+0.0624,1.0989), (+0.0628,1.0814), (+0.0529,1.0679), (+0.0422,1.0656), (+0.0529,1.0632), (+0.0628,1.0497), (+0.0624,1.0323), (+0.0624,1.0156), (+0.0624,0.9990), (+0.0624,0.9823), (+0.0624,0.9657), (+0.0624,0.9490), (+0.0624,0.9324), (+0.0624,0.9157), (+0.0624,0.8991), (+0.0624,0.8824), (+0.0624,0.8658), (+0.0624,0.8491), (+0.0624,0.8325), (+0.0624,0.8158), (+0.0624,0.7984), (+0.0624,0.7984), (+0.0624,0.8158), (+0.0624,0.8325), (+0.0624,0.8491), (+0.0624,0.8658), (+0.0624,0.8824), (+0.0624,0.8991), (+0.0624,0.9157), (+0.0624,0.9324), (+0.0624,0.9490), (+0.0624,0.9657), (+0.0624,0.9823), (+0.0624,0.9990), (+0.0624,1.0156), (+0.0624,1.0323), (+0.0620,1.0497), (+0.0704,1.0628), (+0.0874,1.0604), (+0.1041,1.0521), (+0.1215,1.0513), (+0.1358,1.0422), (+0.1362,1.0239), (+0.1271,1.0065), (+0.1271,1.0065), (+0.1362,1.0239), (+0.1358,1.0422), (+0.1215,1.0513), (+0.1041,1.0521), (+0.0874,1.0588), (+0.0704,1.0675), (+0.0620,1.0814), (+0.0624,1.0989), (+0.0624,1.1155), (+0.0616,1.1322), (+0.0648,1.1492), (+0.0783,1.1571), (+0.0957,1.1520), (+0.1124,1.1536), (+0.1290,1.1579), (+0.1457,1.1575), (+0.1631,1.1635), (+0.1631,1.1635), (+0.1457,1.1575), (+0.1290,1.1579), (+0.1124,1.1536), (+0.0957,1.1520), (+0.0783,1.1563), (+0.0648,1.1651), (+0.0616,1.1821), (+0.0620,1.1995), (+0.0704,1.2130), (+0.0874,1.2158), (+0.1041,1.2106), (+0.1215,1.2039), (+0.1215,1.2039), (+0.1041,1.2106), (+0.0874,1.2150), (+0.0692,1.2150), (+0.0593,1.2233), (+0.0612,1.2404), (+0.0624,1.2570), (+0.0624,1.2737), (+0.0624,1.2903), (+0.0624,1.3070), (+0.0624,1.3236), (+0.0624,1.3403), (+0.0616,1.3569), (+0.0648,1.3740), (+0.0783,1.3823), (+0.0957,1.3827), (+0.1124,1.3791), (+0.1290,1.3748), (+0.1457,1.3716), (+0.1623,1.3633), (+0.1790,1.3494), (+0.1964,1.3319), (+0.2095,1.3145), (+0.2210,1.3014), (+0.2380,1.2899), (+0.2511,1.2737), (+0.2626,1.2570), (+0.2785,1.2404), (+0.2908,1.2237), (+0.3003,1.2071), (+0.3134,1.1904), (+0.3264,1.1738), (+0.3296,1.1571), (+0.3288,1.1405), (+0.3288,1.1238), (+0.3292,1.1072), (+0.3344,1.0905), (+0.3379,1.0739), (+0.3371,1.0572), (+0.3371,1.0406), (+0.3375,1.0239), (+0.3431,1.0065), (+0.3383,0.9926), (+0.3205,0.9978), (+0.3039,1.0156), (+0.2864,1.0331), (+0.2864,1.0331), (+0.3039,1.0156), (+0.3205,0.9994), (+0.3375,0.9879), (+0.3459,0.9748), (+0.3459,0.9573), (+0.3510,0.9407), (+0.3546,0.9240), (+0.3538,0.9074), (+0.3538,0.8907), (+0.3538,0.8741), (+0.3538,0.8574), (+0.3546,0.8408), (+0.3510,0.8241), (+0.3459,0.8075), (+0.3455,0.7908), (+0.3451,0.7742), (+0.3407,0.7575), (+0.3356,0.7409)
  stroke[113] (  7 pts): (+0.6154,0.7258), (+0.6327,0.7385), (+0.6396,0.7464), (+0.6313,0.7575), (+0.6249,0.7694), (+0.6281,0.7591), (+0.6255,0.7421)
  stroke[114] ( 10 pts): (+0.4686,0.3247), (+0.4775,0.3413), (+0.4850,0.3580), (+0.4878,0.3746), (+0.4870,0.3928), (+0.4870,0.4032), (+0.4870,0.3928), (+0.4878,0.3746), (+0.4850,0.3580), (+0.4769,0.3413)
  stroke[115] ( 11 pts): (+0.2456,0.1831), (+0.2622,0.1998), (+0.2789,0.2164), (+0.2959,0.2331), (+0.3042,0.2505), (+0.3042,0.2505), (+0.2959,0.2331), (+0.2789,0.2164), (+0.2622,0.1990), (+0.2440,0.1855), (+0.2349,0.1820)
  stroke[116] ( 66 pts): (+0.0807,0.1165), (+0.0725,0.1332), (+0.0779,0.1498), (+0.0973,0.1681), (+0.1076,0.1784), (+0.0973,0.1681), (+0.0783,0.1491), (+0.0648,0.1491), (+0.0616,0.1665), (+0.0624,0.1831), (+0.0624,0.1998), (+0.0624,0.2164), (+0.0624,0.2331), (+0.0624,0.2497), (+0.0624,0.2664), (+0.0624,0.2830), (+0.0624,0.2997), (+0.0624,0.3163), (+0.0624,0.3330), (+0.0624,0.3496), (+0.0624,0.3663), (+0.0624,0.3829), (+0.0624,0.3996), (+0.0624,0.4162), (+0.0624,0.4329), (+0.0624,0.4495), (+0.0624,0.4662), (+0.0624,0.4828), (+0.0624,0.4995), (+0.0624,0.5161), (+0.0624,0.5328), (+0.0624,0.5494), (+0.0624,0.5661), (+0.0624,0.5835), (+0.0624,0.5835), (+0.0624,0.5661), (+0.0624,0.5494), (+0.0624,0.5328), (+0.0624,0.5161), (+0.0624,0.4995), (+0.0624,0.4828), (+0.0624,0.4662), (+0.0624,0.4495), (+0.0624,0.4329), (+0.0624,0.4162), (+0.0624,0.3996), (+0.0624,0.3829), (+0.0624,0.3663), (+0.0624,0.3496), (+0.0624,0.3330), (+0.0624,0.3163), (+0.0624,0.2997), (+0.0624,0.2830), (+0.0624,0.2664), (+0.0624,0.2497), (+0.0624,0.2331), (+0.0624,0.2164), (+0.0624,0.1998), (+0.0624,0.1831), (+0.0616,0.1665), (+0.0656,0.1491), (+0.0624,0.1356), (+0.0450,0.1324), (+0.0450,0.1332), (+0.0601,0.1326), (+0.0811,0.1269)
  stroke[117] ( 13 pts): (+0.0624,-0.1582), (+0.0624,-0.1415), (+0.0624,-0.1249), (+0.0624,-0.1082), (+0.0624,-0.0916), (+0.0632,-0.0749), (+0.0601,-0.0575), (+0.0601,-0.0575), (+0.0632,-0.0749), (+0.0624,-0.0916), (+0.0624,-0.1082), (+0.0624,-0.1249), (+0.0624,-0.1415)