============================================================
  MOTO RIDER — FULL CONTOUR
  734 points  (dx = distance from midline, dy = head-units from crown)
============================================================

  idx         dx         dy
─────  ─────────  ─────────
    0    +0.0364     0.0007
    1    +0.0562     0.0010
    2    +0.0784     0.0046
    3    +0.1022     0.0104
    4    +0.1268     0.0177
    5    +0.1520     0.0260
    6    +0.1775     0.0351
    7    +0.2038     0.0453
    8    +0.2289     0.0569
    9    +0.2538     0.0702
   10    +0.2789     0.0856
   11    +0.3038     0.1031
   12    +0.3282     0.1224
   13    +0.3518     0.1435
   14    +0.3742     0.1660
   15    +0.3950     0.1897
   16    +0.4139     0.2142
   17    +0.4307     0.2392
   18    +0.4456     0.2644
   19    +0.4586     0.2895
   20    +0.4700     0.3145
   21    +0.4804     0.3393
   22    +0.4898     0.3640
   23    +0.4983     0.3886
   24    +0.5059     0.4133
   25    +0.5124     0.4379
   26    +0.5180     0.4626
   27    +0.5223     0.4873
   28    +0.5254     0.5120
   29    +0.5272     0.5366
   30    +0.5276     0.5613
   31    +0.5268     0.5860
   32    +0.5251     0.6106
   33    +0.5228     0.6353
   34    +0.5200     0.6600
   35    +0.5170     0.6847
   36    +0.5138     0.7093
   37    +0.5101     0.7340
   38    +0.5062     0.7587
   39    +0.5020     0.7833
   40    +0.4974     0.8080
   41    +0.4922     0.8327
   42    +0.4867     0.8574
   43    +0.4809     0.8820
   44    +0.4748     0.9067
   45    +0.4686     0.9314
   46    +0.4621     0.9561
   47    +0.4547     0.9807
   48    +0.4456     1.0054
   49    +0.4342     1.0301
   50    +0.4203     1.0547
   51    +0.4043     1.0793
   52    +0.3869     1.1042
   53    +0.3697     1.1293
   54    +0.3539     1.1547
   55    +0.3411     1.1802
   56    +0.3328     1.2052
   57    +0.3300     1.2294
   58    +0.3336     1.2520
   59    +0.3438     1.2730
   60    +0.3597     1.2919
   61    +0.3800     1.3087
   62    +0.4034     1.3235
   63    +0.4283     1.3363
   64    +0.4539     1.3475
   65    +0.4795     1.3574
   66    +0.5049     1.3668
   67    +0.5301     1.3758
   68    +0.5551     1.3849
   69    +0.5799     1.3940
   70    +0.6045     1.4033
   71    +0.6291     1.4125
   72    +0.6538     1.4216
   73    +0.6785     1.4307
   74    +0.7031     1.4397
   75    +0.7278     1.4485
   76    +0.7527     1.4571
   77    +0.7777     1.4658
   78    +0.8029     1.4748
   79    +0.8280     1.4847
   80    +0.8528     1.4961
   81    +0.8770     1.5094
   82    +0.9001     1.5248
   83    +0.9219     1.5424
   84    +0.9420     1.5623
   85    +0.9603     1.5841
   86    +0.9766     1.6076
   87    +0.9910     1.6322
   88    +1.0038     1.6575
   89    +1.0151     1.6830
   90    +1.0254     1.7082
   91    +1.0348     1.7332
   92    +1.0436     1.7580
   93    +1.0519     1.7826
   94    +1.0598     1.8072
   95    +1.0672     1.8319
   96    +1.0741     1.8566
   97    +1.0805     1.8813
   98    +1.0863     1.9059
   99    +1.0916     1.9306
  100    +1.0964     1.9553
  101    +1.1008     1.9800
  102    +1.1051     2.0046
  103    +1.1092     2.0293
  104    +1.1134     2.0540
  105    +1.1178     2.0786
  106    +1.1224     2.1033
  107    +1.1273     2.1280
  108    +1.1326     2.1527
  109    +1.1381     2.1773
  110    +1.1438     2.2020
  111    +1.1495     2.2267
  112    +1.1552     2.2513
  113    +1.1607     2.2760
  114    +1.1659     2.3007
  115    +1.1708     2.3254
  116    +1.1755     2.3500
  117    +1.1798     2.3747
  118    +1.1838     2.3994
  119    +1.1875     2.4241
  120    +1.1909     2.4487
  121    +1.1940     2.4734
  122    +1.1969     2.4981
  123    +1.1998     2.5227
  124    +1.2028     2.5474
  125    +1.2061     2.5721
  126    +1.2098     2.5968
  127    +1.2138     2.6214
  128    +1.2182     2.6461
  129    +1.2229     2.6708
  130    +1.2281     2.6955
  131    +1.2336     2.7201
  132    +1.2394     2.7448
  133    +1.2453     2.7695
  134    +1.2509     2.7941
  135    +1.2560     2.8188
  136    +1.2604     2.8435
  137    +1.2640     2.8682
  138    +1.2672     2.8928
  139    +1.2698     2.9175
  140    +1.2719     2.9422
  141    +1.2737     2.9668
  142    +1.2752     2.9915
  143    +1.2768     3.0162
  144    +1.2785     3.0409
  145    +1.2805     3.0655
  146    +1.2826     3.0902
  147    +1.2847     3.1149
  148    +1.2864     3.1396
  149    +1.2877     3.1642
  150    +1.2887     3.1889
  151    +1.2894     3.2136
  152    +1.2898     3.2382
  153    +1.2899     3.2629
  154    +1.2897     3.2876
  155    +1.2893     3.3123
  156    +1.2886     3.3369
  157    +1.2877     3.3616
  158    +1.2868     3.3863
  159    +1.2859     3.4109
  160    +1.2850     3.4356
  161    +1.2842     3.4603
  162    +1.2836     3.4850
  163    +1.2832     3.5096
  164    +1.2831     3.5343
  165    +1.2830     3.5590
  166    +1.2827     3.5837
  167    +1.2821     3.6083
  168    +1.2812     3.6330
  169    +1.2798     3.6577
  170    +1.2781     3.6823
  171    +1.2763     3.7070
  172    +1.2745     3.7317
  173    +1.2730     3.7564
  174    +1.2722     3.7810
  175    +1.2718     3.8057
  176    +1.2717     3.8304
  177    +1.2714     3.8551
  178    +1.2705     3.8797
  179    +1.2689     3.9044
  180    +1.2664     3.9291
  181    +1.2635     3.9537
  182    +1.2604     3.9784
  183    +1.2572     4.0031
  184    +1.2541     4.0278
  185    +1.2515     4.0524
  186    +1.2497     4.0771
  187    +1.2494     4.1018
  188    +1.2509     4.1264
  189    +1.2540     4.1511
  190    +1.2578     4.1758
  191    +1.2618     4.2005
  192    +1.2649     4.2251
  193    +1.2665     4.2498
  194    +1.2668     4.2745
  195    +1.2657     4.2992
  196    +1.2631     4.3238
  197    +1.2588     4.3484
  198    +1.2525     4.3731
  199    +1.2441     4.3979
  200    +1.2336     4.4229
  201    +1.2212     4.4483
  202    +1.2071     4.4736
  203    +1.1910     4.4986
  204    +1.1729     4.5228
  205    +1.1526     4.5458
  206    +1.1302     4.5679
  207    +1.1061     4.5890
  208    +1.0811     4.6087
  209    +1.0557     4.6264
  210    +1.0297     4.6410
  211    +1.0033     4.6517
  212    +0.9769     4.6581
  213    +0.9509     4.6604
  214    +0.9267     4.6586
  215    +0.9060     4.6531
  216    +0.8908     4.6437
  217    +0.8821     4.6300
  218    +0.8799     4.6122
  219    +0.8837     4.5914
  220    +0.8917     4.5687
  221    +0.9017     4.5455
  222    +0.9108     4.5228
  223    +0.9162     4.5015
  224    +0.9158     4.4829
  225    +0.9090     4.4677
  226    +0.8955     4.4573
  227    +0.8768     4.4532
  228    +0.8561     4.4561
  229    +0.8363     4.4656
  230    +0.8199     4.4803
  231    +0.8080     4.4986
  232    +0.8010     4.5187
  233    +0.7983     4.5396
  234    +0.7980     4.5604
  235    +0.7988     4.5810
  236    +0.7999     4.6013
  237    +0.8005     4.6213
  238    +0.8000     4.6414
  239    +0.7984     4.6616
  240    +0.7955     4.6827
  241    +0.7921     4.7051
  242    +0.7892     4.7290
  243    +0.7872     4.7538
  244    +0.7858     4.7792
  245    +0.7850     4.8045
  246    +0.7844     4.8296
  247    +0.7835     4.8544
  248    +0.7819     4.8790
  249    +0.7801     4.9036
  250    +0.7784     4.9283
  251    +0.7766     4.9530
  252    +0.7748     4.9776
  253    +0.7728     5.0023
  254    +0.7708     5.0270
  255    +0.7687     5.0517
  256    +0.7663     5.0763
  257    +0.7638     5.1010
  258    +0.7610     5.1257
  259    +0.7580     5.1503
  260    +0.7553     5.1750
  261    +0.7529     5.1997
  262    +0.7516     5.2244
  263    +0.7512     5.2490
  264    +0.7520     5.2737
  265    +0.7536     5.2984
  266    +0.7555     5.3231
  267    +0.7573     5.3477
  268    +0.7586     5.3724
  269    +0.7593     5.3971
  270    +0.7596     5.4217
  271    +0.7596     5.4464
  272    +0.7596     5.4711
  273    +0.7597     5.4958
  274    +0.7597     5.5204
  275    +0.7600     5.5451
  276    +0.7605     5.5698
  277    +0.7617     5.5944
  278    +0.7637     5.6191
  279    +0.7664     5.6438
  280    +0.7693     5.6685
  281    +0.7723     5.6931
  282    +0.7753     5.7178
  283    +0.7783     5.7425
  284    +0.7812     5.7672
  285    +0.7841     5.7918
  286    +0.7867     5.8165
  287    +0.7888     5.8412
  288    +0.7903     5.8658
  289    +0.7912     5.8905
  290    +0.7919     5.9152
  291    +0.7931     5.9399
  292    +0.7949     5.9645
  293    +0.7974     5.9892
  294    +0.8005     6.0139
  295    +0.8038     6.0386
  296    +0.8070     6.0632
  297    +0.8099     6.0879
  298    +0.8121     6.1126
  299    +0.8137     6.1372
  300    +0.8146     6.1619
  301    +0.8147     6.1866
  302    +0.8141     6.2113
  303    +0.8132     6.2359
  304    +0.8125     6.2606
  305    +0.8125     6.2853
  306    +0.8130     6.3099
  307    +0.8142     6.3346
  308    +0.8156     6.3593
  309    +0.8169     6.3840
  310    +0.8180     6.4086
  311    +0.8190     6.4333
  312    +0.8196     6.4580
  313    +0.8196     6.4827
  314    +0.8186     6.5073
  315    +0.8170     6.5320
  316    +0.8150     6.5567
  317    +0.8131     6.5813
  318    +0.8121     6.6060
  319    +0.8123     6.6308
  320    +0.8135     6.6556
  321    +0.8148     6.6804
  322    +0.8157     6.7051
  323    +0.8156     6.7296
  324    +0.8142     6.7539
  325    +0.8113     6.7779
  326    +0.8070     6.8018
  327    +0.8015     6.8256
  328    +0.7951     6.8493
  329    +0.7883     6.8731
  330    +0.7815     6.8969
  331    +0.7752     6.9209
  332    +0.7701     6.9451
  333    +0.7658     6.9696
  334    +0.7619     6.9944
  335    +0.7583     7.0193
  336    +0.7551     7.0442
  337    +0.7527     7.0690
  338    +0.7512     7.0934
  339    +0.7515     7.1175
  340    +0.7536     7.1414
  341    +0.7572     7.1653
  342    +0.7612     7.1890
  343    +0.7653     7.2127
  344    +0.7684     7.2365
  345    +0.7697     7.2605
  346    +0.7686     7.2847
  347    +0.7655     7.3092
  348    +0.7611     7.3338
  349    +0.7567     7.3585
  350    +0.7538     7.3831
  351    +0.7537     7.4074
  352    +0.7569     7.4314
  353    +0.7632     7.4552
  354    +0.7717     7.4789
  355    +0.7813     7.5027
  356    +0.7911     7.5264
  357    +0.8004     7.5503
  358    +0.8088     7.5744
  359    +0.8165     7.5988
  360    +0.8242     7.6234
  361    +0.8327     7.6481
  362    +0.8422     7.6729
  363    +0.8529     7.6977
  364    +0.8648     7.7224
  365    +0.8778     7.7470
  366    +0.8911     7.7717
  367    +0.9040     7.7968
  368    +0.9159     7.8224
  369    +0.9257     7.8484
  370    +0.9325     7.8741
  371    +0.9355     7.8989
  372    +0.9344     7.9219
  373    +0.9292     7.9424
  374    +0.9199     7.9599
  375    +0.9064     7.9741
  376    +0.8889     7.9849
  377    +0.8678     7.9926
  378    +0.8439     7.9973
  379    +0.8182     7.9995
  380    +0.7919     8.0003
  381    +0.7658     8.0003
  382    +0.7403     8.0001
  383    +0.7153     8.0002
  384    +0.6908     8.0005
  385    +0.6663     8.0012
  386    +0.6413     8.0021
  387    +0.6159     8.0029
  388    +0.5902     8.0031
  389    +0.5649     8.0020
  390    +0.5406     7.9986
  391    +0.5178     7.9925
  392    +0.4968     7.9832
  393    +0.4772     7.9711
  394    +0.4581     7.9566
  395    +0.4393     7.9403
  396    +0.4208     7.9224
  397    +0.4029     7.9034
  398    +0.3860     7.8835
  399    +0.3704     7.8633
  400    +0.3562     7.8428
  401    +0.3440     7.8222
  402    +0.3344     7.8008
  403    +0.3281     7.7785
  404    +0.3253     7.7549
  405    +0.3254     7.7304
  406    +0.3275     7.7051
  407    +0.3306     7.6798
  408    +0.3339     7.6547
  409    +0.3373     7.6298
  410    +0.3407     7.6052
  411    +0.3439     7.5806
  412    +0.3467     7.5559
  413    +0.3488     7.5312
  414    +0.3499     7.5066
  415    +0.3502     7.4819
  416    +0.3497     7.4572
  417    +0.3487     7.4325
  418    +0.3473     7.4079
  419    +0.3455     7.3832
  420    +0.3438     7.3585
  421    +0.3426     7.3338
  422    +0.3421     7.3092
  423    +0.3425     7.2845
  424    +0.3433     7.2598
  425    +0.3443     7.2352
  426    +0.3448     7.2105
  427    +0.3444     7.1858
  428    +0.3430     7.1611
  429    +0.3407     7.1365
  430    +0.3376     7.1118
  431    +0.3339     7.0871
  432    +0.3297     7.0625
  433    +0.3253     7.0378
  434    +0.3208     7.0131
  435    +0.3162     6.9884
  436    +0.3117     6.9638
  437    +0.3073     6.9391
  438    +0.3029     6.9144
  439    +0.2986     6.8897
  440    +0.2944     6.8651
  441    +0.2903     6.8404
  442    +0.2862     6.8157
  443    +0.2822     6.7911
  444    +0.2782     6.7664
  445    +0.2745     6.7417
  446    +0.2713     6.7170
  447    +0.2684     6.6924
  448    +0.2658     6.6677
  449    +0.2633     6.6430
  450    +0.2606     6.6184
  451    +0.2577     6.5937
  452    +0.2550     6.5690
  453    +0.2526     6.5443
  454    +0.2506     6.5197
  455    +0.2489     6.4950
  456    +0.2473     6.4703
  457    +0.2456     6.4456
  458    +0.2439     6.4210
  459    +0.2421     6.3963
  460    +0.2402     6.3716
  461    +0.2380     6.3470
  462    +0.2352     6.3223
  463    +0.2318     6.2976
  464    +0.2279     6.2729
  465    +0.2241     6.2483
  466    +0.2208     6.2236
  467    +0.2184     6.1989
  468    +0.2172     6.1742
  469    +0.2171     6.1496
  470    +0.2178     6.1249
  471    +0.2195     6.1002
  472    +0.2216     6.0756
  473    +0.2239     6.0509
  474    +0.2257     6.0262
  475    +0.2266     6.0015
  476    +0.2263     5.9769
  477    +0.2247     5.9522
  478    +0.2220     5.9275
  479    +0.2186     5.9029
  480    +0.2149     5.8782
  481    +0.2114     5.8535
  482    +0.2084     5.8288
  483    +0.2062     5.8042
  484    +0.2047     5.7795
  485    +0.2037     5.7548
  486    +0.2028     5.7301
  487    +0.2016     5.7055
  488    +0.1995     5.6808
  489    +0.1963     5.6561
  490    +0.1922     5.6315
  491    +0.1872     5.6068
  492    +0.1817     5.5821
  493    +0.1762     5.5574
  494    +0.1714     5.5328
  495    +0.1673     5.5081
  496    +0.1643     5.4834
  497    +0.1622     5.4588
  498    +0.1609     5.4341
  499    +0.1599     5.4094
  500    +0.1590     5.3847
  501    +0.1578     5.3601
  502    +0.1561     5.3354
  503    +0.1536     5.3107
  504    +0.1504     5.2860
  505    +0.1466     5.2614
  506    +0.1422     5.2367
  507    +0.1375     5.2120
  508    +0.1327     5.1874
  509    +0.1279     5.1627
  510    +0.1233     5.1380
  511    +0.1188     5.1133
  512    +0.1145     5.0887
  513    +0.1103     5.0640
  514    +0.1062     5.0393
  515    +0.1022     5.0146
  516    +0.0982     4.9900
  517    +0.0942     4.9653
  518    +0.0902     4.9406
  519    +0.0863     4.9160
  520    +0.0825     4.8913
  521    +0.0787     4.8666
  522    +0.0749     4.8420
  523    +0.0712     4.8174
  524    +0.0679     4.7926
  525    +0.0651     4.7673
  526    +0.0625     4.7419
  527    +0.0596     4.7166
  528    +0.0556     4.6920
  529    +0.0503     4.6685
  530    +0.0431     4.6465
  531    +0.0347     4.6258
  532    +0.0256     4.6060
  533    +0.0164     4.5867
  534    +0.0077     4.5676
  535    -0.0002     4.5482
  536    -0.0069     4.5284
  537    -0.0118     4.5075
  538    -0.0146     4.4852
  539    -0.0154     4.4615
  540    -0.0149     4.4368
  541    -0.0138     4.4114
  542    -0.0127     4.3860
  543    -0.0122     4.3608
  544    -0.0123     4.3359
  545    -0.0127     4.3112
  546    -0.0130     4.2865
  547    -0.0130     4.2618
  548    -0.0127     4.2373
  549    -0.0119     4.2131
  550    -0.0105     4.1891
  551    -0.0089     4.1653
  552    -0.0071     4.1415
  553    -0.0052     4.1178
  554    -0.0034     4.0940
  555    -0.0018     4.0701
  556    -0.0005     4.0461
  557    +0.0004     4.0218
  558    +0.0007     3.9973
  559    +0.0007     3.9726
  560    +0.0004     3.9478
  561    +0.0001     3.9230
  562    -0.0001     3.8982
  563    +0.0000     3.8735
  564    +0.0004     3.8487
  565    +0.0006     3.8239
  566    +0.0007     3.7992
  567    +0.0005     3.7746
  568    -0.0002     3.7502
  569    -0.0014     3.7261
  570    -0.0030     3.7022
  571    -0.0048     3.6784
  572    -0.0066     3.6547
  573    -0.0085     3.6310
  574    -0.0101     3.6071
  575    -0.0116     3.5832
  576    -0.0125     3.5590
  577    -0.0130     3.5346
  578    -0.0130     3.5100
  579    -0.0128     3.4852
  580    -0.0126     3.4604
  581    -0.0123     3.4356
  582    -0.0123     3.4109
  583    -0.0123     3.3863
  584    -0.0123     3.3616
  585    -0.0123     3.3369
  586    -0.0123     3.3123
  587    -0.0123     3.2876
  588    -0.0123     3.2629
  589    -0.0123     3.2382
  590    -0.0123     3.2136
  591    -0.0123     3.1889
  592    -0.0123     3.1642
  593    -0.0123     3.1396
  594    -0.0123     3.1149
  595    -0.0123     3.0902
  596    -0.0123     3.0655
  597    -0.0123     3.0409
  598    -0.0123     3.0162
  599    -0.0123     2.9915
  600    -0.0123     2.9668
  601    -0.0123     2.9422
  602    -0.0123     2.9175
  603    -0.0123     2.8928
  604    -0.0123     2.8682
  605    -0.0123     2.8435
  606    -0.0123     2.8188
  607    -0.0123     2.7941
  608    -0.0123     2.7695
  609    -0.0123     2.7448
  610    -0.0123     2.7201
  611    -0.0123     2.6955
  612    -0.0123     2.6708
  613    -0.0123     2.6461
  614    -0.0123     2.6214
  615    -0.0123     2.5968
  616    -0.0123     2.5721
  617    -0.0123     2.5474
  618    -0.0123     2.5227
  619    -0.0123     2.4981
  620    -0.0123     2.4734
  621    -0.0123     2.4487
  622    -0.0123     2.4241
  623    -0.0123     2.3994
  624    -0.0123     2.3747
  625    -0.0123     2.3500
  626    -0.0123     2.3254
  627    -0.0123     2.3007
  628    -0.0123     2.2760
  629    -0.0123     2.2513
  630    -0.0123     2.2267
  631    -0.0123     2.2020
  632    -0.0123     2.1773
  633    -0.0123     2.1527
  634    -0.0123     2.1280
  635    -0.0123     2.1033
  636    -0.0123     2.0786
  637    -0.0123     2.0540
  638    -0.0123     2.0293
  639    -0.0123     2.0046
  640    -0.0123     1.9800
  641    -0.0123     1.9553
  642    -0.0123     1.9306
  643    -0.0123     1.9059
  644    -0.0123     1.8813
  645    -0.0123     1.8566
  646    -0.0123     1.8319
  647    -0.0123     1.8072
  648    -0.0123     1.7826
  649    -0.0123     1.7579
  650    -0.0123     1.7333
  651    -0.0121     1.7088
  652    -0.0122     1.6840
  653    -0.0128     1.6587
  654    -0.0140     1.6329
  655    -0.0154     1.6068
  656    -0.0166     1.5810
  657    -0.0168     1.5565
  658    -0.0146     1.5345
  659    -0.0092     1.5158
  660    +0.0002     1.5007
  661    +0.0140     1.4889
  662    +0.0320     1.4797
  663    +0.0534     1.4716
  664    +0.0764     1.4634
  665    +0.0986     1.4540
  666    +0.1177     1.4426
  667    +0.1312     1.4296
  668    +0.1373     1.4158
  669    +0.1353     1.4024
  670    +0.1253     1.3905
  671    +0.1087     1.3808
  672    +0.0877     1.3735
  673    +0.0648     1.3680
  674    +0.0424     1.3629
  675    +0.0225     1.3568
  676    +0.0066     1.3483
  677    -0.0050     1.3361
  678    -0.0123     1.3198
  679    -0.0161     1.2993
  680    -0.0169     1.2756
  681    -0.0161     1.2500
  682    -0.0147     1.2237
  683    -0.0133     1.1976
  684    -0.0125     1.1720
  685    -0.0121     1.1471
  686    -0.0122     1.1224
  687    -0.0123     1.0979
  688    -0.0123     1.0732
  689    -0.0123     1.0486
  690    -0.0123     1.0239
  691    -0.0123     0.9992
  692    -0.0123     0.9746
  693    -0.0123     0.9499
  694    -0.0123     0.9252
  695    -0.0123     0.9005
  696    -0.0123     0.8759
  697    -0.0123     0.8512
  698    -0.0123     0.8265
  699    -0.0123     0.8019
  700    -0.0123     0.7772
  701    -0.0123     0.7525
  702    -0.0123     0.7278
  703    -0.0123     0.7032
  704    -0.0123     0.6785
  705    -0.0123     0.6538
  706    -0.0123     0.6291
  707    -0.0123     0.6045
  708    -0.0123     0.5798
  709    -0.0123     0.5551
  710    -0.0123     0.5305
  711    -0.0123     0.5058
  712    -0.0123     0.4811
  713    -0.0123     0.4564
  714    -0.0123     0.4318
  715    -0.0123     0.4071
  716    -0.0123     0.3824
  717    -0.0123     0.3577
  718    -0.0123     0.3331
  719    -0.0123     0.3084
  720    -0.0123     0.2837
  721    -0.0123     0.2591
  722    -0.0121     0.2346
  723    -0.0122     0.2098
  724    -0.0128     0.1846
  725    -0.0140     0.1587
  726    -0.0154     0.1324
  727    -0.0153     0.1065
  728    -0.0150     0.0818
  729    -0.0135     0.0592
  730    -0.0099     0.0396
  731    -0.0033     0.0237
  732    +0.0065     0.0119
  733    +0.0197     0.0042

============================================================
  MEASUREMENTS — ALL 81 Y LEVELS
  Format: [inner_dx .. outer_dx]  (each bracket = one body span)
============================================================

  y=  0.0  [-0.0247 .. +0.0308]
  y=  0.1  [-0.3022 .. +0.3022]
  y=  0.2  [-0.4071 .. +0.4009]
  y=  0.3  [-0.4626 .. +0.4626]
  y=  0.4  [-0.4996 .. +0.4996]
  y=  0.5  [+0.4934 .. +0.5243] [-0.3824 .. +0.3824] [-0.5243 .. -0.4934]
  y=  0.6  [+0.4071 .. +0.5243] [-0.5243 .. +0.3207]
  y=  0.7  [+0.4194 .. +0.5120] [-0.3146 .. +0.3146] [-0.5181 .. -0.4256]
  y=  0.8  [+0.4009 .. +0.4996] [-0.2961 .. +0.2961] [-0.4996 .. -0.4009]
  y=  0.9  [-0.4811 .. +0.4811]
  y=  1.0  [-0.4441 .. +0.4441]
  y=  1.1  [-0.4071 .. +0.4009]
  y=  1.2  [-0.3207 .. +0.3207]
  y=  1.3  [-0.2467 .. +0.3516] [-0.3577 .. -0.3084]
  y=  1.4  [+0.5366 .. +0.5860] [+0.1480 .. +0.3392] [-0.3392 .. -0.2714] [-0.5860 .. -0.5366]
  y=  1.5  [-0.8635 .. +0.8635]
  y=  1.6  [-0.9746 .. +0.9684]
  y=  1.7  [-1.0177 .. +1.0177]
  y=  1.8  [-1.0547 .. +1.0547]
  y=  1.9  [-1.0856 .. +1.0856]
  y=  2.0  [+1.0547 .. +1.1041] [+0.8944 .. +0.9499] [-0.7772 .. +0.7710] [-0.9437 .. -0.8944] [-1.1041 .. -1.0547]
  y=  2.1  [+1.0486 .. +1.1226] [+0.9190 .. +0.9499] [-0.8327 .. +0.8327] [-0.9499 .. -0.9190] [-1.1226 .. -1.0486]
  y=  2.2  [+0.9314 .. +1.1411] [-0.8450 .. +0.8450] [-1.1411 .. -0.9314]
  y=  2.3  [-1.1658 .. +1.1658]
  y=  2.4  [+0.6908 .. +1.1843] [-0.6230 .. +0.6291] [-1.1843 .. -0.7093]
  y=  2.5  [-1.1966 .. +1.1966]
  y=  2.6  [+0.6847 .. +1.2089] [-1.2089 .. +0.6230]
  y=  2.7  [-1.2336 .. +1.2274]
  y=  2.8  [+1.2089 .. +1.2460] [+0.7710 .. +1.0732] [-0.6970 .. +0.7032] [-1.0732 .. -0.7833] [-1.2460 .. -1.2151]
  y=  2.9  [+1.2583 .. +1.2706] [+0.7895 .. +1.1534] [-0.6847 .. +0.6847] [-1.1349 .. -0.7895] [-1.2768 .. -1.2583]
  y=  3.0  [+0.9190 .. +1.2768] [-0.8327 .. +0.8327] [-1.2768 .. -0.9190]
  y=  3.1  [-1.2830 .. +1.2830]
  y=  3.2  [-1.2891 .. +1.2891]
  y=  3.3  [+1.2336 .. +1.2891] [-1.1288 .. +1.1226] [-1.2891 .. -1.2336]
  y=  3.4  [+1.2151 .. +1.2891] [+1.0918 .. +1.1288] [-1.0177 .. +1.0054] [-1.1288 .. -1.0794] [-1.2891 .. -1.2213]
  y=  3.5  [+0.6662 .. +1.2830] [-0.2221 .. +0.4564] [-0.5798 .. -0.3948] [-1.2830 .. -0.6662]
  y=  3.6  [-1.2830 .. +1.2830]
  y=  3.7  [+0.0000 .. +1.2768] [-1.2768 .. -0.1234]
  y=  3.8  [+0.6353 .. +1.2706] [+0.0000 .. +0.5675] [-1.2706 .. -0.1234]
  y=  3.9  [+0.0000 .. +1.2706] [-1.2706 .. -0.1234]
  y=  4.0  [+0.0000 .. +1.2521] [-1.2521 .. -0.1234]
  y=  4.1  [+1.2336 .. +1.2521] [+1.1164 .. +1.1349] [+0.8450 .. +1.0301] [+0.0000 .. +0.7833] [-0.7895 .. -0.1049] [-1.1349 .. -0.8512] [-1.2521 .. -1.2398]
  y=  4.2  [-1.2583 .. +1.2583]
  y=  4.3  [+0.1912 .. +1.2768] [-1.2768 .. +0.0740]
  y=  4.4  [-1.2398 .. +1.2398]
  y=  4.5  [+0.9375 .. +1.1966] [-0.7957 .. +0.7957] [-1.2028 .. -0.9437]
  y=  4.6  [+0.8697 .. +1.1041] [+0.0432 .. +0.8080] [-0.7957 .. -0.0432] [-1.1103 .. -0.8820]
  y=  4.7  [+0.0555 .. +0.7895] [-0.7957 .. -0.0555]
  y=  4.8  [+0.0678 .. +0.7833] [-0.7895 .. -0.0740]
  y=  4.9  [+0.0864 .. +0.7833] [-0.7833 .. -0.0864]
  y=  5.0  [+0.0987 .. +0.7710] [-0.7772 .. -0.1049]
  y=  5.1  [+0.1172 .. +0.7648] [-0.7648 .. -0.1172]
  y=  5.2  [+0.6723 .. +0.7525] [+0.1357 .. +0.5305] [-0.7587 .. -0.1357]
  y=  5.3  [+0.1542 .. +0.7525] [-0.7525 .. -0.1542]
  y=  5.4  [+0.1604 .. +0.7648] [-0.7710 .. -0.1604]
  y=  5.5  [+0.1665 .. +0.7525] [-0.7587 .. -0.1665]
  y=  5.6  [+0.1850 .. +0.7710] [-0.7710 .. -0.1850]
  y=  5.7  [+0.2035 .. +0.7648] [-0.7710 .. -0.2097]
  y=  5.8  [+0.3763 .. +0.7895] [+0.2035 .. +0.2652] [-0.2652 .. -0.2035] [-0.7957 .. -0.3824]
  y=  5.9  [+0.2159 .. +0.7895] [-0.7895 .. -0.2221]
  y=  6.0  [+0.6600 .. +0.7957] [+0.4688 .. +0.5675] [+0.2282 .. +0.3207] [-0.8019 .. -0.2282]
  y=  6.1  [+0.2221 .. +0.8142] [-0.8142 .. -0.2221]
  y=  6.2  [+0.2159 .. +0.8142] [-0.8204 .. -0.2221]
  y=  6.3  [+0.2282 .. +0.8142] [-0.8142 .. -0.2344]
  y=  6.4  [+0.2467 .. +0.8204] [-0.8204 .. -0.2467]
  y=  6.5  [+0.4133 .. +0.8142] [+0.2406 .. +0.3084] [-0.8204 .. -0.2467]
  y=  6.6  [+0.2591 .. +0.8142] [-0.8142 .. -0.2591]
  y=  6.7  [+0.2714 .. +0.8080] [-0.8080 .. -0.2714]
  y=  6.8  [+0.2837 .. +0.8142] [-0.8142 .. -0.2837]
  y=  6.9  [+0.3022 .. +0.7772] [-0.7772 .. -0.3022]
  y=  7.0  [+0.3146 .. +0.7648] [-0.7648 .. -0.3207]
  y=  7.1  [+0.3331 .. +0.7525] [-0.7525 .. -0.3392]
  y=  7.2  [+0.3454 .. +0.7648] [-0.7648 .. -0.3454]
  y=  7.3  [+0.7093 .. +0.7772] [+0.3392 .. +0.4379] [-0.4379 .. -0.3454] [-0.7772 .. -0.7093]
  y=  7.4  [+0.6662 .. +0.7463] [+0.3454 .. +0.4934] [-0.4996 .. -0.3454] [-0.7463 .. -0.6662]
  y=  7.5  [+0.6847 .. +0.7895] [+0.3516 .. +0.4811] [-0.4811 .. -0.3577] [-0.7895 .. -0.6908]
  y=  7.6  [+0.3392 .. +0.8204] [-0.8204 .. -0.3392]
  y=  7.7  [+0.8265 .. +0.8450] [+0.3269 .. +0.7402] [-0.7402 .. -0.3331] [-0.8512 .. -0.8265]
  y=  7.8  [+0.8944 .. +0.9129] [+0.3269 .. +0.7340] [-0.7340 .. -0.3331] [-0.9129 .. -0.9005]
  y=  7.9  [+0.4256 .. +0.9375] [-0.9375 .. -0.4256]
  y=  8.0  [+0.5181 .. +0.7957] [-0.8019 .. -0.5181]

============================================================
  STROKES — ALL 292 DETAIL CURVES
============================================================

  stroke[  0] ( 12 pts): (+0.7957,7.9630), (+0.7833,7.9630), (+0.7710,7.9630), (+0.7587,7.9630), (+0.7463,7.9630), (+0.7328,7.9630), (+0.7252,7.9630), (+0.7328,7.9630), (+0.7463,7.9630), (+0.7587,7.9630), (+0.7710,7.9630), (+0.7833,7.9630)
  stroke[  1] ( 70 pts): (+0.8682,7.9089), (+0.8838,7.9132), (+0.8950,7.9136), (+0.8950,7.9136), (+0.8820,7.9134), (+0.8697,7.9095), (+0.8574,7.9069), (+0.8450,7.9075), (+0.8327,7.9075), (+0.8204,7.9075), (+0.8080,7.9075), (+0.7957,7.9075), (+0.7833,7.9075), (+0.7710,7.9075), (+0.7587,7.9075), (+0.7463,7.9075), (+0.7340,7.9075), (+0.7217,7.9069), (+0.7093,7.9095), (+0.6970,7.9134), (+0.6847,7.9136), (+0.6723,7.9139), (+0.6600,7.9178), (+0.6476,7.9198), (+0.6353,7.9219), (+0.6230,7.9257), (+0.6106,7.9254), (+0.5983,7.9280), (+0.5860,7.9319), (+0.5736,7.9322), (+0.5613,7.9322), (+0.5490,7.9322), (+0.5366,7.9322), (+0.5243,7.9322), (+0.5120,7.9319), (+0.4996,7.9286), (+0.4873,7.9230), (+0.4744,7.9154), (+0.4744,7.9154), (+0.4873,7.9230), (+0.4996,7.9286), (+0.5120,7.9319), (+0.5243,7.9322), (+0.5366,7.9322), (+0.5490,7.9322), (+0.5613,7.9322), (+0.5736,7.9322), (+0.5860,7.9319), (+0.5983,7.9280), (+0.6106,7.9254), (+0.6230,7.9257), (+0.6353,7.9219), (+0.6476,7.9198), (+0.6600,7.9178), (+0.6723,7.9139), (+0.6847,7.9136), (+0.6970,7.9134), (+0.7093,7.9095), (+0.7217,7.9069), (+0.7340,7.9075), (+0.7463,7.9075), (+0.7587,7.9075), (+0.7710,7.9075), (+0.7833,7.9075), (+0.7957,7.9075), (+0.8080,7.9075), (+0.8204,7.9075), (+0.8327,7.9075), (+0.8450,7.9075), (+0.8574,7.9075)
  stroke[  2] ( 33 pts): (+0.7587,7.7493), (+0.7710,7.7520), (+0.7833,7.7536), (+0.7969,7.7574), (+0.8045,7.7606), (+0.7969,7.7574), (+0.7833,7.7536), (+0.7710,7.7530), (+0.7587,7.7492), (+0.7463,7.7465), (+0.7340,7.7471), (+0.7217,7.7471), (+0.7093,7.7471), (+0.6970,7.7471), (+0.6847,7.7465), (+0.6723,7.7492), (+0.6600,7.7530), (+0.6476,7.7536), (+0.6353,7.7574), (+0.6230,7.7603), (+0.6101,7.7641), (+0.6101,7.7641), (+0.6230,7.7603), (+0.6353,7.7574), (+0.6476,7.7536), (+0.6600,7.7530), (+0.6723,7.7492), (+0.6847,7.7465), (+0.6970,7.7471), (+0.7093,7.7471), (+0.7217,7.7471), (+0.7340,7.7471), (+0.7463,7.7471)
  stroke[  3] ( 30 pts): (+0.3639,7.7355), (+0.3763,7.7427), (+0.3886,7.7527), (+0.4009,7.7656), (+0.4138,7.7779), (+0.4232,7.7903), (+0.4282,7.8026), (+0.4318,7.8150), (+0.4350,7.8273), (+0.4365,7.8408), (+0.4373,7.8484), (+0.4321,7.8408), (+0.4194,7.8264), (+0.4068,7.8226), (+0.4006,7.8335), (+0.4012,7.8340), (+0.4047,7.8211), (+0.4030,7.8082), (+0.4021,7.8082), (+0.4127,7.8211), (+0.4262,7.8340), (+0.4359,7.8340), (+0.4350,7.8211), (+0.4291,7.8088), (+0.4262,7.7965), (+0.4197,7.7841), (+0.4071,7.7718), (+0.3948,7.7594), (+0.3824,7.7475), (+0.3701,7.7395)
  stroke[  4] (  7 pts): (+0.4501,7.7072), (+0.4393,7.7110), (+0.4332,7.7224), (+0.4309,7.7359), (+0.4373,7.7436), (+0.4465,7.7359), (+0.4503,7.7233)
  stroke[  5] ( 27 pts): (+0.5435,7.5653), (+0.5296,7.5691), (+0.5260,7.5806), (+0.5302,7.5929), (+0.5310,7.6052), (+0.5290,7.6176), (+0.5228,7.6299), (+0.5125,7.6428), (+0.4996,7.6525), (+0.4873,7.6608), (+0.4749,7.6690), (+0.4626,7.6787), (+0.4494,7.6916), (+0.4456,7.7048), (+0.4559,7.7086), (+0.4688,7.6984), (+0.4811,7.6857), (+0.4934,7.6766), (+0.5058,7.6696), (+0.5181,7.6605), (+0.5302,7.6484), (+0.5393,7.6361), (+0.5466,7.6237), (+0.5495,7.6114), (+0.5495,7.5991), (+0.5472,7.5867), (+0.5421,7.5744)
  stroke[  6] ( 17 pts): (+0.3818,7.5559), (+0.3833,7.5682), (+0.3865,7.5806), (+0.3892,7.5929), (+0.3889,7.6052), (+0.3927,7.6176), (+0.3953,7.6299), (+0.3948,7.6423), (+0.3948,7.6552), (+0.3948,7.6552), (+0.3948,7.6423), (+0.3953,7.6299), (+0.3927,7.6176), (+0.3889,7.6052), (+0.3892,7.5929), (+0.3865,7.5806), (+0.3833,7.5682)
  stroke[  7] ( 15 pts): (+0.7167,7.5537), (+0.7018,7.5524), (+0.6970,7.5615), (+0.7005,7.5744), (+0.7052,7.5867), (+0.7105,7.5991), (+0.7170,7.6114), (+0.7272,7.6243), (+0.7408,7.6346), (+0.7510,7.6308), (+0.7472,7.6176), (+0.7343,7.6052), (+0.7255,7.5929), (+0.7217,7.5806), (+0.7173,7.5682)
  stroke[  8] ( 10 pts): (+0.7506,7.5127), (+0.7596,7.5251), (+0.7651,7.5374), (+0.7651,7.5497), (+0.7698,7.5632), (+0.7742,7.5709), (+0.7698,7.5632), (+0.7651,7.5497), (+0.7651,7.5374), (+0.7587,7.5251)
  stroke[  9] ( 47 pts): (+0.6723,7.3447), (+0.6600,7.3405), (+0.6476,7.3400), (+0.6353,7.3403), (+0.6230,7.3441), (+0.6106,7.3468), (+0.5983,7.3462), (+0.5860,7.3462), (+0.5736,7.3462), (+0.5613,7.3462), (+0.5490,7.3462), (+0.5366,7.3462), (+0.5243,7.3462), (+0.5120,7.3462), (+0.4996,7.3456), (+0.4870,7.3479), (+0.4808,7.3579), (+0.4814,7.3709), (+0.4852,7.3832), (+0.4882,7.3955), (+0.4914,7.4079), (+0.4934,7.4202), (+0.4955,7.4325), (+0.4987,7.4449), (+0.5014,7.4575), (+0.5114,7.4637), (+0.5243,7.4631), (+0.5366,7.4599), (+0.5490,7.4546), (+0.5613,7.4513), (+0.5736,7.4507), (+0.5860,7.4469), (+0.5983,7.4443), (+0.6106,7.4449), (+0.6230,7.4449), (+0.6353,7.4443), (+0.6476,7.4469), (+0.6600,7.4513), (+0.6726,7.4493), (+0.6785,7.4393), (+0.6744,7.4264), (+0.6717,7.4140), (+0.6723,7.4017), (+0.6723,7.3894), (+0.6723,7.3770), (+0.6723,7.3647), (+0.6723,7.3524)
  stroke[ 10] ( 28 pts): (+0.3834,7.2722), (+0.3899,7.2845), (+0.3948,7.2968), (+0.3989,7.3092), (+0.4009,7.3215), (+0.4030,7.3338), (+0.4068,7.3462), (+0.4071,7.3585), (+0.4071,7.3709), (+0.4071,7.3832), (+0.4071,7.3955), (+0.4068,7.4079), (+0.4036,7.4202), (+0.3983,7.4337), (+0.3953,7.4413), (+0.3983,7.4337), (+0.4036,7.4202), (+0.4068,7.4079), (+0.4071,7.3955), (+0.4071,7.3832), (+0.4071,7.3709), (+0.4071,7.3585), (+0.4068,7.3462), (+0.4030,7.3338), (+0.4009,7.3215), (+0.3989,7.3092), (+0.3948,7.2968), (+0.3904,7.2845)
  stroke[ 11] ( 63 pts): (+0.7155,7.2208), (+0.7032,7.2180), (+0.6908,7.2208), (+0.6785,7.2234), (+0.6662,7.2228), (+0.6538,7.2231), (+0.6415,7.2269), (+0.6291,7.2296), (+0.6168,7.2290), (+0.6045,7.2290), (+0.5921,7.2290), (+0.5798,7.2290), (+0.5675,7.2290), (+0.5551,7.2290), (+0.5428,7.2290), (+0.5305,7.2290), (+0.5181,7.2290), (+0.5058,7.2290), (+0.4934,7.2290), (+0.4811,7.2290), (+0.4688,7.2287), (+0.4564,7.2249), (+0.4441,7.2222), (+0.4312,7.2225), (+0.4212,7.2287), (+0.4191,7.2413), (+0.4235,7.2537), (+0.4256,7.2660), (+0.4277,7.2783), (+0.4309,7.2907), (+0.4338,7.3030), (+0.4379,7.3153), (+0.4418,7.3283), (+0.4506,7.3385), (+0.4626,7.3447), (+0.4749,7.3468), (+0.4873,7.3462), (+0.4996,7.3462), (+0.5120,7.3462), (+0.5243,7.3462), (+0.5366,7.3462), (+0.5490,7.3462), (+0.5613,7.3462), (+0.5736,7.3462), (+0.5860,7.3462), (+0.5983,7.3462), (+0.6106,7.3468), (+0.6230,7.3441), (+0.6353,7.3403), (+0.6476,7.3400), (+0.6600,7.3400), (+0.6723,7.3406), (+0.6847,7.3380), (+0.6970,7.3347), (+0.7096,7.3321), (+0.7158,7.3221), (+0.7155,7.3092), (+0.7155,7.2968), (+0.7155,7.2845), (+0.7155,7.2722), (+0.7155,7.2598), (+0.7155,7.2475), (+0.7155,7.2352)
  stroke[ 12] ( 15 pts): (+0.7340,7.2228), (+0.7340,7.2352), (+0.7340,7.2475), (+0.7340,7.2598), (+0.7340,7.2722), (+0.7340,7.2845), (+0.7340,7.2968), (+0.7340,7.3098), (+0.7340,7.3098), (+0.7340,7.2968), (+0.7340,7.2845), (+0.7340,7.2722), (+0.7340,7.2598), (+0.7340,7.2475), (+0.7340,7.2352)
  stroke[ 13] (  6 pts): (+0.6908,7.0810), (+0.6908,7.0933), (+0.6908,7.1068), (+0.6908,7.1144), (+0.6908,7.1068), (+0.6908,7.0942)
  stroke[ 14] ( 12 pts): (+0.4009,6.9823), (+0.4009,6.9946), (+0.4003,7.0069), (+0.4030,7.0193), (+0.4068,7.0316), (+0.4071,7.0451), (+0.4071,7.0528), (+0.4071,7.0451), (+0.4068,7.0316), (+0.4030,7.0193), (+0.4003,7.0069), (+0.4005,6.9946)
  stroke[ 15] ( 34 pts): (+0.3701,6.7602), (+0.3701,6.7726), (+0.3695,6.7849), (+0.3721,6.7972), (+0.3760,6.8096), (+0.3763,6.8219), (+0.3757,6.8342), (+0.3783,6.8466), (+0.3821,6.8589), (+0.3824,6.8712), (+0.3827,6.8836), (+0.3865,6.8959), (+0.3892,6.9082), (+0.3880,6.9206), (+0.3906,6.9329), (+0.3945,6.9453), (+0.3948,6.9588), (+0.3948,6.9664), (+0.3948,6.9588), (+0.3945,6.9453), (+0.3906,6.9329), (+0.3880,6.9206), (+0.3892,6.9082), (+0.3865,6.8959), (+0.3827,6.8836), (+0.3824,6.8712), (+0.3821,6.8589), (+0.3783,6.8466), (+0.3757,6.8342), (+0.3763,6.8219), (+0.3760,6.8096), (+0.3721,6.7972), (+0.3695,6.7849), (+0.3696,6.7726)
  stroke[ 16] (  6 pts): (+0.3639,6.7109), (+0.3639,6.7232), (+0.3639,6.7367), (+0.3639,6.7444), (+0.3639,6.7367), (+0.3639,6.7241)
  stroke[ 17] (127 pts): (+0.6967,6.6245), (+0.7098,6.6369), (+0.7196,6.6492), (+0.7278,6.6615), (+0.7364,6.6739), (+0.7399,6.6862), (+0.7402,6.6985), (+0.7402,6.7109), (+0.7402,6.7232), (+0.7399,6.7355), (+0.7361,6.7479), (+0.7334,6.7602), (+0.7340,6.7726), (+0.7337,6.7849), (+0.7299,6.7972), (+0.7272,6.8096), (+0.7284,6.8219), (+0.7258,6.8342), (+0.7220,6.8466), (+0.7217,6.8589), (+0.7214,6.8712), (+0.7176,6.8836), (+0.7149,6.8959), (+0.7155,6.9082), (+0.7152,6.9206), (+0.7114,6.9329), (+0.7087,6.9453), (+0.7093,6.9576), (+0.7090,6.9699), (+0.7052,6.9823), (+0.7026,6.9946), (+0.7037,7.0069), (+0.7011,7.0193), (+0.6973,7.0316), (+0.6970,7.0439), (+0.6970,7.0575), (+0.6970,7.0651), (+0.6970,7.0575), (+0.6970,7.0439), (+0.6973,7.0316), (+0.7011,7.0193), (+0.7037,7.0069), (+0.7026,6.9946), (+0.7052,6.9823), (+0.7090,6.9699), (+0.7093,6.9576), (+0.7087,6.9453), (+0.7114,6.9329), (+0.7152,6.9206), (+0.7155,6.9082), (+0.7149,6.8959), (+0.7176,6.8836), (+0.7214,6.8712), (+0.7217,6.8589), (+0.7220,6.8466), (+0.7258,6.8342), (+0.7284,6.8219), (+0.7272,6.8096), (+0.7299,6.7972), (+0.7337,6.7849), (+0.7340,6.7726), (+0.7334,6.7602), (+0.7361,6.7479), (+0.7399,6.7355), (+0.7402,6.7232), (+0.7402,6.7109), (+0.7402,6.6985), (+0.7399,6.6862), (+0.7364,6.6739), (+0.7278,6.6615), (+0.7196,6.6492), (+0.7099,6.6363), (+0.6970,6.6263), (+0.6847,6.6239), (+0.6723,6.6248), (+0.6600,6.6286), (+0.6476,6.6313), (+0.6353,6.6307), (+0.6230,6.6307), (+0.6106,6.6307), (+0.5983,6.6310), (+0.5860,6.6348), (+0.5736,6.6374), (+0.5613,6.6369), (+0.5490,6.6369), (+0.5366,6.6369), (+0.5243,6.6366), (+0.5120,6.6327), (+0.4996,6.6301), (+0.4873,6.6307), (+0.4749,6.6307), (+0.4626,6.6307), (+0.4503,6.6307), (+0.4379,6.6301), (+0.4256,6.6324), (+0.4133,6.6424), (+0.4003,6.6554), (+0.3906,6.6677), (+0.3815,6.6800), (+0.3713,6.6930), (+0.3713,6.6930), (+0.3815,6.6800), (+0.3906,6.6677), (+0.4003,6.6554), (+0.4133,6.6424), (+0.4256,6.6324), (+0.4379,6.6301), (+0.4503,6.6307), (+0.4626,6.6307), (+0.4749,6.6307), (+0.4873,6.6307), (+0.4996,6.6301), (+0.5120,6.6327), (+0.5243,6.6366), (+0.5366,6.6369), (+0.5490,6.6369), (+0.5613,6.6369), (+0.5736,6.6374), (+0.5860,6.6348), (+0.5983,6.6310), (+0.6106,6.6307), (+0.6230,6.6307), (+0.6353,6.6307), (+0.6476,6.6313), (+0.6600,6.6286), (+0.6723,6.6248), (+0.6847,6.6241)
  stroke[ 18] (184 pts): (+0.7155,6.6045), (+0.7032,6.6003), (+0.6908,6.5998), (+0.6785,6.5993), (+0.6662,6.6019), (+0.6538,6.6057), (+0.6415,6.6060), (+0.6291,6.6060), (+0.6168,6.6060), (+0.6045,6.6060), (+0.5921,6.6060), (+0.5798,6.6060), (+0.5675,6.6060), (+0.5551,6.6060), (+0.5428,6.6060), (+0.5305,6.6060), (+0.5181,6.6060), (+0.5058,6.6060), (+0.4934,6.6060), (+0.4811,6.6060), (+0.4688,6.6060), (+0.4564,6.6060), (+0.4441,6.6060), (+0.4318,6.6060), (+0.4194,6.6057), (+0.4071,6.6119), (+0.3951,6.6245), (+0.3865,6.6369), (+0.3771,6.6492), (+0.3680,6.6615), (+0.3586,6.6739), (+0.3492,6.6862), (+0.3457,6.6985), (+0.3454,6.7109), (+0.3454,6.7232), (+0.3454,6.7355), (+0.3457,6.7479), (+0.3495,6.7602), (+0.3522,6.7726), (+0.3516,6.7849), (+0.3519,6.7972), (+0.3557,6.8096), (+0.3583,6.8219), (+0.3572,6.8342), (+0.3598,6.8466), (+0.3636,6.8589), (+0.3639,6.8712), (+0.3642,6.8836), (+0.3680,6.8959), (+0.3707,6.9082), (+0.3695,6.9206), (+0.3721,6.9329), (+0.3760,6.9453), (+0.3763,6.9576), (+0.3765,6.9699), (+0.3804,6.9823), (+0.3830,6.9946), (+0.3827,7.0069), (+0.3865,7.0193), (+0.3892,7.0316), (+0.3889,7.0439), (+0.3927,7.0563), (+0.3953,7.0686), (+0.3942,7.0810), (+0.3968,7.0933), (+0.4006,7.1056), (+0.4003,7.1180), (+0.4030,7.1303), (+0.4068,7.1426), (+0.4065,7.1550), (+0.4091,7.1673), (+0.4130,7.1796), (+0.4133,7.1920), (+0.4130,7.2043), (+0.4191,7.2175), (+0.4318,7.2214), (+0.4341,7.2111), (+0.4312,7.1981), (+0.4315,7.1858), (+0.4277,7.1735), (+0.4250,7.1611), (+0.4253,7.1488), (+0.4215,7.1365), (+0.4188,7.1241), (+0.4191,7.1118), (+0.4153,7.0995), (+0.4127,7.0871), (+0.4133,7.0742), (+0.4133,7.0742), (+0.4127,7.0871), (+0.4153,7.0995), (+0.4191,7.1118), (+0.4188,7.1241), (+0.4215,7.1365), (+0.4253,7.1488), (+0.4250,7.1611), (+0.4277,7.1735), (+0.4315,7.1858), (+0.4312,7.1981), (+0.4335,7.2111), (+0.4435,7.2205), (+0.4564,7.2255), (+0.4688,7.2287), (+0.4811,7.2290), (+0.4934,7.2290), (+0.5058,7.2290), (+0.5181,7.2290), (+0.5305,7.2290), (+0.5428,7.2290), (+0.5551,7.2290), (+0.5675,7.2290), (+0.5798,7.2290), (+0.5921,7.2290), (+0.6045,7.2290), (+0.6168,7.2290), (+0.6291,7.2296), (+0.6415,7.2269), (+0.6538,7.2231), (+0.6667,7.2231), (+0.6767,7.2169), (+0.6791,7.2043), (+0.6779,7.1920), (+0.6805,7.1796), (+0.6844,7.1673), (+0.6847,7.1550), (+0.6847,7.1415), (+0.6847,7.1338), (+0.6847,7.1415), (+0.6847,7.1550), (+0.6844,7.1673), (+0.6805,7.1796), (+0.6779,7.1920), (+0.6779,7.2043), (+0.6803,7.2175), (+0.6905,7.2214), (+0.6973,7.2111), (+0.6970,7.1981), (+0.6973,7.1858), (+0.7011,7.1735), (+0.7037,7.1611), (+0.7032,7.1488), (+0.7035,7.1365), (+0.7073,7.1241), (+0.7099,7.1118), (+0.7093,7.0995), (+0.7096,7.0871), (+0.7134,7.0748), (+0.7161,7.0625), (+0.7149,7.0501), (+0.7176,7.0378), (+0.7214,7.0254), (+0.7217,7.0131), (+0.7211,7.0008), (+0.7237,6.9884), (+0.7275,6.9761), (+0.7278,6.9638), (+0.7281,6.9514), (+0.7319,6.9391), (+0.7346,6.9268), (+0.7334,6.9144), (+0.7361,6.9021), (+0.7399,6.8897), (+0.7402,6.8774), (+0.7396,6.8651), (+0.7422,6.8527), (+0.7460,6.8404), (+0.7463,6.8281), (+0.7458,6.8157), (+0.7484,6.8034), (+0.7522,6.7911), (+0.7519,6.7787), (+0.7546,6.7664), (+0.7584,6.7540), (+0.7581,6.7417), (+0.7607,6.7294), (+0.7645,6.7170), (+0.7648,6.7047), (+0.7645,6.6924), (+0.7613,6.6800), (+0.7566,6.6677), (+0.7504,6.6554), (+0.7428,6.6430), (+0.7340,6.6307), (+0.7261,6.6184)
  stroke[ 19] ( 11 pts): (+0.5613,6.4210), (+0.5613,6.4333), (+0.5613,6.4456), (+0.5613,6.4580), (+0.5613,6.4703), (+0.5613,6.4832), (+0.5613,6.4832), (+0.5613,6.4703), (+0.5613,6.4580), (+0.5613,6.4456), (+0.5613,6.4333)
  stroke[ 20] ( 25 pts): (+0.5551,6.2421), (+0.5551,6.2544), (+0.5551,6.2668), (+0.5551,6.2791), (+0.5551,6.2914), (+0.5551,6.3038), (+0.5551,6.3161), (+0.5551,6.3285), (+0.5551,6.3408), (+0.5551,6.3531), (+0.5551,6.3655), (+0.5551,6.3778), (+0.5551,6.3907), (+0.5551,6.3907), (+0.5551,6.3778), (+0.5551,6.3655), (+0.5551,6.3531), (+0.5551,6.3408), (+0.5551,6.3285), (+0.5551,6.3161), (+0.5551,6.3038), (+0.5551,6.2914), (+0.5551,6.2791), (+0.5551,6.2668), (+0.5551,6.2544)
  stroke[ 21] ( 20 pts): (+0.5675,5.9271), (+0.5551,5.9205), (+0.5422,5.9231), (+0.5322,5.9331), (+0.5299,5.9460), (+0.5305,5.9584), (+0.5305,5.9707), (+0.5305,5.9830), (+0.5305,5.9954), (+0.5302,6.0083), (+0.5363,6.0183), (+0.5490,6.0212), (+0.5616,6.0183), (+0.5675,6.0083), (+0.5634,5.9954), (+0.5607,5.9830), (+0.5607,5.9707), (+0.5634,5.9584), (+0.5666,5.9460), (+0.5681,5.9337)
  stroke[ 22] (236 pts): (+0.2771,5.8752), (+0.2670,5.8791), (+0.2667,5.8905), (+0.2711,5.9029), (+0.2708,5.9152), (+0.2735,5.9275), (+0.2776,5.9399), (+0.2814,5.9522), (+0.2902,5.9645), (+0.3022,5.9769), (+0.3146,5.9892), (+0.3275,6.0015), (+0.3372,6.0139), (+0.3457,6.0262), (+0.3575,6.0386), (+0.3660,6.0515), (+0.3660,6.0515), (+0.3575,6.0386), (+0.3457,6.0262), (+0.3372,6.0139), (+0.3275,6.0015), (+0.3146,5.9892), (+0.3016,5.9763), (+0.2917,5.9763), (+0.2890,5.9892), (+0.2858,6.0015), (+0.2831,6.0139), (+0.2837,6.0262), (+0.2837,6.0386), (+0.2837,6.0509), (+0.2834,6.0632), (+0.2796,6.0756), (+0.2770,6.0879), (+0.2776,6.1002), (+0.2776,6.1126), (+0.2776,6.1249), (+0.2776,6.1372), (+0.2776,6.1496), (+0.2776,6.1619), (+0.2776,6.1742), (+0.2770,6.1866), (+0.2796,6.1989), (+0.2834,6.2113), (+0.2837,6.2236), (+0.2837,6.2359), (+0.2831,6.2483), (+0.2858,6.2606), (+0.2896,6.2729), (+0.2899,6.2853), (+0.2893,6.2976), (+0.2920,6.3099), (+0.2958,6.3223), (+0.2955,6.3346), (+0.2981,6.3470), (+0.3019,6.3593), (+0.3022,6.3716), (+0.3022,6.3840), (+0.3022,6.3963), (+0.3022,6.4086), (+0.3022,6.4210), (+0.3028,6.4333), (+0.3002,6.4456), (+0.2964,6.4580), (+0.2961,6.4703), (+0.2955,6.4827), (+0.2981,6.4950), (+0.3019,6.5073), (+0.3025,6.5197), (+0.3058,6.5320), (+0.3105,6.5443), (+0.3157,6.5567), (+0.3222,6.5693), (+0.3325,6.5755), (+0.3454,6.5752), (+0.3577,6.5752), (+0.3701,6.5752), (+0.3824,6.5752), (+0.3948,6.5752), (+0.4071,6.5752), (+0.4194,6.5752), (+0.4318,6.5752), (+0.4441,6.5752), (+0.4564,6.5752), (+0.4694,6.5755), (+0.4799,6.5693), (+0.4799,6.5567), (+0.4688,6.5443), (+0.4585,6.5320), (+0.4500,6.5200), (+0.4379,6.5114), (+0.4256,6.5017), (+0.4133,6.4891), (+0.4009,6.4800), (+0.3874,6.4718), (+0.3798,6.4671), (+0.3874,6.4718), (+0.4009,6.4800), (+0.4133,6.4891), (+0.4256,6.5017), (+0.4379,6.5114), (+0.4500,6.5200), (+0.4585,6.5320), (+0.4688,6.5443), (+0.4788,6.5567), (+0.4835,6.5693), (+0.4929,6.5755), (+0.5058,6.5752), (+0.5181,6.5752), (+0.5305,6.5752), (+0.5428,6.5752), (+0.5557,6.5755), (+0.5657,6.5693), (+0.5681,6.5567), (+0.5675,6.5443), (+0.5675,6.5320), (+0.5675,6.5185), (+0.5675,6.5108), (+0.5675,6.5185), (+0.5675,6.5320), (+0.5675,6.5443), (+0.5669,6.5567), (+0.5692,6.5699), (+0.5792,6.5740), (+0.5924,6.5675), (+0.5986,6.5573), (+0.5983,6.5443), (+0.5983,6.5320), (+0.5983,6.5197), (+0.5983,6.5073), (+0.5989,6.4950), (+0.5962,6.4827), (+0.5924,6.4703), (+0.5921,6.4580), (+0.5921,6.4456), (+0.5921,6.4333), (+0.5921,6.4210), (+0.5927,6.4086), (+0.5901,6.3963), (+0.5863,6.3840), (+0.5860,6.3716), (+0.5860,6.3593), (+0.5860,6.3470), (+0.5860,6.3346), (+0.5860,6.3223), (+0.5860,6.3099), (+0.5860,6.2976), (+0.5860,6.2853), (+0.5860,6.2729), (+0.5860,6.2606), (+0.5860,6.2483), (+0.5860,6.2359), (+0.5860,6.2236), (+0.5866,6.2113), (+0.5839,6.1989), (+0.5801,6.1866), (+0.5798,6.1742), (+0.5798,6.1619), (+0.5798,6.1496), (+0.5795,6.1372), (+0.5757,6.1249), (+0.5730,6.1126), (+0.5736,6.1002), (+0.5733,6.0879), (+0.5695,6.0756), (+0.5669,6.0632), (+0.5675,6.0509), (+0.5681,6.0386), (+0.5657,6.0259), (+0.5557,6.0192), (+0.5425,6.0218), (+0.5363,6.0318), (+0.5366,6.0447), (+0.5366,6.0571), (+0.5366,6.0694), (+0.5369,6.0817), (+0.5407,6.0941), (+0.5434,6.1064), (+0.5428,6.1187), (+0.5431,6.1311), (+0.5469,6.1434), (+0.5495,6.1557), (+0.5490,6.1681), (+0.5490,6.1804), (+0.5490,6.1928), (+0.5490,6.2051), (+0.5490,6.2180), (+0.5490,6.2180), (+0.5490,6.2051), (+0.5490,6.1928), (+0.5490,6.1804), (+0.5490,6.1681), (+0.5495,6.1557), (+0.5469,6.1434), (+0.5431,6.1311), (+0.5428,6.1187), (+0.5434,6.1064), (+0.5407,6.0941), (+0.5369,6.0817), (+0.5366,6.0694), (+0.5366,6.0571), (+0.5366,6.0447), (+0.5369,6.0318), (+0.5307,6.0224), (+0.5181,6.0174), (+0.5058,6.0142), (+0.4929,6.0139), (+0.4929,6.0139), (+0.5058,6.0142), (+0.5187,6.0183), (+0.5287,6.0148), (+0.5310,6.0015), (+0.5305,5.9892), (+0.5305,5.9769), (+0.5305,5.9645), (+0.5305,5.9522), (+0.5307,5.9393), (+0.5246,5.9293), (+0.5120,5.9269), (+0.4996,5.9275), (+0.4873,5.9275), (+0.4749,5.9275), (+0.4626,5.9275), (+0.4503,5.9272), (+0.4379,5.9234), (+0.4256,5.9208), (+0.4133,5.9214), (+0.4009,5.9211), (+0.3886,5.9172), (+0.3763,5.9152), (+0.3639,5.9131), (+0.3516,5.9090), (+0.3392,5.9055), (+0.3269,5.9008), (+0.3146,5.8955), (+0.3022,5.8893), (+0.2899,5.8826)
  stroke[ 23] ( 25 pts): (+0.2965,5.6870), (+0.3044,5.6993), (+0.3119,5.7116), (+0.3216,5.7240), (+0.3310,5.7363), (+0.3395,5.7487), (+0.3522,5.7610), (+0.3619,5.7733), (+0.3704,5.7857), (+0.3824,5.7980), (+0.3948,5.8100), (+0.4071,5.8186), (+0.4200,5.8288), (+0.4200,5.8288), (+0.4071,5.8186), (+0.3948,5.8100), (+0.3824,5.7980), (+0.3704,5.7857), (+0.3619,5.7733), (+0.3522,5.7610), (+0.3395,5.7487), (+0.3310,5.7363), (+0.3216,5.7240), (+0.3119,5.7116), (+0.3044,5.6993)
  stroke[ 24] ( 28 pts): (+0.6914,5.6130), (+0.6899,5.6253), (+0.6867,5.6376), (+0.6847,5.6500), (+0.6826,5.6623), (+0.6788,5.6746), (+0.6782,5.6870), (+0.6744,5.6993), (+0.6714,5.7116), (+0.6688,5.7240), (+0.6635,5.7363), (+0.6600,5.7487), (+0.6565,5.7610), (+0.6512,5.7745), (+0.6482,5.7821), (+0.6512,5.7745), (+0.6565,5.7610), (+0.6600,5.7487), (+0.6635,5.7363), (+0.6688,5.7240), (+0.6714,5.7116), (+0.6744,5.6993), (+0.6782,5.6870), (+0.6788,5.6746), (+0.6826,5.6623), (+0.6847,5.6500), (+0.6867,5.6376), (+0.6899,5.6253)
  stroke[ 25] ( 20 pts): (+0.7217,5.5513), (+0.7217,5.5636), (+0.7217,5.5759), (+0.7217,5.5883), (+0.7211,5.6006), (+0.7237,5.6130), (+0.7275,5.6253), (+0.7278,5.6376), (+0.7278,5.6500), (+0.7278,5.6635), (+0.7278,5.6711), (+0.7278,5.6635), (+0.7278,5.6500), (+0.7278,5.6376), (+0.7275,5.6253), (+0.7237,5.6130), (+0.7211,5.6006), (+0.7217,5.5883), (+0.7217,5.5759), (+0.7217,5.5636)
  stroke[ 26] (  6 pts): (+0.2940,5.4972), (+0.3110,5.5015), (+0.3172,5.5019), (+0.3096,5.5016), (+0.2949,5.4978), (+0.2881,5.4958)
  stroke[ 27] (115 pts): (+0.6291,5.2722), (+0.6168,5.2680), (+0.6045,5.2675), (+0.5921,5.2675), (+0.5798,5.2675), (+0.5675,5.2675), (+0.5551,5.2675), (+0.5428,5.2675), (+0.5305,5.2675), (+0.5181,5.2675), (+0.5058,5.2678), (+0.4934,5.2717), (+0.4811,5.2743), (+0.4688,5.2737), (+0.4564,5.2737), (+0.4441,5.2740), (+0.4318,5.2778), (+0.4194,5.2805), (+0.4071,5.2799), (+0.3948,5.2793), (+0.3824,5.2819), (+0.3701,5.2852), (+0.3577,5.2881), (+0.3454,5.2922), (+0.3331,5.2960), (+0.3207,5.3048), (+0.3084,5.3169), (+0.2961,5.3292), (+0.2831,5.3416), (+0.2735,5.3539), (+0.2652,5.3662), (+0.2564,5.3786), (+0.2494,5.3909), (+0.2406,5.4032), (+0.2323,5.4156), (+0.2223,5.4279), (+0.2156,5.4402), (+0.2153,5.4526), (+0.2176,5.4655), (+0.2276,5.4749), (+0.2417,5.4799), (+0.2494,5.4828), (+0.2417,5.4799), (+0.2276,5.4743), (+0.2176,5.4773), (+0.2150,5.4902), (+0.2218,5.5002), (+0.2344,5.5028), (+0.2467,5.5055), (+0.2591,5.5107), (+0.2714,5.5143), (+0.2837,5.5178), (+0.2961,5.5231), (+0.3084,5.5257), (+0.3207,5.5287), (+0.3331,5.5325), (+0.3454,5.5322), (+0.3577,5.5348), (+0.3701,5.5386), (+0.3824,5.5389), (+0.3948,5.5389), (+0.4071,5.5389), (+0.4194,5.5389), (+0.4318,5.5389), (+0.4441,5.5389), (+0.4564,5.5389), (+0.4688,5.5389), (+0.4811,5.5389), (+0.4934,5.5389), (+0.5058,5.5389), (+0.5181,5.5386), (+0.5305,5.5348), (+0.5428,5.5322), (+0.5551,5.5328), (+0.5675,5.5325), (+0.5798,5.5287), (+0.5921,5.5266), (+0.6045,5.5245), (+0.6168,5.5204), (+0.6291,5.5169), (+0.6415,5.5122), (+0.6538,5.5069), (+0.6662,5.5008), (+0.6785,5.4946), (+0.6908,5.4884), (+0.7032,5.4820), (+0.7158,5.4717), (+0.7223,5.4576), (+0.7158,5.4505), (+0.7032,5.4561), (+0.6908,5.4637), (+0.6785,5.4699), (+0.6662,5.4761), (+0.6532,5.4825), (+0.6532,5.4825), (+0.6662,5.4761), (+0.6785,5.4699), (+0.6908,5.4637), (+0.7032,5.4567), (+0.7161,5.4491), (+0.7261,5.4400), (+0.7284,5.4279), (+0.7278,5.4156), (+0.7278,5.4032), (+0.7278,5.3909), (+0.7281,5.3786), (+0.7223,5.3662), (+0.7134,5.3539), (+0.7040,5.3416), (+0.6949,5.3292), (+0.6852,5.3169), (+0.6723,5.3045), (+0.6600,5.2925), (+0.6476,5.2834), (+0.6353,5.2749)
  stroke[ 28] (  7 pts): (+0.5312,5.2486), (+0.5172,5.2420), (+0.5055,5.2446), (+0.4990,5.2552), (+0.5055,5.2658), (+0.5187,5.2684), (+0.5283,5.2618)
  stroke[ 29] ( 22 pts): (+0.5921,5.2382), (+0.6045,5.2424), (+0.6168,5.2429), (+0.6291,5.2432), (+0.6415,5.2473), (+0.6538,5.2534), (+0.6662,5.2617), (+0.6785,5.2737), (+0.6908,5.2860), (+0.7029,5.2984), (+0.7114,5.3113), (+0.7114,5.3113), (+0.7029,5.2984), (+0.6908,5.2860), (+0.6785,5.2737), (+0.6662,5.2617), (+0.6538,5.2534), (+0.6415,5.2473), (+0.6291,5.2432), (+0.6168,5.2429), (+0.6045,5.2426), (+0.5921,5.2389)
  stroke[ 30] ( 14 pts): (+0.6667,5.1627), (+0.6741,5.1750), (+0.6797,5.1874), (+0.6867,5.1997), (+0.6949,5.2120), (+0.7020,5.2244), (+0.7079,5.2379), (+0.7105,5.2455), (+0.7079,5.2379), (+0.7020,5.2244), (+0.6949,5.2120), (+0.6867,5.1997), (+0.6797,5.1874), (+0.6741,5.1750)
  stroke[ 31] ( 20 pts): (+0.4934,5.0517), (+0.4934,5.0640), (+0.4934,5.0763), (+0.4934,5.0887), (+0.4934,5.1010), (+0.4934,5.1133), (+0.4934,5.1257), (+0.4934,5.1380), (+0.4934,5.1503), (+0.4934,5.1639), (+0.4934,5.1715), (+0.4934,5.1639), (+0.4934,5.1503), (+0.4934,5.1380), (+0.4934,5.1257), (+0.4934,5.1133), (+0.4934,5.1010), (+0.4934,5.0887), (+0.4934,5.0763), (+0.4934,5.0640)
  stroke[ 32] ( 19 pts): (+0.4873,4.9098), (+0.4873,4.9221), (+0.4873,4.9345), (+0.4873,4.9468), (+0.4873,4.9591), (+0.4873,4.9715), (+0.4873,4.9838), (+0.4873,4.9961), (+0.4873,5.0085), (+0.4873,5.0214), (+0.4873,5.0214), (+0.4873,5.0085), (+0.4873,4.9961), (+0.4873,4.9838), (+0.4873,4.9715), (+0.4873,4.9591), (+0.4873,4.9468), (+0.4873,4.9345), (+0.4873,4.9221)
  stroke[ 33] ( 17 pts): (+0.4811,4.7741), (+0.4811,4.7864), (+0.4811,4.7988), (+0.4811,4.8111), (+0.4811,4.8234), (+0.4811,4.8358), (+0.4811,4.8481), (+0.4811,4.8604), (+0.4811,4.8734), (+0.4811,4.8734), (+0.4811,4.8604), (+0.4811,4.8481), (+0.4811,4.8358), (+0.4811,4.8234), (+0.4811,4.8111), (+0.4811,4.7988), (+0.4811,4.7864)
  stroke[ 34] ( 14 pts): (+0.4749,4.6754), (+0.4749,4.6877), (+0.4749,4.7001), (+0.4749,4.7124), (+0.4749,4.7247), (+0.4749,4.7371), (+0.4749,4.7506), (+0.4749,4.7582), (+0.4749,4.7506), (+0.4749,4.7371), (+0.4749,4.7247), (+0.4749,4.7124), (+0.4749,4.7001), (+0.4749,4.6877)
  stroke[ 35] ( 12 pts): (+0.4688,4.5829), (+0.4688,4.5952), (+0.4688,4.6076), (+0.4688,4.6199), (+0.4688,4.6322), (+0.4688,4.6457), (+0.4688,4.6534), (+0.4688,4.6457), (+0.4688,4.6322), (+0.4688,4.6199), (+0.4688,4.6076), (+0.4688,4.5952)
  stroke[ 36] (  5 pts): (+1.0063,4.5313), (+0.9922,4.5300), (+0.9925,4.5397), (+1.0066,4.5506), (+1.0133,4.5468)
  stroke[ 37] ( 10 pts): (+0.4626,4.5027), (+0.4626,4.5150), (+0.4626,4.5274), (+0.4626,4.5397), (+0.4626,4.5532), (+0.4626,4.5609), (+0.4626,4.5532), (+0.4626,4.5397), (+0.4626,4.5274), (+0.4626,4.5150)
  stroke[ 38] ( 14 pts): (+1.0180,4.4758), (+1.0050,4.4745), (+0.9951,4.4836), (+0.9869,4.4965), (+0.9781,4.5089), (+0.9702,4.5212), (+0.9696,4.5335), (+0.9801,4.5468), (+0.9936,4.5506), (+0.9936,4.5403), (+0.9901,4.5274), (+0.9951,4.5150), (+1.0004,4.5027), (+1.0072,4.4904)
  stroke[ 39] ( 22 pts): (+1.0254,4.4573), (+1.0098,4.4560), (+1.0069,4.4657), (+1.0171,4.4757), (+1.0312,4.4807), (+1.0389,4.4836), (+1.0312,4.4795), (+1.0171,4.4792), (+1.0069,4.4898), (+1.0004,4.5027), (+0.9942,4.5150), (+0.9983,4.5274), (+1.0116,4.5406), (+1.0239,4.5444), (+1.0362,4.5341), (+1.0483,4.5212), (+1.0565,4.5089), (+1.0633,4.4965), (+1.0650,4.4836), (+1.0553,4.4742), (+1.0424,4.4683), (+1.0301,4.4613)
  stroke[ 40] ( 10 pts): (+0.4564,4.4225), (+0.4564,4.4348), (+0.4564,4.4472), (+0.4564,4.4595), (+0.4564,4.4730), (+0.4564,4.4807), (+0.4564,4.4730), (+0.4564,4.4595), (+0.4564,4.4472), (+0.4564,4.4348)
  stroke[ 41] ( 57 pts): (+1.1658,4.3912), (+1.1534,4.3846), (+1.1405,4.3873), (+1.1302,4.3973), (+1.1241,4.4114), (+1.1226,4.4190), (+1.1202,4.4108), (+1.1123,4.4096), (+1.1056,4.4225), (+1.1032,4.4348), (+1.1006,4.4472), (+1.0953,4.4595), (+1.0926,4.4724), (+1.0900,4.4719), (+1.0794,4.4713), (+1.0685,4.4842), (+1.0621,4.4965), (+1.0565,4.5089), (+1.0483,4.5212), (+1.0362,4.5335), (+1.0239,4.5459), (+1.0107,4.5582), (+1.0069,4.5711), (+1.0171,4.5814), (+1.0298,4.5776), (+1.0383,4.5644), (+1.0480,4.5520), (+1.0606,4.5397), (+1.0691,4.5268), (+1.0788,4.5162), (+1.0918,4.5159), (+1.1041,4.5236), (+1.1173,4.5253), (+1.1211,4.5159), (+1.1108,4.5062), (+1.0967,4.4980), (+1.0891,4.4933), (+1.0967,4.4980), (+1.1103,4.5065), (+1.1238,4.5097), (+1.1314,4.5024), (+1.1232,4.4924), (+1.1120,4.4839), (+1.1097,4.4707), (+1.1103,4.4630), (+1.1097,4.4707), (+1.1120,4.4839), (+1.1220,4.4933), (+1.1355,4.4945), (+1.1458,4.4848), (+1.1520,4.4719), (+1.1543,4.4595), (+1.1575,4.4472), (+1.1605,4.4348), (+1.1631,4.4225), (+1.1680,4.4102), (+1.1724,4.3978)
  stroke[ 42] ( 20 pts): (+1.0863,4.3604), (+1.0724,4.3538), (+1.0612,4.3564), (+1.0524,4.3664), (+1.0489,4.3793), (+1.0483,4.3917), (+1.0445,4.4040), (+1.0418,4.4163), (+1.0421,4.4287), (+1.0483,4.4413), (+1.0609,4.4478), (+1.0732,4.4516), (+1.0853,4.4481), (+1.0941,4.4348), (+1.0970,4.4225), (+1.1000,4.4102), (+1.1032,4.3978), (+1.1067,4.3855), (+1.1082,4.3735), (+1.0992,4.3648)
  stroke[ 43] ( 60 pts): (+0.0235,4.3485), (+0.0273,4.3608), (+0.0305,4.3732), (+0.0311,4.3855), (+0.0344,4.3978), (+0.0397,4.4102), (+0.0423,4.4225), (+0.0452,4.4348), (+0.0491,4.4472), (+0.0496,4.4595), (+0.0535,4.4719), (+0.0555,4.4842), (+0.0576,4.4965), (+0.0614,4.5089), (+0.0620,4.5212), (+0.0658,4.5335), (+0.0678,4.5459), (+0.0699,4.5582), (+0.0737,4.5705), (+0.0740,4.5835), (+0.0740,4.5835), (+0.0737,4.5705), (+0.0699,4.5582), (+0.0678,4.5459), (+0.0658,4.5335), (+0.0620,4.5212), (+0.0614,4.5089), (+0.0576,4.4965), (+0.0555,4.4842), (+0.0535,4.4719), (+0.0496,4.4595), (+0.0491,4.4472), (+0.0458,4.4348), (+0.0402,4.4219), (+0.0332,4.4219), (+0.0303,4.4348), (+0.0308,4.4472), (+0.0311,4.4595), (+0.0350,4.4719), (+0.0376,4.4842), (+0.0370,4.4965), (+0.0364,4.5089), (+0.0391,4.5212), (+0.0429,4.5347), (+0.0432,4.5424), (+0.0429,4.5347), (+0.0391,4.5212), (+0.0364,4.5089), (+0.0370,4.4965), (+0.0376,4.4842), (+0.0350,4.4719), (+0.0311,4.4595), (+0.0308,4.4472), (+0.0308,4.4348), (+0.0305,4.4225), (+0.0270,4.4102), (+0.0282,4.3978), (+0.0314,4.3855), (+0.0305,4.3732), (+0.0269,4.3608)
  stroke[ 44] ( 35 pts): (+0.0740,4.3370), (+0.0864,4.3428), (+0.0987,4.3464), (+0.1110,4.3494), (+0.1234,4.3526), (+0.1357,4.3555), (+0.1480,4.3588), (+0.1604,4.3617), (+0.1727,4.3644), (+0.1850,4.3696), (+0.1974,4.3723), (+0.2097,4.3752), (+0.2221,4.3793), (+0.2344,4.3829), (+0.2467,4.3881), (+0.2591,4.3908), (+0.2726,4.3937), (+0.2802,4.3973), (+0.2726,4.3937), (+0.2591,4.3908), (+0.2467,4.3881), (+0.2344,4.3829), (+0.2221,4.3793), (+0.2097,4.3752), (+0.1974,4.3723), (+0.1850,4.3696), (+0.1727,4.3644), (+0.1604,4.3617), (+0.1480,4.3588), (+0.1357,4.3555), (+0.1234,4.3526), (+0.1110,4.3494), (+0.0987,4.3464), (+0.0864,4.3423), (+0.0740,4.3379)
  stroke[ 45] ( 14 pts): (+0.8697,4.2925), (+0.8574,4.2859), (+0.8439,4.2886), (+0.8362,4.2989), (+0.8439,4.3056), (+0.8574,4.3047), (+0.8697,4.3074), (+0.8820,4.3106), (+0.8944,4.3135), (+0.9079,4.3177), (+0.9155,4.3112), (+0.9079,4.3015), (+0.8944,4.2965), (+0.8820,4.2934)
  stroke[ 46] ( 29 pts): (+1.0740,4.2560), (+1.0724,4.2683), (+1.0735,4.2806), (+1.0768,4.2930), (+1.0818,4.3053), (+1.0912,4.3182), (+1.1041,4.3282), (+1.1164,4.3306), (+1.1288,4.3297), (+1.1411,4.3365), (+1.1534,4.3470), (+1.1658,4.3532), (+1.1781,4.3553), (+1.1904,4.3550), (+1.2034,4.3594), (+1.2034,4.3594), (+1.1904,4.3550), (+1.1781,4.3553), (+1.1658,4.3532), (+1.1534,4.3470), (+1.1411,4.3365), (+1.1288,4.3297), (+1.1164,4.3306), (+1.1041,4.3282), (+1.0912,4.3182), (+1.0818,4.3053), (+1.0768,4.2930), (+1.0735,4.2806), (+1.0728,4.2683)
  stroke[ 47] (  7 pts): (+1.1640,4.2560), (+1.1605,4.2683), (+1.1581,4.2806), (+1.1520,4.2936), (+1.1520,4.2936), (+1.1581,4.2806), (+1.1600,4.2683)
  stroke[ 48] ( 10 pts): (+0.2899,4.2370), (+0.2776,4.2414), (+0.2652,4.2463), (+0.2529,4.2498), (+0.2394,4.2539), (+0.2317,4.2572), (+0.2394,4.2539), (+0.2529,4.2498), (+0.2652,4.2463), (+0.2776,4.2414)
  stroke[ 49] ( 32 pts): (+0.4379,4.2128), (+0.4379,4.2251), (+0.4379,4.2375), (+0.4379,4.2498), (+0.4382,4.2621), (+0.4420,4.2745), (+0.4447,4.2868), (+0.4441,4.2992), (+0.4441,4.3115), (+0.4441,4.3238), (+0.4444,4.3362), (+0.4482,4.3485), (+0.4509,4.3608), (+0.4503,4.3732), (+0.4503,4.3855), (+0.4503,4.3990), (+0.4503,4.4067), (+0.4503,4.3990), (+0.4503,4.3855), (+0.4503,4.3732), (+0.4509,4.3608), (+0.4482,4.3485), (+0.4444,4.3362), (+0.4441,4.3238), (+0.4441,4.3115), (+0.4441,4.2992), (+0.4447,4.2868), (+0.4420,4.2745), (+0.4382,4.2621), (+0.4379,4.2498), (+0.4379,4.2375), (+0.4379,4.2251)
  stroke[ 50] ( 48 pts): (+0.3824,4.1994), (+0.3701,4.2031), (+0.3577,4.2107), (+0.3454,4.2169), (+0.3331,4.2216), (+0.3207,4.2251), (+0.3078,4.2298), (+0.3078,4.2298), (+0.3207,4.2251), (+0.3331,4.2216), (+0.3454,4.2169), (+0.3583,4.2107), (+0.3583,4.2028), (+0.3454,4.2002), (+0.3331,4.2046), (+0.3207,4.2066), (+0.3084,4.2087), (+0.2961,4.2125), (+0.2837,4.2131), (+0.2714,4.2169), (+0.2591,4.2198), (+0.2467,4.2231), (+0.2344,4.2260), (+0.2221,4.2287), (+0.2097,4.2339), (+0.1974,4.2366), (+0.1850,4.2395), (+0.1727,4.2436), (+0.1592,4.2478), (+0.1516,4.2510), (+0.1592,4.2478), (+0.1727,4.2436), (+0.1850,4.2395), (+0.1974,4.2366), (+0.2097,4.2339), (+0.2221,4.2287), (+0.2344,4.2260), (+0.2467,4.2231), (+0.2591,4.2198), (+0.2714,4.2169), (+0.2837,4.2131), (+0.2961,4.2125), (+0.3084,4.2087), (+0.3207,4.2066), (+0.3331,4.2046), (+0.3454,4.2008), (+0.3577,4.2005), (+0.3701,4.2005)
  stroke[ 51] ( 62 pts): (+1.1719,4.1961), (+1.1843,4.1996), (+1.1966,4.2025), (+1.2095,4.2063), (+1.2095,4.2063), (+1.1966,4.2025), (+1.1843,4.1996), (+1.1719,4.1964), (+1.1596,4.1937), (+1.1473,4.1943), (+1.1349,4.1937), (+1.1226,4.1961), (+1.1105,4.2060), (+1.1023,4.2190), (+1.0962,4.2313), (+1.0920,4.2436), (+1.0918,4.2560), (+1.0918,4.2683), (+1.0912,4.2806), (+1.0935,4.2930), (+1.1035,4.3056), (+1.1164,4.3118), (+1.1288,4.3118), (+1.1411,4.3153), (+1.1534,4.3238), (+1.1658,4.3323), (+1.1781,4.3365), (+1.1910,4.3344), (+1.2013,4.3244), (+1.2078,4.3115), (+1.2136,4.2992), (+1.2157,4.2868), (+1.2151,4.2745), (+1.2151,4.2616), (+1.2151,4.2616), (+1.2151,4.2745), (+1.2157,4.2868), (+1.2136,4.2992), (+1.2078,4.3115), (+1.2007,4.3238), (+1.2034,4.3362), (+1.2034,4.3385), (+1.1904,4.3356), (+1.1781,4.3359), (+1.1658,4.3323), (+1.1534,4.3238), (+1.1411,4.3153), (+1.1288,4.3118), (+1.1164,4.3118), (+1.1035,4.3056), (+1.0935,4.2930), (+1.0912,4.2806), (+1.0918,4.2683), (+1.0918,4.2560), (+1.0920,4.2436), (+1.0962,4.2313), (+1.1023,4.2190), (+1.1105,4.2060), (+1.1226,4.1961), (+1.1349,4.1937), (+1.1473,4.1943), (+1.1596,4.1943)
  stroke[ 52] ( 11 pts): (+1.1098,4.1805), (+1.0997,4.1886), (+1.0912,4.2005), (+1.0850,4.2128), (+1.0815,4.2251), (+1.0788,4.2381), (+1.0788,4.2381), (+1.0815,4.2251), (+1.0850,4.2128), (+1.0912,4.2005), (+1.0992,4.1881)
  stroke[ 53] ( 10 pts): (+1.1843,4.1837), (+1.1966,4.1872), (+1.2101,4.1902), (+1.2178,4.1937), (+1.2101,4.1902), (+1.1966,4.1872), (+1.1843,4.1840), (+1.1708,4.1814), (+1.1631,4.1820), (+1.1702,4.1820)
  stroke[ 54] ( 16 pts): (+0.9561,4.1141), (+0.9561,4.1264), (+0.9566,4.1388), (+0.9546,4.1511), (+0.9487,4.1635), (+0.9422,4.1758), (+0.9320,4.1881), (+0.9179,4.2008), (+0.9102,4.2072), (+0.9179,4.2008), (+0.9320,4.1881), (+0.9422,4.1758), (+0.9487,4.1635), (+0.9546,4.1511), (+0.9566,4.1388), (+0.9565,4.1264)
  stroke[ 55] ( 10 pts): (+1.1335,4.0953), (+1.1415,4.1084), (+1.1534,4.1188), (+1.1658,4.1253), (+1.1793,4.1311), (+1.1869,4.1338), (+1.1793,4.1311), (+1.1658,4.1253), (+1.1534,4.1188), (+1.1411,4.1084)
  stroke[ 56] ( 19 pts): (+0.4256,4.0833), (+0.4256,4.0956), (+0.4256,4.1079), (+0.4256,4.1203), (+0.4259,4.1326), (+0.4297,4.1449), (+0.4324,4.1573), (+0.4318,4.1696), (+0.4318,4.1820), (+0.4318,4.1949), (+0.4318,4.1949), (+0.4318,4.1820), (+0.4318,4.1696), (+0.4324,4.1573), (+0.4297,4.1449), (+0.4259,4.1326), (+0.4256,4.1203), (+0.4256,4.1079), (+0.4256,4.0956)
  stroke[ 57] ( 45 pts): (+0.9390,4.0379), (+0.9234,4.0366), (+0.9205,4.0457), (+0.9305,4.0586), (+0.9399,4.0721), (+0.9431,4.0797), (+0.9399,4.0721), (+0.9311,4.0583), (+0.9190,4.0518), (+0.9070,4.0583), (+0.8988,4.0709), (+0.8932,4.0833), (+0.8870,4.0956), (+0.8803,4.1079), (+0.8759,4.1203), (+0.8723,4.1326), (+0.8671,4.1449), (+0.8638,4.1573), (+0.8632,4.1696), (+0.8588,4.1820), (+0.8585,4.1949), (+0.8691,4.2049), (+0.8832,4.2072), (+0.8908,4.2066), (+0.8832,4.2060), (+0.8691,4.2090), (+0.8691,4.2160), (+0.8820,4.2216), (+0.8944,4.2248), (+0.9067,4.2254), (+0.9190,4.2193), (+0.9314,4.2066), (+0.9437,4.1943), (+0.9558,4.1820), (+0.9640,4.1696), (+0.9702,4.1573), (+0.9743,4.1449), (+0.9743,4.1326), (+0.9704,4.1203), (+0.9675,4.1079), (+0.9649,4.0956), (+0.9596,4.0833), (+0.9561,4.0709), (+0.9512,4.0586), (+0.9447,4.0463)
  stroke[ 58] (  8 pts): (+0.4194,4.0216), (+0.4194,4.0339), (+0.4194,4.0463), (+0.4194,4.0598), (+0.4194,4.0674), (+0.4194,4.0598), (+0.4194,4.0463), (+0.4194,4.0339)
  stroke[ 59] (  6 pts): (+1.1896,4.0223), (+1.2037,4.0282), (+1.2034,4.0275), (+1.1904,4.0236), (+1.1775,4.0210), (+1.1781,4.0211)
  stroke[ 60] ( 11 pts): (+1.1596,4.0164), (+1.1473,4.0141), (+1.1343,4.0172), (+1.1244,4.0272), (+1.1220,4.0401), (+1.1226,4.0530), (+1.1226,4.0530), (+1.1220,4.0401), (+1.1244,4.0272), (+1.1343,4.0172), (+1.1468,4.0145)
  stroke[ 61] ( 45 pts): (+1.1705,4.0046), (+1.1860,4.0088), (+1.1972,4.0093), (+1.1972,4.0093), (+1.1843,4.0090), (+1.1719,4.0051), (+1.1596,4.0025), (+1.1473,4.0031), (+1.1349,4.0025), (+1.1220,4.0048), (+1.1120,4.0148), (+1.1097,4.0278), (+1.1103,4.0401), (+1.1103,4.0524), (+1.1105,4.0648), (+1.1144,4.0771), (+1.1173,4.0894), (+1.1208,4.1018), (+1.1270,4.1147), (+1.1352,4.1244), (+1.1473,4.1326), (+1.1596,4.1411), (+1.1719,4.1441), (+1.1843,4.1470), (+1.1978,4.1517), (+1.2054,4.1532), (+1.1978,4.1517), (+1.1843,4.1470), (+1.1719,4.1441), (+1.1596,4.1411), (+1.1473,4.1326), (+1.1352,4.1244), (+1.1270,4.1147), (+1.1208,4.1018), (+1.1173,4.0894), (+1.1144,4.0771), (+1.1105,4.0648), (+1.1103,4.0524), (+1.1103,4.0401), (+1.1097,4.0278), (+1.1120,4.0148), (+1.1220,4.0048), (+1.1349,4.0025), (+1.1473,4.0031), (+1.1596,4.0031)
  stroke[ 62] (  9 pts): (+0.4133,3.9537), (+0.4133,3.9661), (+0.4133,3.9784), (+0.4133,3.9907), (+0.4133,4.0037), (+0.4133,4.0037), (+0.4133,3.9907), (+0.4133,3.9784), (+0.4133,3.9661)
  stroke[ 63] ( 17 pts): (+1.0301,3.9338), (+1.0177,3.9295), (+1.0054,3.9285), (+0.9931,3.9311), (+0.9807,3.9352), (+0.9678,3.9391), (+0.9575,3.9479), (+0.9508,3.9599), (+0.9511,3.9725), (+0.9616,3.9787), (+0.9746,3.9781), (+0.9869,3.9743), (+0.9992,3.9717), (+1.0116,3.9728), (+1.0242,3.9705), (+1.0304,3.9605), (+1.0310,3.9480)
  stroke[ 64] ( 30 pts): (+1.0675,3.9269), (+1.0543,3.9255), (+1.0483,3.9346), (+1.0486,3.9476), (+1.0486,3.9599), (+1.0486,3.9734), (+1.0486,3.9811), (+1.0486,3.9734), (+1.0486,3.9599), (+1.0492,3.9476), (+1.0468,3.9344), (+1.0365,3.9305), (+1.0298,3.9408), (+1.0307,3.9537), (+1.0280,3.9661), (+1.0242,3.9784), (+1.0239,3.9907), (+1.0236,4.0043), (+1.0304,4.0113), (+1.0298,4.0160), (+1.0254,4.0286), (+1.0357,4.0327), (+1.0492,4.0263), (+1.0586,4.0160), (+1.0636,4.0031), (+1.0668,3.9907), (+1.0671,3.9784), (+1.0671,3.9661), (+1.0671,3.9537), (+1.0671,3.9414)
  stroke[ 65] ( 29 pts): (+1.1288,3.9004), (+1.1411,3.9031), (+1.1534,3.9047), (+1.1658,3.9085), (+1.1781,3.9114), (+1.1910,3.9153), (+1.1910,3.9153), (+1.1781,3.9114), (+1.1658,3.9085), (+1.1534,3.9047), (+1.1411,3.9041), (+1.1288,3.9003), (+1.1164,3.8976), (+1.1041,3.8982), (+1.0918,3.8982), (+1.0794,3.8982), (+1.0671,3.8982), (+1.0547,3.8982), (+1.0424,3.8982), (+1.0289,3.8982), (+1.0213,3.8982), (+1.0289,3.8982), (+1.0424,3.8982), (+1.0547,3.8982), (+1.0671,3.8982), (+1.0794,3.8982), (+1.0918,3.8982), (+1.1041,3.8982), (+1.1164,3.8982)
  stroke[ 66] (  8 pts): (+0.4071,3.8921), (+0.4071,3.9044), (+0.4071,3.9167), (+0.4071,3.9302), (+0.4071,3.9379), (+0.4071,3.9302), (+0.4071,3.9167), (+0.4071,3.9044)
  stroke[ 67] (  8 pts): (+0.4009,3.8304), (+0.4009,3.8427), (+0.4009,3.8551), (+0.4009,3.8686), (+0.4009,3.8762), (+0.4009,3.8686), (+0.4009,3.8551), (+0.4009,3.8427)
  stroke[ 68] (  8 pts): (+0.3948,3.7687), (+0.3948,3.7810), (+0.3948,3.7934), (+0.3948,3.8069), (+0.3948,3.8145), (+0.3948,3.8069), (+0.3948,3.7934), (+0.3948,3.7810)
  stroke[ 69] ( 10 pts): (+1.1843,3.7512), (+1.1966,3.7577), (+1.2089,3.7625), (+1.2225,3.7675), (+1.2301,3.7719), (+1.2225,3.7675), (+1.2089,3.7625), (+1.1966,3.7581), (+1.1831,3.7517), (+1.1763,3.7498)
  stroke[ 70] ( 20 pts): (+1.1329,3.7393), (+1.1499,3.7436), (+1.1561,3.7440), (+1.1484,3.7437), (+1.1349,3.7399), (+1.1226,3.7373), (+1.1103,3.7379), (+1.0979,3.7379), (+1.0856,3.7379), (+1.0732,3.7379), (+1.0609,3.7379), (+1.0474,3.7379), (+1.0398,3.7379), (+1.0474,3.7379), (+1.0609,3.7379), (+1.0732,3.7379), (+1.0856,3.7379), (+1.0979,3.7379), (+1.1103,3.7379), (+1.1226,3.7379)
  stroke[ 71] (  5 pts): (+0.5751,3.7008), (+0.5595,3.7008), (+0.5484,3.7008), (+0.5484,3.7008), (+0.5595,3.7008)
  stroke[ 72] ( 13 pts): (+0.6546,3.6696), (+0.6516,3.6828), (+0.6421,3.6888), (+0.6291,3.6888), (+0.6168,3.6926), (+0.6045,3.6953), (+0.5915,3.6947), (+0.5915,3.6947), (+0.6045,3.6953), (+0.6168,3.6926), (+0.6291,3.6888), (+0.6421,3.6888), (+0.6516,3.6823)
  stroke[ 73] ( 67 pts): (+0.6662,3.6556), (+0.6538,3.6528), (+0.6415,3.6556), (+0.6291,3.6583), (+0.6168,3.6571), (+0.6045,3.6597), (+0.5921,3.6635), (+0.5798,3.6633), (+0.5675,3.6659), (+0.5551,3.6697), (+0.5428,3.6700), (+0.5305,3.6703), (+0.5181,3.6735), (+0.5055,3.6785), (+0.4987,3.6879), (+0.5014,3.7011), (+0.5114,3.7073), (+0.5249,3.7070), (+0.5249,3.7070), (+0.5108,3.7067), (+0.5034,3.7129), (+0.5049,3.7255), (+0.5058,3.7390), (+0.5058,3.7467), (+0.5058,3.7390), (+0.5055,3.7255), (+0.5017,3.7132), (+0.4990,3.7008), (+0.4999,3.6879), (+0.4932,3.6776), (+0.4829,3.6815), (+0.4805,3.6947), (+0.4811,3.7070), (+0.4814,3.7194), (+0.4849,3.7317), (+0.4840,3.7440), (+0.4843,3.7569), (+0.4937,3.7675), (+0.5061,3.7669), (+0.5117,3.7687), (+0.5137,3.7807), (+0.5237,3.7890), (+0.5366,3.7951), (+0.5490,3.7995), (+0.5613,3.8031), (+0.5736,3.8083), (+0.5860,3.8116), (+0.5983,3.8122), (+0.6106,3.8160), (+0.6230,3.8186), (+0.6353,3.8180), (+0.6476,3.8180), (+0.6600,3.8180), (+0.6723,3.8186), (+0.6850,3.8163), (+0.6911,3.8063), (+0.6914,3.7934), (+0.6888,3.7810), (+0.6850,3.7687), (+0.6847,3.7564), (+0.6844,3.7440), (+0.6805,3.7317), (+0.6779,3.7194), (+0.6782,3.7070), (+0.6744,3.6947), (+0.6717,3.6823), (+0.6719,3.6700)
  stroke[ 74] ( 22 pts): (+0.3577,3.6192), (+0.3454,3.6149), (+0.3331,3.6145), (+0.3207,3.6139), (+0.3081,3.6163), (+0.3019,3.6262), (+0.3022,3.6392), (+0.3025,3.6515), (+0.3061,3.6650), (+0.3152,3.6727), (+0.3210,3.6650), (+0.3207,3.6515), (+0.3207,3.6386), (+0.3207,3.6386), (+0.3202,3.6515), (+0.3225,3.6641), (+0.3325,3.6703), (+0.3454,3.6706), (+0.3580,3.6682), (+0.3648,3.6583), (+0.3619,3.6453), (+0.3586,3.6330)
  stroke[ 75] (  6 pts): (+1.1226,3.5837), (+1.1226,3.5960), (+1.1226,3.6095), (+1.1226,3.6171), (+1.1226,3.6095), (+1.1226,3.5969)
  stroke[ 76] ( 15 pts): (+0.1850,3.5760), (+0.1727,3.5718), (+0.1604,3.5713), (+0.1480,3.5707), (+0.1354,3.5731), (+0.1292,3.5831), (+0.1295,3.5960), (+0.1292,3.6089), (+0.1354,3.6189), (+0.1480,3.6213), (+0.1604,3.6207), (+0.1733,3.6210), (+0.1833,3.6148), (+0.1856,3.6022), (+0.1855,3.5898)
  stroke[ 77] ( 10 pts): (+0.2107,3.5765), (+0.1961,3.5713), (+0.1868,3.5772), (+0.1845,3.5898), (+0.1845,3.6022), (+0.1868,3.6148), (+0.1974,3.6213), (+0.2080,3.6148), (+0.2103,3.6022), (+0.2102,3.5898)
  stroke[ 78] ( 88 pts): (+0.6847,3.5768), (+0.6723,3.5709), (+0.6600,3.5716), (+0.6476,3.5754), (+0.6353,3.5781), (+0.6230,3.5778), (+0.6106,3.5816), (+0.5983,3.5842), (+0.5860,3.5839), (+0.5736,3.5878), (+0.5613,3.5904), (+0.5490,3.5892), (+0.5366,3.5919), (+0.5243,3.5957), (+0.5120,3.5960), (+0.4996,3.5954), (+0.4873,3.5980), (+0.4749,3.6019), (+0.4626,3.6022), (+0.4503,3.6022), (+0.4379,3.6025), (+0.4256,3.6057), (+0.4130,3.6107), (+0.4071,3.6201), (+0.4106,3.6330), (+0.4153,3.6453), (+0.4212,3.6577), (+0.4256,3.6700), (+0.4300,3.6823), (+0.4362,3.6947), (+0.4441,3.7070), (+0.4523,3.7194), (+0.4620,3.7323), (+0.4755,3.7426), (+0.4852,3.7387), (+0.4838,3.7255), (+0.4805,3.7132), (+0.4811,3.7008), (+0.4808,3.6879), (+0.4870,3.6779), (+0.4996,3.6756), (+0.5120,3.6759), (+0.5243,3.6721), (+0.5366,3.6694), (+0.5490,3.6706), (+0.5613,3.6680), (+0.5736,3.6641), (+0.5860,3.6644), (+0.5983,3.6618), (+0.6106,3.6580), (+0.6230,3.6577), (+0.6353,3.6574), (+0.6476,3.6530), (+0.6606,3.6527), (+0.6706,3.6633), (+0.6729,3.6762), (+0.6726,3.6885), (+0.6764,3.7008), (+0.6791,3.7132), (+0.6788,3.7255), (+0.6826,3.7379), (+0.6852,3.7502), (+0.6841,3.7625), (+0.6867,3.7749), (+0.6905,3.7872), (+0.6902,3.7995), (+0.6926,3.8122), (+0.7026,3.8183), (+0.7161,3.8183), (+0.7267,3.8122), (+0.7264,3.7995), (+0.7220,3.7872), (+0.7223,3.7749), (+0.7196,3.7625), (+0.7158,3.7502), (+0.7161,3.7379), (+0.7134,3.7255), (+0.7096,3.7132), (+0.7099,3.7008), (+0.7073,3.6885), (+0.7035,3.6762), (+0.7029,3.6638), (+0.6990,3.6515), (+0.6970,3.6392), (+0.6949,3.6268), (+0.6911,3.6145), (+0.6905,3.6022), (+0.6869,3.5898)
  stroke[ 79] ( 13 pts): (+0.3084,3.5466), (+0.2961,3.5466), (+0.2837,3.5466), (+0.2714,3.5466), (+0.2591,3.5466), (+0.2467,3.5466), (+0.2338,3.5466), (+0.2338,3.5466), (+0.2467,3.5466), (+0.2591,3.5466), (+0.2714,3.5466), (+0.2837,3.5466), (+0.2961,3.5466)
  stroke[ 80] ( 87 pts): (+0.7032,3.5199), (+0.6908,3.5171), (+0.6785,3.5199), (+0.6662,3.5226), (+0.6538,3.5223), (+0.6415,3.5261), (+0.6291,3.5287), (+0.6168,3.5284), (+0.6045,3.5323), (+0.5921,3.5349), (+0.5798,3.5343), (+0.5675,3.5346), (+0.5551,3.5384), (+0.5428,3.5411), (+0.5305,3.5405), (+0.5181,3.5399), (+0.5058,3.5425), (+0.4934,3.5464), (+0.4811,3.5466), (+0.4688,3.5461), (+0.4561,3.5484), (+0.4503,3.5590), (+0.4444,3.5698), (+0.4318,3.5760), (+0.4194,3.5781), (+0.4071,3.5778), (+0.3948,3.5710), (+0.3824,3.5607), (+0.3701,3.5584), (+0.3577,3.5590), (+0.3454,3.5590), (+0.3331,3.5590), (+0.3207,3.5593), (+0.3084,3.5631), (+0.2961,3.5657), (+0.2837,3.5652), (+0.2714,3.5652), (+0.2591,3.5652), (+0.2467,3.5652), (+0.2344,3.5646), (+0.2215,3.5669), (+0.2115,3.5769), (+0.2091,3.5898), (+0.2091,3.6022), (+0.2115,3.6148), (+0.2215,3.6210), (+0.2344,3.6207), (+0.2467,3.6207), (+0.2591,3.6207), (+0.2714,3.6204), (+0.2837,3.6166), (+0.2961,3.6139), (+0.3084,3.6145), (+0.3207,3.6145), (+0.3331,3.6145), (+0.3454,3.6145), (+0.3577,3.6142), (+0.3701,3.6104), (+0.3824,3.6077), (+0.3948,3.6083), (+0.4071,3.6083), (+0.4194,3.6080), (+0.4318,3.6042), (+0.4441,3.6016), (+0.4564,3.6022), (+0.4688,3.6027), (+0.4811,3.6001), (+0.4934,3.5963), (+0.5058,3.5960), (+0.5181,3.5966), (+0.5305,3.5939), (+0.5428,3.5901), (+0.5551,3.5898), (+0.5675,3.5895), (+0.5798,3.5857), (+0.5921,3.5831), (+0.6045,3.5834), (+0.6168,3.5795), (+0.6291,3.5769), (+0.6415,3.5772), (+0.6538,3.5734), (+0.6662,3.5713), (+0.6785,3.5693), (+0.6908,3.5657), (+0.7035,3.5593), (+0.7102,3.5466), (+0.7080,3.5343)
  stroke[ 81] (  5 pts): (+0.5936,3.5158), (+0.5780,3.5158), (+0.5669,3.5158), (+0.5669,3.5158), (+0.5780,3.5158)
  stroke[ 82] (  5 pts): (+0.6368,3.5096), (+0.6212,3.5096), (+0.6101,3.5096), (+0.6101,3.5096), (+0.6212,3.5096)
  stroke[ 83] (  6 pts): (+0.1994,3.4839), (+0.1824,3.4788), (+0.1762,3.4847), (+0.1839,3.4985), (+0.1977,3.5061), (+0.2035,3.4991)
  stroke[ 84] (  7 pts): (+0.2961,3.4820), (+0.2851,3.4858), (+0.2829,3.4979), (+0.2896,3.5079), (+0.3034,3.5105), (+0.3110,3.5041), (+0.3040,3.4960)
  stroke[ 85] (  8 pts): (+0.1909,3.4788), (+0.2027,3.4911), (+0.2024,3.5041), (+0.1918,3.5146), (+0.1783,3.5146), (+0.1677,3.5041), (+0.1677,3.4905), (+0.1776,3.4810)
  stroke[ 86] (  7 pts): (+0.3166,3.4770), (+0.2996,3.4735), (+0.2934,3.4782), (+0.3008,3.4870), (+0.3110,3.4973), (+0.3181,3.4982), (+0.3218,3.4841)
  stroke[ 87] (  9 pts): (+0.3081,3.4726), (+0.3199,3.4850), (+0.3196,3.4979), (+0.3090,3.5079), (+0.2955,3.5105), (+0.2855,3.5038), (+0.2829,3.4911), (+0.2895,3.4792), (+0.3027,3.4712)
  stroke[ 88] ( 13 pts): (+0.4133,3.4665), (+0.4133,3.4788), (+0.4133,3.4911), (+0.4133,3.5035), (+0.4133,3.5158), (+0.4133,3.5281), (+0.4133,3.5411), (+0.4133,3.5411), (+0.4133,3.5281), (+0.4133,3.5158), (+0.4133,3.5035), (+0.4133,3.4911), (+0.4133,3.4788)
  stroke[ 89] ( 21 pts): (+0.2776,3.4418), (+0.2652,3.4418), (+0.2529,3.4418), (+0.2406,3.4418), (+0.2282,3.4418), (+0.2159,3.4418), (+0.2035,3.4418), (+0.1912,3.4418), (+0.1789,3.4418), (+0.1665,3.4418), (+0.1536,3.4418), (+0.1536,3.4418), (+0.1665,3.4418), (+0.1789,3.4418), (+0.1912,3.4418), (+0.2035,3.4418), (+0.2159,3.4418), (+0.2282,3.4418), (+0.2406,3.4418), (+0.2529,3.4418), (+0.2652,3.4418)
  stroke[ 90] ( 21 pts): (+0.4379,3.4295), (+0.4379,3.4418), (+0.4379,3.4541), (+0.4379,3.4665), (+0.4379,3.4788), (+0.4379,3.4911), (+0.4379,3.5035), (+0.4379,3.5158), (+0.4379,3.5281), (+0.4379,3.5405), (+0.4379,3.5534), (+0.4379,3.5534), (+0.4379,3.5405), (+0.4379,3.5281), (+0.4379,3.5158), (+0.4379,3.5035), (+0.4379,3.4911), (+0.4379,3.4788), (+0.4379,3.4665), (+0.4379,3.4541), (+0.4379,3.4418)
  stroke[ 91] (  7 pts): (+0.5120,3.4233), (+0.4996,3.4233), (+0.4873,3.4233), (+0.4744,3.4233), (+0.4744,3.4233), (+0.4873,3.4233), (+0.4996,3.4233)
  stroke[ 92] (109 pts): (+0.3886,3.4156), (+0.3763,3.4114), (+0.3639,3.4109), (+0.3516,3.4109), (+0.3392,3.4109), (+0.3269,3.4104), (+0.3146,3.4130), (+0.3022,3.4168), (+0.2899,3.4171), (+0.2776,3.4171), (+0.2652,3.4171), (+0.2529,3.4171), (+0.2406,3.4171), (+0.2282,3.4171), (+0.2159,3.4171), (+0.2035,3.4171), (+0.1912,3.4171), (+0.1789,3.4171), (+0.1665,3.4165), (+0.1542,3.4192), (+0.1419,3.4230), (+0.1289,3.4230), (+0.1184,3.4292), (+0.1184,3.4421), (+0.1295,3.4483), (+0.1295,3.4477), (+0.1190,3.4538), (+0.1166,3.4665), (+0.1172,3.4788), (+0.1172,3.4911), (+0.1172,3.5035), (+0.1172,3.5158), (+0.1172,3.5281), (+0.1169,3.5411), (+0.1231,3.5511), (+0.1357,3.5534), (+0.1480,3.5528), (+0.1604,3.5528), (+0.1727,3.5528), (+0.1850,3.5528), (+0.1974,3.5528), (+0.2103,3.5528), (+0.2103,3.5528), (+0.1974,3.5528), (+0.1850,3.5528), (+0.1727,3.5528), (+0.1604,3.5528), (+0.1480,3.5528), (+0.1357,3.5522), (+0.1231,3.5546), (+0.1166,3.5652), (+0.1231,3.5754), (+0.1357,3.5740), (+0.1480,3.5707), (+0.1604,3.5713), (+0.1727,3.5713), (+0.1850,3.5713), (+0.1974,3.5713), (+0.2097,3.5710), (+0.2221,3.5672), (+0.2344,3.5646), (+0.2467,3.5652), (+0.2591,3.5652), (+0.2714,3.5652), (+0.2837,3.5652), (+0.2961,3.5657), (+0.3084,3.5631), (+0.3207,3.5593), (+0.3331,3.5590), (+0.3454,3.5590), (+0.3577,3.5590), (+0.3701,3.5590), (+0.3830,3.5593), (+0.3933,3.5525), (+0.3895,3.5422), (+0.3763,3.5399), (+0.3639,3.5405), (+0.3516,3.5405), (+0.3381,3.5405), (+0.3304,3.5405), (+0.3381,3.5405), (+0.3516,3.5405), (+0.3639,3.5405), (+0.3763,3.5405), (+0.3892,3.5408), (+0.3992,3.5346), (+0.4015,3.5220), (+0.4006,3.5096), (+0.3968,3.4973), (+0.3942,3.4850), (+0.3948,3.4726), (+0.3948,3.4603), (+0.3953,3.4480), (+0.3930,3.4353), (+0.3830,3.4286), (+0.3701,3.4315), (+0.3577,3.4353), (+0.3454,3.4356), (+0.3331,3.4356), (+0.3207,3.4356), (+0.3078,3.4356), (+0.3078,3.4356), (+0.3207,3.4356), (+0.3331,3.4356), (+0.3454,3.4356), (+0.3577,3.4353), (+0.3701,3.4315), (+0.3824,3.4286), (+0.3948,3.4250)
  stroke[ 93] (  6 pts): (+0.5675,3.4171), (+0.5551,3.4171), (+0.5416,3.4171), (+0.5340,3.4171), (+0.5416,3.4171), (+0.5542,3.4171)
  stroke[ 94] (  5 pts): (+0.4071,3.4095), (+0.4071,3.4250), (+0.4071,3.4362), (+0.4071,3.4362), (+0.4071,3.4250)
  stroke[ 95] (  7 pts): (+0.1549,3.4038), (+0.1410,3.3986), (+0.1286,3.4045), (+0.1248,3.4174), (+0.1351,3.4242), (+0.1480,3.4220), (+0.1604,3.4109)
  stroke[ 96] (  6 pts): (+0.2107,3.3976), (+0.1961,3.3924), (+0.1862,3.3983), (+0.1862,3.4112), (+0.1974,3.4177), (+0.2071,3.4118)
  stroke[ 97] ( 32 pts): (+1.0048,3.3986), (+0.9975,3.4109), (+0.9919,3.4233), (+0.9857,3.4356), (+0.9795,3.4480), (+0.9734,3.4603), (+0.9666,3.4726), (+0.9622,3.4850), (+0.9578,3.4973), (+0.9519,3.5096), (+0.9472,3.5220), (+0.9446,3.5343), (+0.9417,3.5466), (+0.9384,3.5590), (+0.9355,3.5713), (+0.9317,3.5848), (+0.9314,3.5925), (+0.9317,3.5848), (+0.9355,3.5713), (+0.9384,3.5590), (+0.9417,3.5466), (+0.9446,3.5343), (+0.9472,3.5220), (+0.9519,3.5096), (+0.9578,3.4973), (+0.9622,3.4850), (+0.9666,3.4726), (+0.9734,3.4603), (+0.9795,3.4480), (+0.9857,3.4356), (+0.9919,3.4233), (+0.9975,3.4109)
  stroke[ 98] (  5 pts): (+0.1868,3.3914), (+0.1705,3.3863), (+0.1618,3.3927), (+0.1657,3.4036), (+0.1776,3.4035)
  stroke[ 99] ( 31 pts): (+0.3824,3.3910), (+0.3701,3.3867), (+0.3577,3.3863), (+0.3454,3.3863), (+0.3331,3.3863), (+0.3207,3.3857), (+0.3084,3.3883), (+0.2961,3.3922), (+0.2837,3.3924), (+0.2714,3.3924), (+0.2591,3.3924), (+0.2467,3.3924), (+0.2344,3.3924), (+0.2215,3.3922), (+0.2109,3.3983), (+0.2109,3.4112), (+0.2215,3.4174), (+0.2344,3.4171), (+0.2467,3.4171), (+0.2591,3.4171), (+0.2714,3.4171), (+0.2837,3.4171), (+0.2961,3.4177), (+0.3084,3.4151), (+0.3207,3.4112), (+0.3331,3.4109), (+0.3454,3.4109), (+0.3577,3.4109), (+0.3701,3.4115), (+0.3820,3.4087), (+0.3901,3.3993)
  stroke[100] (  5 pts): (+0.1560,3.3852), (+0.1397,3.3801), (+0.1310,3.3866), (+0.1348,3.3974), (+0.1467,3.3973)
  stroke[101] ( 46 pts): (+0.4362,3.3709), (+0.4291,3.3748), (+0.4232,3.3742), (+0.4138,3.3675), (+0.4009,3.3672), (+0.3883,3.3695), (+0.3815,3.3795), (+0.3845,3.3924), (+0.3877,3.4048), (+0.3906,3.4171), (+0.3945,3.4295), (+0.3948,3.4418), (+0.3948,3.4541), (+0.3948,3.4665), (+0.3948,3.4788), (+0.3951,3.4911), (+0.3989,3.5035), (+0.4015,3.5158), (+0.4006,3.5281), (+0.3974,3.5405), (+0.3915,3.5528), (+0.3906,3.5657), (+0.4003,3.5757), (+0.4133,3.5781), (+0.4256,3.5772), (+0.4385,3.5737), (+0.4479,3.5649), (+0.4529,3.5528), (+0.4561,3.5405), (+0.4564,3.5281), (+0.4564,3.5158), (+0.4564,3.5035), (+0.4564,3.4911), (+0.4564,3.4788), (+0.4564,3.4665), (+0.4564,3.4541), (+0.4570,3.4418), (+0.4544,3.4295), (+0.4512,3.4171), (+0.4488,3.4048), (+0.4420,3.3919), (+0.4341,3.3919), (+0.4312,3.4054), (+0.4312,3.4054), (+0.4340,3.3942), (+0.4434,3.3786)
  stroke[102] (101 pts): (+0.7032,3.3713), (+0.6908,3.3709), (+0.6785,3.3731), (+0.6662,3.3760), (+0.6538,3.3798), (+0.6415,3.3795), (+0.6291,3.3822), (+0.6168,3.3860), (+0.6045,3.3857), (+0.5921,3.3883), (+0.5798,3.3922), (+0.5675,3.3924), (+0.5551,3.3924), (+0.5428,3.3927), (+0.5305,3.3966), (+0.5181,3.3992), (+0.5058,3.3986), (+0.4934,3.3980), (+0.4811,3.4007), (+0.4688,3.4039), (+0.4561,3.4065), (+0.4503,3.4165), (+0.4544,3.4295), (+0.4570,3.4418), (+0.4564,3.4541), (+0.4564,3.4665), (+0.4564,3.4788), (+0.4564,3.4911), (+0.4564,3.5035), (+0.4561,3.5164), (+0.4623,3.5264), (+0.4749,3.5287), (+0.4873,3.5281), (+0.4996,3.5278), (+0.5120,3.5240), (+0.5243,3.5214), (+0.5378,3.5220), (+0.5454,3.5220), (+0.5378,3.5220), (+0.5243,3.5214), (+0.5120,3.5240), (+0.4996,3.5278), (+0.4873,3.5281), (+0.4749,3.5276), (+0.4617,3.5299), (+0.4579,3.5402), (+0.4682,3.5469), (+0.4811,3.5466), (+0.4934,3.5464), (+0.5058,3.5425), (+0.5181,3.5399), (+0.5305,3.5405), (+0.5428,3.5411), (+0.5551,3.5384), (+0.5675,3.5346), (+0.5798,3.5343), (+0.5921,3.5349), (+0.6045,3.5323), (+0.6168,3.5284), (+0.6291,3.5287), (+0.6415,3.5261), (+0.6538,3.5223), (+0.6662,3.5226), (+0.6785,3.5199), (+0.6908,3.5164), (+0.7037,3.5093), (+0.7037,3.4991), (+0.6897,3.4967), (+0.6820,3.4973), (+0.6897,3.4973), (+0.7037,3.4976), (+0.7137,3.4914), (+0.7161,3.4788), (+0.7155,3.4665), (+0.7161,3.4541), (+0.7134,3.4418), (+0.7096,3.4295), (+0.7093,3.4171), (+0.7096,3.4042), (+0.7035,3.3936), (+0.6908,3.3939), (+0.6785,3.3983), (+0.6662,3.3989), (+0.6538,3.4027), (+0.6415,3.4054), (+0.6291,3.4051), (+0.6168,3.4089), (+0.6045,3.4115), (+0.5910,3.4109), (+0.5833,3.4109), (+0.5910,3.4109), (+0.6045,3.4115), (+0.6168,3.4089), (+0.6291,3.4051), (+0.6415,3.4054), (+0.6538,3.4027), (+0.6662,3.3989), (+0.6785,3.3983), (+0.6908,3.3951), (+0.7027,3.3898), (+0.7108,3.3811)
  stroke[103] (  5 pts): (+0.1560,3.3667), (+0.1397,3.3616), (+0.1310,3.3681), (+0.1348,3.3789), (+0.1467,3.3788)
  stroke[104] (  7 pts): (+0.1858,3.3606), (+0.1718,3.3554), (+0.1595,3.3613), (+0.1557,3.3745), (+0.1660,3.3851), (+0.1792,3.3851), (+0.1850,3.3753)
  stroke[105] ( 42 pts): (+0.6908,3.3540), (+0.6785,3.3497), (+0.6662,3.3487), (+0.6538,3.3513), (+0.6415,3.3551), (+0.6291,3.3548), (+0.6168,3.3575), (+0.6045,3.3613), (+0.5921,3.3616), (+0.5798,3.3619), (+0.5675,3.3657), (+0.5551,3.3684), (+0.5428,3.3678), (+0.5305,3.3681), (+0.5181,3.3719), (+0.5058,3.3745), (+0.4934,3.3739), (+0.4811,3.3734), (+0.4688,3.3760), (+0.4559,3.3795), (+0.4453,3.3860), (+0.4453,3.3989), (+0.4559,3.4051), (+0.4688,3.4045), (+0.4811,3.4007), (+0.4934,3.3980), (+0.5058,3.3986), (+0.5181,3.3992), (+0.5305,3.3966), (+0.5428,3.3927), (+0.5551,3.3924), (+0.5675,3.3924), (+0.5798,3.3922), (+0.5921,3.3883), (+0.6045,3.3857), (+0.6168,3.3860), (+0.6291,3.3822), (+0.6415,3.3795), (+0.6538,3.3798), (+0.6662,3.3760), (+0.6791,3.3736), (+0.6886,3.3673)
  stroke[106] (  5 pts): (+0.1560,3.3482), (+0.1397,3.3431), (+0.1310,3.3496), (+0.1348,3.3604), (+0.1467,3.3603)
  stroke[107] (  6 pts): (+0.1861,3.3359), (+0.1714,3.3308), (+0.1615,3.3366), (+0.1615,3.3496), (+0.1727,3.3560), (+0.1824,3.3501)
  stroke[108] (  5 pts): (+0.1492,3.3224), (+0.1344,3.3211), (+0.1289,3.3308), (+0.1360,3.3416), (+0.1449,3.3378)
  stroke[109] (  5 pts): (+0.1868,3.3174), (+0.1705,3.3123), (+0.1618,3.3187), (+0.1657,3.3296), (+0.1776,3.3294)
  stroke[110] (  6 pts): (+0.1560,3.3051), (+0.1397,3.2999), (+0.1310,3.3064), (+0.1348,3.3167), (+0.1472,3.3193), (+0.1611,3.3127)
  stroke[111] (  6 pts): (+0.1861,3.2927), (+0.1714,3.2876), (+0.1615,3.2935), (+0.1615,3.3064), (+0.1727,3.3128), (+0.1824,3.3070)
  stroke[112] (  5 pts): (+0.1492,3.2792), (+0.1344,3.2779), (+0.1289,3.2876), (+0.1360,3.2985), (+0.1449,3.2946)
  stroke[113] (  5 pts): (+0.1868,3.2742), (+0.1705,3.2691), (+0.1618,3.2755), (+0.1657,3.2864), (+0.1776,3.2863)
  stroke[114] (  6 pts): (+0.1865,3.2557), (+0.1709,3.2506), (+0.1598,3.2570), (+0.1598,3.2673), (+0.1709,3.2700), (+0.1865,3.2634)
  stroke[115] ( 36 pts): (+1.2527,3.2567), (+1.2512,3.2691), (+1.2480,3.2814), (+1.2451,3.2938), (+1.2418,3.3061), (+1.2398,3.3184), (+1.2377,3.3308), (+1.2345,3.3431), (+1.2316,3.3554), (+1.2283,3.3678), (+1.2254,3.3801), (+1.2222,3.3924), (+1.2192,3.4048), (+1.2160,3.4171), (+1.2131,3.4295), (+1.2098,3.4418), (+1.2069,3.4541), (+1.2031,3.4676), (+1.2028,3.4753), (+1.2031,3.4676), (+1.2069,3.4541), (+1.2098,3.4418), (+1.2131,3.4295), (+1.2160,3.4171), (+1.2192,3.4048), (+1.2222,3.3924), (+1.2254,3.3801), (+1.2283,3.3678), (+1.2316,3.3554), (+1.2345,3.3431), (+1.2377,3.3308), (+1.2398,3.3184), (+1.2418,3.3061), (+1.2451,3.2938), (+1.2480,3.2814), (+1.2512,3.2691)
  stroke[116] (  6 pts): (+0.1485,3.2484), (+0.1353,3.2471), (+0.1286,3.2562), (+0.1313,3.2700), (+0.1419,3.2738), (+0.1516,3.2647)
  stroke[117] (  6 pts): (+0.6469,3.2382), (+0.6485,3.2506), (+0.6468,3.2641), (+0.6456,3.2717), (+0.6468,3.2641), (+0.6476,3.2515)
  stroke[118] (  5 pts): (+0.1560,3.2310), (+0.1397,3.2259), (+0.1310,3.2324), (+0.1348,3.2432), (+0.1467,3.2431)
  stroke[119] (  7 pts): (+0.1858,3.2310), (+0.1718,3.2259), (+0.1595,3.2318), (+0.1557,3.2447), (+0.1660,3.2515), (+0.1784,3.2493), (+0.1865,3.2382)
  stroke[120] (  5 pts): (+0.1868,3.2125), (+0.1705,3.2074), (+0.1618,3.2139), (+0.1657,3.2247), (+0.1776,3.2246)
  stroke[121] (  5 pts): (+0.1868,3.1940), (+0.1705,3.1889), (+0.1618,3.1954), (+0.1657,3.2062), (+0.1776,3.2061)
  stroke[122] (  5 pts): (+0.1492,3.1867), (+0.1344,3.1854), (+0.1289,3.1951), (+0.1360,3.2059), (+0.1449,3.2021)
  stroke[123] (  6 pts): (+0.1858,3.1761), (+0.1718,3.1695), (+0.1595,3.1722), (+0.1557,3.1824), (+0.1660,3.1898), (+0.1784,3.1876)
  stroke[124] (  5 pts): (+0.1560,3.1694), (+0.1397,3.1642), (+0.1310,3.1707), (+0.1348,3.1816), (+0.1467,3.1814)
  stroke[125] (  6 pts): (+0.1865,3.1570), (+0.1709,3.1519), (+0.1598,3.1584), (+0.1598,3.1686), (+0.1709,3.1713), (+0.1865,3.1647)
  stroke[126] (  6 pts): (+0.1858,3.1391), (+0.1718,3.1325), (+0.1595,3.1351), (+0.1557,3.1454), (+0.1660,3.1528), (+0.1784,3.1506)
  stroke[127] (  5 pts): (+0.1560,3.1324), (+0.1397,3.1272), (+0.1310,3.1337), (+0.1348,3.1445), (+0.1467,3.1444)
  stroke[128] (  6 pts): (+0.1861,3.1139), (+0.1714,3.1087), (+0.1615,3.1146), (+0.1615,3.1275), (+0.1727,3.1340), (+0.1824,3.1281)
  stroke[129] (  5 pts): (+0.1492,3.1065), (+0.1344,3.1052), (+0.1289,3.1149), (+0.1360,3.1257), (+0.1449,3.1219)
  stroke[130] (  5 pts): (+0.1868,3.0953), (+0.1705,3.0902), (+0.1618,3.0967), (+0.1657,3.1075), (+0.1776,3.1074)
  stroke[131] (  5 pts): (+0.1868,3.0768), (+0.1705,3.0717), (+0.1618,3.0782), (+0.1657,3.0890), (+0.1776,3.0889)
  stroke[132] (  6 pts): (+0.1865,3.0583), (+0.1709,3.0532), (+0.1598,3.0597), (+0.1598,3.0699), (+0.1709,3.0726), (+0.1865,3.0660)
  stroke[133] (  6 pts): (+0.1858,3.0404), (+0.1718,3.0338), (+0.1595,3.0365), (+0.1557,3.0467), (+0.1660,3.0541), (+0.1784,3.0519)
  stroke[134] (  5 pts): (+0.1560,3.0337), (+0.1397,3.0285), (+0.1310,3.0350), (+0.1348,3.0459), (+0.1467,3.0457)
  stroke[135] ( 18 pts): (+0.9869,3.0347), (+0.9746,3.0347), (+0.9622,3.0347), (+0.9499,3.0350), (+0.9375,3.0382), (+0.9252,3.0435), (+0.9129,3.0470), (+0.9005,3.0506), (+0.8870,3.0558), (+0.8794,3.0588), (+0.8870,3.0558), (+0.9005,3.0506), (+0.9129,3.0470), (+0.9252,3.0435), (+0.9375,3.0382), (+0.9499,3.0350), (+0.9622,3.0347), (+0.9746,3.0347)
  stroke[136] (  6 pts): (+0.1861,3.0152), (+0.1714,3.0100), (+0.1615,3.0159), (+0.1615,3.0288), (+0.1727,3.0353), (+0.1824,3.0294)
  stroke[137] (  5 pts): (+0.1868,2.9967), (+0.1705,2.9915), (+0.1618,2.9980), (+0.1657,3.0088), (+0.1776,3.0087)
  stroke[138] (  5 pts): (+0.1492,2.9893), (+0.1344,2.9880), (+0.1289,2.9977), (+0.1360,3.0086), (+0.1449,3.0047)
  stroke[139] (  5 pts): (+0.1868,2.9782), (+0.1705,2.9730), (+0.1618,2.9795), (+0.1657,2.9903), (+0.1776,2.9902)
  stroke[140] (  5 pts): (+0.1868,2.9597), (+0.1705,2.9545), (+0.1618,2.9610), (+0.1657,2.9718), (+0.1776,2.9717)
  stroke[141] (  6 pts): (+0.1858,2.9417), (+0.1718,2.9351), (+0.1595,2.9378), (+0.1557,2.9480), (+0.1660,2.9554), (+0.1784,2.9532)
  stroke[142] (  5 pts): (+0.1560,2.9350), (+0.1397,2.9298), (+0.1310,2.9363), (+0.1348,2.9472), (+0.1467,2.9470)
  stroke[143] (  5 pts): (+0.9082,2.9237), (+0.8926,2.9237), (+0.8814,2.9237), (+0.8814,2.9237), (+0.8926,2.9237)
  stroke[144] (  7 pts): (+0.1858,2.9171), (+0.1718,2.9105), (+0.1595,2.9131), (+0.1557,2.9237), (+0.1660,2.9348), (+0.1784,2.9351), (+0.1865,2.9234)
  stroke[145] (  6 pts): (+0.1552,2.9103), (+0.1405,2.9052), (+0.1307,2.9110), (+0.1307,2.9246), (+0.1405,2.9281), (+0.1552,2.9178)
  stroke[146] (  7 pts): (+0.9622,2.9102), (+0.9499,2.9140), (+0.9375,2.9172), (+0.9246,2.9175), (+0.9246,2.9175), (+0.9375,2.9172), (+0.9499,2.9135)
  stroke[147] (  5 pts): (+0.1868,2.8980), (+0.1705,2.8928), (+0.1618,2.8993), (+0.1657,2.9102), (+0.1776,2.9100)
  stroke[148] (  5 pts): (+0.1868,2.8795), (+0.1705,2.8743), (+0.1618,2.8808), (+0.1657,2.8917), (+0.1776,2.8915)
  stroke[149] (  6 pts): (+0.1865,2.8610), (+0.1709,2.8558), (+0.1598,2.8623), (+0.1598,2.8726), (+0.1709,2.8752), (+0.1865,2.8686)
  stroke[150] (  6 pts): (+0.1858,2.8430), (+0.1718,2.8364), (+0.1595,2.8391), (+0.1557,2.8494), (+0.1660,2.8567), (+0.1784,2.8545)
  stroke[151] (  5 pts): (+0.1560,2.8363), (+0.1397,2.8311), (+0.1310,2.8376), (+0.1348,2.8485), (+0.1467,2.8483)
  stroke[152] ( 25 pts): (+1.0054,2.8300), (+0.9931,2.8338), (+0.9807,2.8364), (+0.9684,2.8394), (+0.9561,2.8435), (+0.9437,2.8479), (+0.9314,2.8546), (+0.9190,2.8608), (+0.9067,2.8670), (+0.8944,2.8726), (+0.8820,2.8814), (+0.8697,2.8908), (+0.8568,2.8999), (+0.8568,2.8999), (+0.8697,2.8908), (+0.8820,2.8814), (+0.8944,2.8726), (+0.9067,2.8670), (+0.9190,2.8608), (+0.9314,2.8546), (+0.9437,2.8479), (+0.9561,2.8435), (+0.9684,2.8394), (+0.9807,2.8364), (+0.9931,2.8329)
  stroke[153] ( 14 pts): (+1.1452,2.8319), (+1.1622,2.8391), (+1.1684,2.8497), (+1.1608,2.8599), (+1.1473,2.8682), (+1.1343,2.8764), (+1.1343,2.8764), (+1.1473,2.8682), (+1.1608,2.8599), (+1.1684,2.8497), (+1.1608,2.8388), (+1.1473,2.8326), (+1.1343,2.8306), (+1.1349,2.8307)
  stroke[154] (  8 pts): (+0.1850,2.8184), (+0.1727,2.8118), (+0.1598,2.8144), (+0.1495,2.8250), (+0.1533,2.8356), (+0.1665,2.8385), (+0.1784,2.8351), (+0.1865,2.8257)
  stroke[155] (  5 pts): (+0.1492,2.8104), (+0.1344,2.8091), (+0.1289,2.8188), (+0.1360,2.8297), (+0.1449,2.8259)
  stroke[156] (  6 pts): (+0.1858,2.7999), (+0.1718,2.7933), (+0.1595,2.7959), (+0.1557,2.8062), (+0.1660,2.8135), (+0.1784,2.8113)
  stroke[157] (  5 pts): (+0.1560,2.7931), (+0.1397,2.7880), (+0.1310,2.7944), (+0.1348,2.8053), (+0.1467,2.8052)
  stroke[158] ( 10 pts): (+0.1858,2.7629), (+0.1718,2.7563), (+0.1595,2.7589), (+0.1557,2.7692), (+0.1665,2.7753), (+0.1662,2.7774), (+0.1618,2.7877), (+0.1727,2.7947), (+0.1833,2.7883), (+0.1859,2.7765)
  stroke[159] (  5 pts): (+0.1560,2.7561), (+0.1397,2.7510), (+0.1310,2.7574), (+0.1348,2.7683), (+0.1467,2.7681)
  stroke[160] (  6 pts): (+0.1858,2.7444), (+0.1718,2.7377), (+0.1595,2.7404), (+0.1557,2.7507), (+0.1660,2.7580), (+0.1784,2.7558)
  stroke[161] (  5 pts): (+0.1560,2.7376), (+0.1397,2.7325), (+0.1310,2.7389), (+0.1348,2.7498), (+0.1467,2.7496)
  stroke[162] ( 91 pts): (+0.5428,2.7379), (+0.5305,2.7320), (+0.5181,2.7322), (+0.5055,2.7383), (+0.4993,2.7510), (+0.4990,2.7633), (+0.5017,2.7756), (+0.5055,2.7880), (+0.5061,2.8003), (+0.5099,2.8126), (+0.5125,2.8250), (+0.5122,2.8373), (+0.5161,2.8497), (+0.5181,2.8620), (+0.5202,2.8743), (+0.5240,2.8867), (+0.5246,2.8990), (+0.5284,2.9113), (+0.5310,2.9237), (+0.5307,2.9360), (+0.5346,2.9483), (+0.5366,2.9607), (+0.5387,2.9730), (+0.5425,2.9854), (+0.5422,2.9977), (+0.5448,3.0100), (+0.5487,3.0224), (+0.5493,3.0347), (+0.5531,3.0470), (+0.5551,3.0594), (+0.5572,3.0717), (+0.5610,3.0840), (+0.5607,3.0964), (+0.5634,3.1087), (+0.5672,3.1210), (+0.5669,3.1334), (+0.5695,3.1457), (+0.5733,3.1581), (+0.5730,3.1704), (+0.5757,3.1827), (+0.5795,3.1951), (+0.5792,3.2074), (+0.5819,3.2197), (+0.5857,3.2321), (+0.5863,3.2444), (+0.5898,3.2573), (+0.5986,3.2673), (+0.6106,3.2703), (+0.6236,3.2673), (+0.6341,3.2573), (+0.6338,3.2444), (+0.6294,3.2321), (+0.6297,3.2197), (+0.6271,3.2074), (+0.6233,3.1951), (+0.6236,3.1827), (+0.6209,3.1704), (+0.6171,3.1581), (+0.6174,3.1457), (+0.6148,3.1334), (+0.6109,3.1210), (+0.6103,3.1087), (+0.6065,3.0964), (+0.6039,3.0840), (+0.6042,3.0717), (+0.6004,3.0594), (+0.5977,3.0470), (+0.5980,3.0347), (+0.5942,3.0224), (+0.5921,3.0100), (+0.5901,2.9977), (+0.5863,2.9854), (+0.5866,2.9730), (+0.5839,2.9607), (+0.5801,2.9483), (+0.5804,2.9360), (+0.5777,2.9237), (+0.5739,2.9113), (+0.5733,2.8990), (+0.5695,2.8867), (+0.5675,2.8743), (+0.5654,2.8620), (+0.5616,2.8497), (+0.5619,2.8373), (+0.5592,2.8250), (+0.5554,2.8126), (+0.5557,2.8003), (+0.5531,2.7880), (+0.5493,2.7756), (+0.5487,2.7633), (+0.5450,2.7510)
  stroke[163] (  6 pts): (+0.4927,2.7248), (+0.4833,2.7329), (+0.4805,2.7460), (+0.4811,2.7536), (+0.4805,2.7460), (+0.4833,2.7333)
  stroke[164] (  6 pts): (+0.1868,2.7191), (+0.1705,2.7140), (+0.1618,2.7198), (+0.1657,2.7333), (+0.1776,2.7369), (+0.1872,2.7266)
  stroke[165] (101 pts): (+0.5319,2.7201), (+0.5397,2.7325), (+0.5437,2.7448), (+0.5469,2.7571), (+0.5490,2.7695), (+0.5510,2.7818), (+0.5548,2.7941), (+0.5545,2.8065), (+0.5572,2.8188), (+0.5610,2.8311), (+0.5607,2.8435), (+0.5634,2.8558), (+0.5672,2.8682), (+0.5678,2.8805), (+0.5716,2.8928), (+0.5736,2.9052), (+0.5757,2.9175), (+0.5795,2.9298), (+0.5792,2.9422), (+0.5819,2.9545), (+0.5857,2.9668), (+0.5854,2.9792), (+0.5880,2.9915), (+0.5918,3.0039), (+0.5924,3.0162), (+0.5962,3.0285), (+0.5989,3.0409), (+0.5986,3.0532), (+0.6024,3.0655), (+0.6051,3.0779), (+0.6048,3.0902), (+0.6086,3.1025), (+0.6106,3.1149), (+0.6127,3.1272), (+0.6165,3.1396), (+0.6162,3.1519), (+0.6189,3.1642), (+0.6227,3.1766), (+0.6224,3.1889), (+0.6250,3.2012), (+0.6289,3.2136), (+0.6286,3.2259), (+0.6312,3.2382), (+0.6353,3.2506), (+0.6294,3.2632), (+0.6168,3.2694), (+0.6039,3.2694), (+0.5936,3.2632), (+0.5880,3.2506), (+0.5830,3.2377), (+0.5760,3.2377), (+0.5730,3.2518), (+0.5736,3.2594), (+0.5730,3.2518), (+0.5766,3.2382), (+0.5816,3.2259), (+0.5807,3.2136), (+0.5804,3.2012), (+0.5777,3.1889), (+0.5739,3.1766), (+0.5742,3.1642), (+0.5716,3.1519), (+0.5678,3.1396), (+0.5681,3.1272), (+0.5654,3.1149), (+0.5616,3.1025), (+0.5619,3.0902), (+0.5592,3.0779), (+0.5554,3.0655), (+0.5548,3.0532), (+0.5510,3.0409), (+0.5490,3.0285), (+0.5469,3.0162), (+0.5431,3.0039), (+0.5434,2.9915), (+0.5407,2.9792), (+0.5369,2.9668), (+0.5363,2.9545), (+0.5325,2.9422), (+0.5299,2.9298), (+0.5302,2.9175), (+0.5263,2.9052), (+0.5243,2.8928), (+0.5222,2.8805), (+0.5184,2.8682), (+0.5178,2.8558), (+0.5140,2.8435), (+0.5114,2.8311), (+0.5117,2.8188), (+0.5078,2.8065), (+0.5058,2.7941), (+0.5037,2.7818), (+0.4999,2.7695), (+0.4990,2.7571), (+0.5014,2.7442), (+0.5114,2.7342), (+0.5255,2.7322), (+0.5331,2.7263), (+0.5243,2.7198), (+0.5164,2.7192), (+0.5228,2.7209)
  stroke[166] (  7 pts): (+0.5498,2.7201), (+0.5556,2.7325), (+0.5592,2.7448), (+0.5619,2.7577), (+0.5619,2.7577), (+0.5592,2.7448), (+0.5560,2.7325)
  stroke[167] (  6 pts): (+0.1552,2.7129), (+0.1405,2.7078), (+0.1307,2.7137), (+0.1307,2.7272), (+0.1405,2.7307), (+0.1552,2.7204)
  stroke[168] (  9 pts): (+0.6673,2.7078), (+0.6635,2.7201), (+0.6609,2.7325), (+0.6579,2.7448), (+0.6541,2.7577), (+0.6541,2.7577), (+0.6579,2.7448), (+0.6609,2.7325), (+0.6644,2.7201)
  stroke[169] (  9 pts): (+0.1853,2.6821), (+0.1723,2.6769), (+0.1624,2.6828), (+0.1530,2.6955), (+0.1495,2.7081), (+0.1598,2.7142), (+0.1733,2.7142), (+0.1833,2.7081), (+0.1859,2.6963)
  stroke[170] (  6 pts): (+0.1552,2.6698), (+0.1405,2.6646), (+0.1307,2.6705), (+0.1307,2.6840), (+0.1405,2.6875), (+0.1552,2.6772)
  stroke[171] ( 17 pts): (+1.1292,2.6646), (+1.1371,2.6769), (+1.1446,2.6893), (+1.1543,2.7016), (+1.1637,2.7140), (+1.1728,2.7263), (+1.1822,2.7386), (+1.1907,2.7510), (+1.2034,2.7639), (+1.2034,2.7639), (+1.1907,2.7510), (+1.1822,2.7386), (+1.1728,2.7263), (+1.1637,2.7140), (+1.1543,2.7016), (+1.1446,2.6893), (+1.1371,2.6769)
  stroke[172] (  5 pts): (+0.1560,2.6512), (+0.1397,2.6461), (+0.1310,2.6526), (+0.1348,2.6634), (+0.1467,2.6633)
  stroke[173] ( 11 pts): (+0.1858,2.6457), (+0.1718,2.6391), (+0.1595,2.6417), (+0.1557,2.6520), (+0.1665,2.6587), (+0.1665,2.6581), (+0.1557,2.6649), (+0.1595,2.6752), (+0.1733,2.6778), (+0.1833,2.6711), (+0.1859,2.6593)
  stroke[174] (  7 pts): (+0.1552,2.6204), (+0.1405,2.6153), (+0.1313,2.6211), (+0.1286,2.6344), (+0.1354,2.6449), (+0.1483,2.6449), (+0.1542,2.6351)
  stroke[175] (  7 pts): (+0.1739,2.6192), (+0.1590,2.6179), (+0.1536,2.6276), (+0.1601,2.6382), (+0.1733,2.6408), (+0.1824,2.6342), (+0.1811,2.6210)
  stroke[176] (  6 pts): (+0.1809,2.6000), (+0.1639,2.6003), (+0.1577,2.6082), (+0.1654,2.6182), (+0.1784,2.6192), (+0.1865,2.6097)
  stroke[177] (  6 pts): (+0.1492,2.5946), (+0.1344,2.5932), (+0.1289,2.6029), (+0.1354,2.6141), (+0.1467,2.6144), (+0.1564,2.6026)
  stroke[178] (  7 pts): (+0.1858,2.5840), (+0.1718,2.5774), (+0.1595,2.5800), (+0.1557,2.5903), (+0.1660,2.5979), (+0.1784,2.5990), (+0.1865,2.5918)
  stroke[179] (  5 pts): (+0.1560,2.5772), (+0.1397,2.5721), (+0.1310,2.5786), (+0.1348,2.5894), (+0.1467,2.5893)
  stroke[180] (  5 pts): (+0.1560,2.5587), (+0.1397,2.5536), (+0.1310,2.5600), (+0.1348,2.5709), (+0.1467,2.5708)
  stroke[181] (  5 pts): (+0.1560,2.5402), (+0.1397,2.5351), (+0.1310,2.5415), (+0.1348,2.5524), (+0.1467,2.5523)
  stroke[182] ( 12 pts): (+0.1668,2.5376), (+0.1551,2.5430), (+0.1554,2.5539), (+0.1665,2.5600), (+0.1665,2.5595), (+0.1557,2.5662), (+0.1595,2.5765), (+0.1733,2.5791), (+0.1833,2.5724), (+0.1862,2.5598), (+0.1828,2.5479), (+0.1734,2.5398)
  stroke[183] (  5 pts): (+0.1560,2.5217), (+0.1397,2.5166), (+0.1310,2.5230), (+0.1348,2.5339), (+0.1467,2.5338)
  stroke[184] (  7 pts): (+0.1858,2.5223), (+0.1718,2.5157), (+0.1595,2.5183), (+0.1557,2.5289), (+0.1660,2.5401), (+0.1784,2.5404), (+0.1865,2.5286)
  stroke[185] (  5 pts): (+0.1560,2.5032), (+0.1397,2.4981), (+0.1310,2.5045), (+0.1348,2.5154), (+0.1467,2.5153)
  stroke[186] (  9 pts): (+0.1865,2.4853), (+0.1709,2.4787), (+0.1604,2.4813), (+0.1577,2.4913), (+0.1566,2.5048), (+0.1595,2.5148), (+0.1733,2.5175), (+0.1833,2.5107), (+0.1859,2.4990)
  stroke[187] (  6 pts): (+0.1858,2.4668), (+0.1718,2.4602), (+0.1595,2.4628), (+0.1557,2.4731), (+0.1660,2.4804), (+0.1784,2.4782)
  stroke[188] (  6 pts): (+0.1552,2.4600), (+0.1405,2.4549), (+0.1307,2.4608), (+0.1307,2.4737), (+0.1419,2.4802), (+0.1516,2.4743)
  stroke[189] ( 30 pts): (+0.6904,2.4549), (+0.6825,2.4672), (+0.6750,2.4796), (+0.6659,2.4919), (+0.6538,2.5042), (+0.6415,2.5166), (+0.6291,2.5289), (+0.6168,2.5412), (+0.6045,2.5536), (+0.5921,2.5659), (+0.5798,2.5783), (+0.5675,2.5906), (+0.5551,2.6035), (+0.5428,2.6132), (+0.5293,2.6229), (+0.5216,2.6302), (+0.5293,2.6229), (+0.5428,2.6132), (+0.5551,2.6035), (+0.5675,2.5906), (+0.5798,2.5783), (+0.5921,2.5659), (+0.6045,2.5536), (+0.6168,2.5412), (+0.6291,2.5289), (+0.6415,2.5166), (+0.6538,2.5042), (+0.6659,2.4919), (+0.6750,2.4796), (+0.6825,2.4672)
  stroke[190] (  6 pts): (+0.1858,2.4483), (+0.1718,2.4417), (+0.1595,2.4443), (+0.1557,2.4546), (+0.1660,2.4619), (+0.1784,2.4597)
  stroke[191] (  5 pts): (+0.1560,2.4415), (+0.1397,2.4364), (+0.1310,2.4429), (+0.1348,2.4537), (+0.1467,2.4536)
  stroke[192] (  7 pts): (+0.1668,2.4204), (+0.1551,2.4258), (+0.1554,2.4367), (+0.1660,2.4434), (+0.1798,2.4408), (+0.1833,2.4320), (+0.1730,2.4216)
  stroke[193] (  6 pts): (+0.1552,2.4169), (+0.1405,2.4117), (+0.1307,2.4176), (+0.1307,2.4305), (+0.1419,2.4370), (+0.1516,2.4311)
  stroke[194] ( 18 pts): (+0.5120,2.4174), (+0.4996,2.4196), (+0.4873,2.4241), (+0.4749,2.4282), (+0.4626,2.4311), (+0.4503,2.4343), (+0.4379,2.4370), (+0.4256,2.4370), (+0.4121,2.4343), (+0.4044,2.4308), (+0.4121,2.4343), (+0.4256,2.4370), (+0.4379,2.4370), (+0.4503,2.4343), (+0.4626,2.4311), (+0.4749,2.4282), (+0.4873,2.4241), (+0.4996,2.4196)
  stroke[195] (  6 pts): (+0.1865,2.4113), (+0.1709,2.4047), (+0.1598,2.4073), (+0.1598,2.4176), (+0.1709,2.4241), (+0.1865,2.4189)
  stroke[196] (  5 pts): (+0.5566,2.4044), (+0.5410,2.4082), (+0.5299,2.4114), (+0.5299,2.4114), (+0.5410,2.4078)
  stroke[197] (  5 pts): (+0.1560,2.3984), (+0.1397,2.3932), (+0.1310,2.3997), (+0.1348,2.4105), (+0.1467,2.4104)
  stroke[198] (  6 pts): (+0.1865,2.3922), (+0.1709,2.3870), (+0.1598,2.3935), (+0.1598,2.4038), (+0.1709,2.4064), (+0.1865,2.3998)
  stroke[199] (  7 pts): (+0.5990,2.3750), (+0.5961,2.3866), (+0.5866,2.3938), (+0.5730,2.3979), (+0.5730,2.3979), (+0.5866,2.3938), (+0.5961,2.3866)
  stroke[200] (  7 pts): (+0.1850,2.3681), (+0.1727,2.3615), (+0.1592,2.3641), (+0.1516,2.3747), (+0.1592,2.3853), (+0.1733,2.3879), (+0.1828,2.3813)
  stroke[201] (  6 pts): (+0.1858,2.3496), (+0.1718,2.3430), (+0.1595,2.3456), (+0.1557,2.3559), (+0.1660,2.3633), (+0.1784,2.3611)
  stroke[202] (  6 pts): (+0.1552,2.3367), (+0.1405,2.3315), (+0.1307,2.3374), (+0.1307,2.3503), (+0.1419,2.3568), (+0.1516,2.3509)
  stroke[203] (  6 pts): (+0.1858,2.3311), (+0.1718,2.3245), (+0.1595,2.3271), (+0.1557,2.3374), (+0.1660,2.3448), (+0.1784,2.3425)
  stroke[204] (  5 pts): (+0.1560,2.3182), (+0.1397,2.3130), (+0.1310,2.3195), (+0.1348,2.3304), (+0.1467,2.3302)
  stroke[205] (  6 pts): (+0.6045,2.3192), (+0.6045,2.3315), (+0.6045,2.3450), (+0.6045,2.3527), (+0.6045,2.3450), (+0.6045,2.3324)
  stroke[206] (  9 pts): (+0.2529,2.3130), (+0.2529,2.3254), (+0.2529,2.3377), (+0.2523,2.3500), (+0.2547,2.3630), (+0.2547,2.3630), (+0.2523,2.3500), (+0.2529,2.3377), (+0.2529,2.3254)
  stroke[207] (  5 pts): (+0.1492,2.2923), (+0.1344,2.2910), (+0.1289,2.3007), (+0.1360,2.3116), (+0.1449,2.3077)
  stroke[208] ( 10 pts): (+0.1861,2.2873), (+0.1714,2.2822), (+0.1627,2.2881), (+0.1577,2.3007), (+0.1542,2.3136), (+0.1601,2.3236), (+0.1733,2.3262), (+0.1833,2.3195), (+0.1864,2.3077), (+0.1840,2.2938)
  stroke[209] (  6 pts): (+0.1865,2.2688), (+0.1709,2.2637), (+0.1598,2.2701), (+0.1598,2.2804), (+0.1709,2.2831), (+0.1865,2.2765)
  stroke[210] (  6 pts): (+0.1552,2.2503), (+0.1405,2.2452), (+0.1307,2.2511), (+0.1307,2.2646), (+0.1405,2.2681), (+0.1552,2.2578)
  stroke[211] (  7 pts): (+0.1668,2.2415), (+0.1551,2.2469), (+0.1554,2.2578), (+0.1660,2.2646), (+0.1798,2.2619), (+0.1833,2.2531), (+0.1730,2.2427)
  stroke[212] (  8 pts): (+0.6106,2.2452), (+0.6106,2.2575), (+0.6106,2.2699), (+0.6106,2.2834), (+0.6106,2.2910), (+0.6106,2.2834), (+0.6106,2.2699), (+0.6106,2.2575)
  stroke[213] (  8 pts): (+0.1677,2.2183), (+0.1529,2.2170), (+0.1474,2.2267), (+0.1539,2.2375), (+0.1665,2.2443), (+0.1792,2.2440), (+0.1856,2.2328), (+0.1798,2.2232)
  stroke[214] (  6 pts): (+0.1552,2.2071), (+0.1405,2.2020), (+0.1307,2.2079), (+0.1307,2.2214), (+0.1405,2.2249), (+0.1552,2.2146)
  stroke[215] (  5 pts): (+0.1868,2.2071), (+0.1705,2.2020), (+0.1618,2.2085), (+0.1657,2.2193), (+0.1776,2.2192)
  stroke[216] ( 28 pts): (+0.8383,2.2020), (+0.8309,2.2143), (+0.8253,2.2267), (+0.8192,2.2390), (+0.8130,2.2513), (+0.8068,2.2637), (+0.8001,2.2760), (+0.7963,2.2884), (+0.7901,2.3007), (+0.7816,2.3130), (+0.7760,2.3254), (+0.7692,2.3377), (+0.7648,2.3500), (+0.7598,2.3635), (+0.7554,2.3712), (+0.7598,2.3635), (+0.7648,2.3500), (+0.7692,2.3377), (+0.7760,2.3254), (+0.7816,2.3130), (+0.7901,2.3007), (+0.7963,2.2884), (+0.8001,2.2760), (+0.8068,2.2637), (+0.8130,2.2513), (+0.8192,2.2390), (+0.8253,2.2267), (+0.8309,2.2143)
  stroke[217] (  5 pts): (+0.1868,2.1886), (+0.1705,2.1835), (+0.1618,2.1900), (+0.1657,2.2008), (+0.1776,2.2007)
  stroke[218] (  5 pts): (+0.1868,2.1701), (+0.1705,2.1650), (+0.1618,2.1715), (+0.1657,2.1823), (+0.1776,2.1822)
  stroke[219] (  6 pts): (+0.1858,2.1522), (+0.1718,2.1456), (+0.1595,2.1483), (+0.1557,2.1585), (+0.1660,2.1659), (+0.1784,2.1637)
  stroke[220] ( 11 pts): (+0.6168,2.1527), (+0.6168,2.1650), (+0.6168,2.1773), (+0.6168,2.1897), (+0.6168,2.2020), (+0.6168,2.2149), (+0.6168,2.2149), (+0.6168,2.2020), (+0.6168,2.1897), (+0.6168,2.1773), (+0.6168,2.1650)
  stroke[221] (  6 pts): (+0.1552,2.1455), (+0.1405,2.1403), (+0.1307,2.1462), (+0.1307,2.1597), (+0.1405,2.1632), (+0.1552,2.1530)
  stroke[222] (  5 pts): (+1.0424,2.1389), (+1.0424,2.1544), (+1.0424,2.1656), (+1.0424,2.1656), (+1.0424,2.1544)
  stroke[223] (  7 pts): (+0.1850,2.1334), (+0.1727,2.1275), (+0.1598,2.1277), (+0.1495,2.1344), (+0.1533,2.1447), (+0.1665,2.1477), (+0.1789,2.1447)
  stroke[224] (  5 pts): (+0.1868,2.1146), (+0.1705,2.1095), (+0.1618,2.1159), (+0.1657,2.1268), (+0.1776,2.1267)
  stroke[225] (  5 pts): (+0.1492,2.1011), (+0.1344,2.0998), (+0.1289,2.1095), (+0.1360,2.1204), (+0.1449,2.1165)
  stroke[226] (  5 pts): (+0.1868,2.0961), (+0.1705,2.0910), (+0.1618,2.0974), (+0.1657,2.1083), (+0.1776,2.1082)
  stroke[227] (  6 pts): (+1.0486,2.0910), (+1.0486,2.1033), (+1.0486,2.1168), (+1.0486,2.1245), (+1.0486,2.1168), (+1.0486,2.1042)
  stroke[228] ( 30 pts): (+0.8340,2.0848), (+0.8274,2.0971), (+0.8224,2.1095), (+0.8183,2.1218), (+0.8124,2.1342), (+0.8080,2.1465), (+0.8036,2.1588), (+0.7969,2.1712), (+0.7916,2.1835), (+0.7875,2.1958), (+0.7822,2.2082), (+0.7754,2.2205), (+0.7710,2.2328), (+0.7666,2.2452), (+0.7593,2.2587), (+0.7554,2.2663), (+0.7593,2.2587), (+0.7666,2.2452), (+0.7710,2.2328), (+0.7754,2.2205), (+0.7822,2.2082), (+0.7875,2.1958), (+0.7916,2.1835), (+0.7969,2.1712), (+0.8036,2.1588), (+0.8080,2.1465), (+0.8124,2.1342), (+0.8183,2.1218), (+0.8224,2.1095), (+0.8283,2.0971)
  stroke[229] (  6 pts): (+0.1861,2.0714), (+0.1714,2.0663), (+0.1615,2.0722), (+0.1615,2.0851), (+0.1727,2.0916), (+0.1824,2.0857)
  stroke[230] ( 14 pts): (+0.5613,2.0657), (+0.5490,2.0672), (+0.5366,2.0704), (+0.5243,2.0734), (+0.5120,2.0766), (+0.4996,2.0795), (+0.4861,2.0828), (+0.4785,2.0860), (+0.4861,2.0828), (+0.4996,2.0795), (+0.5120,2.0766), (+0.5243,2.0734), (+0.5366,2.0704), (+0.5490,2.0672)
  stroke[231] ( 12 pts): (+0.3701,2.0610), (+0.3824,2.0667), (+0.3948,2.0698), (+0.4071,2.0751), (+0.4194,2.0786), (+0.4324,2.0833), (+0.4324,2.0833), (+0.4194,2.0786), (+0.4071,2.0751), (+0.3948,2.0698), (+0.3824,2.0663), (+0.3701,2.0619)
  stroke[232] (  6 pts): (+0.1858,2.0535), (+0.1718,2.0469), (+0.1595,2.0496), (+0.1557,2.0598), (+0.1660,2.0672), (+0.1784,2.0650)
  stroke[233] (  6 pts): (+0.7340,2.0540), (+0.7340,2.0663), (+0.7340,2.0798), (+0.7340,2.0875), (+0.7340,2.0798), (+0.7340,2.0672)
  stroke[234] (  5 pts): (+0.1560,2.0468), (+0.1397,2.0416), (+0.1310,2.0481), (+0.1348,2.0590), (+0.1467,2.0588)
  stroke[235] (141 pts): (+0.2595,2.0456), (+0.2463,2.0443), (+0.2403,2.0534), (+0.2406,2.0663), (+0.2406,2.0786), (+0.2406,2.0910), (+0.2406,2.1033), (+0.2411,2.1157), (+0.2385,2.1280), (+0.2347,2.1403), (+0.2344,2.1527), (+0.2344,2.1650), (+0.2344,2.1773), (+0.2344,2.1897), (+0.2344,2.2020), (+0.2344,2.2143), (+0.2344,2.2267), (+0.2344,2.2390), (+0.2344,2.2513), (+0.2344,2.2637), (+0.2344,2.2760), (+0.2344,2.2884), (+0.2344,2.3007), (+0.2344,2.3130), (+0.2344,2.3254), (+0.2344,2.3377), (+0.2344,2.3500), (+0.2344,2.3624), (+0.2341,2.3753), (+0.2403,2.3856), (+0.2529,2.3920), (+0.2652,2.3982), (+0.2776,2.4035), (+0.2899,2.4076), (+0.3022,2.4135), (+0.3146,2.4179), (+0.3269,2.4223), (+0.3392,2.4282), (+0.3516,2.4329), (+0.3639,2.4364), (+0.3763,2.4408), (+0.3886,2.4467), (+0.4009,2.4514), (+0.4133,2.4546), (+0.4256,2.4549), (+0.4379,2.4549), (+0.4503,2.4546), (+0.4626,2.4508), (+0.4749,2.4478), (+0.4873,2.4452), (+0.4996,2.4399), (+0.5120,2.4364), (+0.5243,2.4323), (+0.5366,2.4293), (+0.5490,2.4267), (+0.5613,2.4214), (+0.5736,2.4179), (+0.5860,2.4144), (+0.5983,2.4097), (+0.6109,2.4041), (+0.6174,2.3938), (+0.6209,2.3809), (+0.6236,2.3685), (+0.6230,2.3562), (+0.6230,2.3439), (+0.6233,2.3315), (+0.6271,2.3192), (+0.6297,2.3069), (+0.6291,2.2945), (+0.6291,2.2822), (+0.6286,2.2699), (+0.6312,2.2575), (+0.6350,2.2452), (+0.6353,2.2328), (+0.6353,2.2205), (+0.6353,2.2082), (+0.6353,2.1958), (+0.6356,2.1835), (+0.6394,2.1712), (+0.6421,2.1588), (+0.6415,2.1465), (+0.6415,2.1342), (+0.6415,2.1218), (+0.6415,2.1095), (+0.6415,2.0971), (+0.6421,2.0848), (+0.6397,2.0716), (+0.6294,2.0678), (+0.6227,2.0781), (+0.6230,2.0910), (+0.6230,2.1045), (+0.6230,2.1121), (+0.6230,2.1045), (+0.6236,2.0910), (+0.6212,2.0783), (+0.6112,2.0725), (+0.5983,2.0766), (+0.5860,2.0795), (+0.5736,2.0828), (+0.5613,2.0857), (+0.5490,2.0889), (+0.5366,2.0919), (+0.5243,2.0951), (+0.5120,2.0980), (+0.4996,2.1013), (+0.4873,2.1042), (+0.4749,2.1074), (+0.4626,2.1101), (+0.4503,2.1101), (+0.4379,2.1074), (+0.4256,2.1033), (+0.4133,2.0998), (+0.4009,2.0945), (+0.3886,2.0910), (+0.3763,2.0866), (+0.3639,2.0807), (+0.3516,2.0760), (+0.3392,2.0725), (+0.3269,2.0690), (+0.3146,2.0637), (+0.3022,2.0601), (+0.2899,2.0566), (+0.2776,2.0507), (+0.2649,2.0499), (+0.2588,2.0596), (+0.2591,2.0725), (+0.2591,2.0848), (+0.2591,2.0971), (+0.2591,2.1095), (+0.2591,2.1218), (+0.2591,2.1342), (+0.2591,2.1477), (+0.2591,2.1553), (+0.2591,2.1477), (+0.2591,2.1342), (+0.2591,2.1218), (+0.2591,2.1095), (+0.2591,2.0971), (+0.2591,2.0848), (+0.2591,2.0725), (+0.2591,2.0601)
  stroke[236] (  6 pts): (+0.1861,2.0283), (+0.1714,2.0231), (+0.1615,2.0290), (+0.1615,2.0419), (+0.1727,2.0484), (+0.1824,2.0425)
  stroke[237] (  5 pts): (+0.1492,2.0209), (+0.1344,2.0196), (+0.1289,2.0293), (+0.1360,2.0402), (+0.1449,2.0363)
  stroke[238] (  5 pts): (+0.1868,2.0098), (+0.1705,2.0046), (+0.1618,2.0111), (+0.1657,2.0220), (+0.1776,2.0218)
  stroke[239] ( 12 pts): (+1.0547,2.0046), (+1.0547,2.0170), (+1.0547,2.0293), (+1.0547,2.0416), (+1.0547,2.0540), (+1.0547,2.0675), (+1.0547,2.0751), (+1.0547,2.0675), (+1.0547,2.0540), (+1.0547,2.0416), (+1.0547,2.0293), (+1.0547,2.0170)
  stroke[240] (  5 pts): (+0.1492,1.9963), (+0.1344,1.9949), (+0.1289,2.0046), (+0.1360,2.0155), (+0.1449,2.0117)
  stroke[241] (  5 pts): (+0.1868,1.9913), (+0.1705,1.9861), (+0.1618,1.9926), (+0.1657,2.0035), (+0.1776,2.0033)
  stroke[242] (  5 pts): (+0.1492,1.9716), (+0.1344,1.9703), (+0.1289,1.9800), (+0.1360,1.9908), (+0.1449,1.9870)
  stroke[243] (  5 pts): (+0.1868,1.9728), (+0.1705,1.9676), (+0.1618,1.9741), (+0.1657,1.9849), (+0.1776,1.9848)
  stroke[244] (  6 pts): (+0.1858,1.9548), (+0.1718,1.9482), (+0.1595,1.9509), (+0.1557,1.9612), (+0.1660,1.9685), (+0.1784,1.9663)
  stroke[245] (  6 pts): (+0.1552,1.9481), (+0.1405,1.9429), (+0.1307,1.9488), (+0.1307,1.9623), (+0.1405,1.9659), (+0.1552,1.9556)
  stroke[246] (  8 pts): (+0.5983,1.9306), (+0.5860,1.9306), (+0.5736,1.9306), (+0.5601,1.9306), (+0.5525,1.9306), (+0.5601,1.9306), (+0.5736,1.9306), (+0.5860,1.9306)
  stroke[247] ( 21 pts): (+0.6353,1.9306), (+0.6353,1.9429), (+0.6353,1.9553), (+0.6353,1.9676), (+0.6353,1.9800), (+0.6353,1.9923), (+0.6353,2.0046), (+0.6353,2.0170), (+0.6359,2.0293), (+0.6324,2.0419), (+0.6277,2.0484), (+0.6324,2.0419), (+0.6359,2.0293), (+0.6353,2.0170), (+0.6353,2.0046), (+0.6353,1.9923), (+0.6353,1.9800), (+0.6353,1.9676), (+0.6359,1.9553), (+0.6324,1.9427), (+0.6283,1.9368)
  stroke[248] (  6 pts): (+0.1552,1.9234), (+0.1405,1.9183), (+0.1307,1.9241), (+0.1307,1.9377), (+0.1405,1.9412), (+0.1552,1.9309)
  stroke[249] ( 11 pts): (+0.5243,1.9244), (+0.5120,1.9244), (+0.4996,1.9244), (+0.4873,1.9244), (+0.4749,1.9244), (+0.4620,1.9244), (+0.4620,1.9244), (+0.4749,1.9244), (+0.4873,1.9244), (+0.4996,1.9244), (+0.5120,1.9244)
  stroke[250] (  8 pts): (+0.1858,1.9172), (+0.1718,1.9121), (+0.1595,1.9180), (+0.1554,1.9306), (+0.1618,1.9432), (+0.1727,1.9497), (+0.1833,1.9432), (+0.1859,1.9315)
  stroke[251] ( 21 pts): (+0.4256,1.9183), (+0.4133,1.9183), (+0.4009,1.9183), (+0.3886,1.9183), (+0.3763,1.9183), (+0.3639,1.9183), (+0.3516,1.9183), (+0.3392,1.9183), (+0.3269,1.9183), (+0.3146,1.9183), (+0.3016,1.9183), (+0.3016,1.9183), (+0.3146,1.9183), (+0.3269,1.9183), (+0.3392,1.9183), (+0.3516,1.9183), (+0.3639,1.9183), (+0.3763,1.9183), (+0.3886,1.9183), (+0.4009,1.9183), (+0.4133,1.9183)
  stroke[252] (  5 pts): (+0.1868,1.8987), (+0.1705,1.8936), (+0.1618,1.9001), (+0.1657,1.9109), (+0.1776,1.9108)
  stroke[253] (112 pts): (+0.4379,1.8983), (+0.4256,1.8940), (+0.4133,1.8936), (+0.4009,1.8936), (+0.3886,1.8936), (+0.3763,1.8936), (+0.3639,1.8936), (+0.3516,1.8936), (+0.3392,1.8936), (+0.3269,1.8936), (+0.3146,1.8936), (+0.3022,1.8936), (+0.2899,1.8936), (+0.2776,1.8936), (+0.2646,1.8933), (+0.2544,1.9001), (+0.2594,1.9103), (+0.2679,1.9121), (+0.2599,1.9139), (+0.2526,1.9239), (+0.2529,1.9368), (+0.2529,1.9491), (+0.2529,1.9614), (+0.2529,1.9738), (+0.2529,1.9861), (+0.2529,1.9985), (+0.2538,2.0120), (+0.2549,2.0196), (+0.2538,2.0120), (+0.2529,1.9985), (+0.2529,1.9861), (+0.2529,1.9738), (+0.2529,1.9614), (+0.2529,1.9491), (+0.2529,1.9368), (+0.2529,1.9244), (+0.2535,1.9121), (+0.2511,1.8989), (+0.2408,1.8951), (+0.2341,1.9053), (+0.2344,1.9183), (+0.2344,1.9306), (+0.2344,1.9429), (+0.2344,1.9553), (+0.2344,1.9676), (+0.2344,1.9800), (+0.2344,1.9923), (+0.2344,2.0046), (+0.2344,2.0170), (+0.2341,2.0299), (+0.2403,2.0393), (+0.2529,2.0443), (+0.2652,2.0478), (+0.2776,2.0513), (+0.2899,2.0566), (+0.3022,2.0601), (+0.3146,2.0637), (+0.3269,2.0690), (+0.3392,2.0725), (+0.3516,2.0760), (+0.3639,2.0807), (+0.3763,2.0866), (+0.3886,2.0910), (+0.4009,2.0945), (+0.4133,2.0998), (+0.4256,2.1033), (+0.4379,2.1074), (+0.4503,2.1101), (+0.4626,2.1101), (+0.4749,2.1074), (+0.4873,2.1042), (+0.4996,2.1013), (+0.5120,2.0980), (+0.5243,2.0951), (+0.5366,2.0919), (+0.5490,2.0889), (+0.5613,2.0857), (+0.5736,2.0828), (+0.5860,2.0795), (+0.5983,2.0766), (+0.6106,2.0734), (+0.6230,2.0704), (+0.6353,2.0669), (+0.6474,2.0604), (+0.6562,2.0478), (+0.6597,2.0355), (+0.6600,2.0231), (+0.6600,2.0108), (+0.6606,1.9985), (+0.6579,1.9861), (+0.6541,1.9738), (+0.6538,1.9614), (+0.6538,1.9491), (+0.6538,1.9368), (+0.6541,1.9239), (+0.6479,1.9139), (+0.6353,1.9115), (+0.6230,1.9127), (+0.6106,1.9100), (+0.5983,1.9062), (+0.5860,1.9059), (+0.5736,1.9059), (+0.5613,1.9059), (+0.5490,1.9065), (+0.5366,1.9039), (+0.5243,1.9001), (+0.5120,1.8998), (+0.4996,1.8998), (+0.4873,1.8998), (+0.4749,1.8998), (+0.4626,1.8998), (+0.4503,1.8998)
  stroke[254] (143 pts): (+0.4318,1.8951), (+0.4441,1.8993), (+0.4564,1.8998), (+0.4688,1.8998), (+0.4811,1.8998), (+0.4934,1.8998), (+0.5058,1.8998), (+0.5181,1.8992), (+0.5305,1.9018), (+0.5428,1.9056), (+0.5551,1.9059), (+0.5675,1.9059), (+0.5798,1.9059), (+0.5921,1.9053), (+0.6045,1.9080), (+0.6168,1.9118), (+0.6291,1.9121), (+0.6421,1.9118), (+0.6521,1.9180), (+0.6544,1.9306), (+0.6538,1.9429), (+0.6538,1.9553), (+0.6532,1.9676), (+0.6559,1.9800), (+0.6597,1.9923), (+0.6600,2.0046), (+0.6600,2.0170), (+0.6606,2.0293), (+0.6585,2.0416), (+0.6518,2.0540), (+0.6438,2.0663), (+0.6409,2.0786), (+0.6415,2.0910), (+0.6415,2.1033), (+0.6415,2.1157), (+0.6415,2.1280), (+0.6415,2.1403), (+0.6415,2.1527), (+0.6412,2.1650), (+0.6374,2.1773), (+0.6347,2.1897), (+0.6353,2.2020), (+0.6353,2.2143), (+0.6353,2.2267), (+0.6359,2.2390), (+0.6333,2.2513), (+0.6294,2.2637), (+0.6291,2.2760), (+0.6291,2.2884), (+0.6291,2.3007), (+0.6289,2.3130), (+0.6250,2.3254), (+0.6224,2.3377), (+0.6230,2.3500), (+0.6230,2.3624), (+0.6227,2.3747), (+0.6195,2.3870), (+0.6145,2.3991), (+0.6051,2.4079), (+0.5921,2.4117), (+0.5798,2.4152), (+0.5675,2.4205), (+0.5551,2.4241), (+0.5428,2.4282), (+0.5305,2.4311), (+0.5181,2.4337), (+0.5058,2.4390), (+0.4934,2.4426), (+0.4811,2.4467), (+0.4688,2.4496), (+0.4564,2.4528), (+0.4441,2.4555), (+0.4318,2.4549), (+0.4194,2.4555), (+0.4071,2.4528), (+0.3948,2.4487), (+0.3824,2.4443), (+0.3701,2.4384), (+0.3577,2.4337), (+0.3454,2.4302), (+0.3331,2.4258), (+0.3207,2.4199), (+0.3084,2.4158), (+0.2961,2.4100), (+0.2837,2.4056), (+0.2714,2.4011), (+0.2591,2.3944), (+0.2461,2.3888), (+0.2361,2.3806), (+0.2338,2.3685), (+0.2344,2.3562), (+0.2344,2.3439), (+0.2344,2.3315), (+0.2344,2.3192), (+0.2344,2.3069), (+0.2344,2.2945), (+0.2344,2.2822), (+0.2344,2.2699), (+0.2344,2.2575), (+0.2344,2.2452), (+0.2344,2.2328), (+0.2344,2.2205), (+0.2344,2.2082), (+0.2344,2.1958), (+0.2344,2.1835), (+0.2344,2.1712), (+0.2344,2.1588), (+0.2338,2.1465), (+0.2364,2.1342), (+0.2403,2.1218), (+0.2406,2.1095), (+0.2406,2.0971), (+0.2406,2.0848), (+0.2406,2.0725), (+0.2406,2.0601), (+0.2403,2.0478), (+0.2364,2.0355), (+0.2338,2.0231), (+0.2344,2.0108), (+0.2344,1.9985), (+0.2344,1.9861), (+0.2344,1.9738), (+0.2344,1.9614), (+0.2344,1.9491), (+0.2344,1.9368), (+0.2344,1.9244), (+0.2338,1.9121), (+0.2361,1.8995), (+0.2461,1.8933), (+0.2591,1.8936), (+0.2714,1.8936), (+0.2837,1.8936), (+0.2961,1.8936), (+0.3084,1.8936), (+0.3207,1.8936), (+0.3331,1.8936), (+0.3454,1.8936), (+0.3577,1.8936), (+0.3701,1.8936), (+0.3824,1.8936), (+0.3948,1.8936), (+0.4071,1.8936), (+0.4194,1.8936)
  stroke[255] (  7 pts): (+0.7654,1.8936), (+0.7640,1.9059), (+0.7607,1.9183), (+0.7581,1.9312), (+0.7581,1.9312), (+0.7607,1.9183), (+0.7640,1.9059)
  stroke[256] (  6 pts): (+0.1861,1.8741), (+0.1714,1.8689), (+0.1615,1.8748), (+0.1615,1.8877), (+0.1727,1.8942), (+0.1824,1.8883)
  stroke[257] (  7 pts): (+0.1485,1.8667), (+0.1353,1.8654), (+0.1292,1.8745), (+0.1292,1.8880), (+0.1360,1.8983), (+0.1463,1.8945), (+0.1489,1.8826)
  stroke[258] (  6 pts): (+0.1858,1.8562), (+0.1718,1.8495), (+0.1595,1.8522), (+0.1557,1.8625), (+0.1660,1.8698), (+0.1784,1.8676)
  stroke[259] (  5 pts): (+0.1560,1.8494), (+0.1397,1.8443), (+0.1310,1.8507), (+0.1348,1.8616), (+0.1467,1.8614)
  stroke[260] (  5 pts): (+0.7784,1.8490), (+0.7745,1.8645), (+0.7713,1.8757), (+0.7713,1.8757), (+0.7750,1.8645)
  stroke[261] (  5 pts): (+0.1868,1.8371), (+0.1705,1.8319), (+0.1618,1.8384), (+0.1657,1.8492), (+0.1776,1.8491)
  stroke[262] (  5 pts): (+0.1492,1.8050), (+0.1344,1.8037), (+0.1289,1.8134), (+0.1360,1.8243), (+0.1449,1.8205)
  stroke[263] (  9 pts): (+0.1868,1.7939), (+0.1705,1.7887), (+0.1630,1.7946), (+0.1618,1.8072), (+0.1610,1.8202), (+0.1662,1.8307), (+0.1792,1.8307), (+0.1853,1.8202), (+0.1859,1.8077)
  stroke[264] (  5 pts): (+0.7969,1.7811), (+0.7930,1.7967), (+0.7898,1.8078), (+0.7898,1.8078), (+0.7935,1.7967)
  stroke[265] (350 pts): (+0.8447,1.7796), (+0.8331,1.7835), (+0.8259,1.7949), (+0.8230,1.8072), (+0.8177,1.8196), (+0.8142,1.8319), (+0.8107,1.8443), (+0.8054,1.8566), (+0.8027,1.8689), (+0.7998,1.8813), (+0.7966,1.8936), (+0.7936,1.9059), (+0.7895,1.9183), (+0.7854,1.9306), (+0.7825,1.9429), (+0.7792,1.9553), (+0.7763,1.9676), (+0.7731,1.9800), (+0.7701,1.9923), (+0.7669,2.0046), (+0.7640,2.0170), (+0.7607,2.0293), (+0.7587,2.0416), (+0.7566,2.0540), (+0.7528,2.0663), (+0.7522,2.0786), (+0.7484,2.0910), (+0.7463,2.1033), (+0.7440,2.1157), (+0.7364,2.1280), (+0.7334,2.1403), (+0.7340,2.1527), (+0.7340,2.1650), (+0.7337,2.1773), (+0.7299,2.1897), (+0.7272,2.2020), (+0.7278,2.2143), (+0.7281,2.2267), (+0.7217,2.2390), (+0.7152,2.2513), (+0.7155,2.2637), (+0.7155,2.2760), (+0.7155,2.2884), (+0.7155,2.3007), (+0.7155,2.3130), (+0.7155,2.3254), (+0.7155,2.3377), (+0.7155,2.3500), (+0.7155,2.3624), (+0.7155,2.3747), (+0.7155,2.3870), (+0.7155,2.3994), (+0.7155,2.4117), (+0.7155,2.4241), (+0.7155,2.4364), (+0.7155,2.4487), (+0.7155,2.4611), (+0.7155,2.4734), (+0.7155,2.4857), (+0.7155,2.4981), (+0.7155,2.5104), (+0.7149,2.5227), (+0.7178,2.5351), (+0.7258,2.5474), (+0.7325,2.5598), (+0.7349,2.5721), (+0.7381,2.5844), (+0.7411,2.5968), (+0.7443,2.6091), (+0.7463,2.6214), (+0.7484,2.6338), (+0.7522,2.6461), (+0.7519,2.6584), (+0.7546,2.6708), (+0.7584,2.6831), (+0.7581,2.6955), (+0.7607,2.7078), (+0.7645,2.7201), (+0.7651,2.7325), (+0.7684,2.7448), (+0.7731,2.7571), (+0.7789,2.7695), (+0.7833,2.7818), (+0.7878,2.7941), (+0.7942,2.8065), (+0.7966,2.8188), (+0.7998,2.8311), (+0.8024,2.8435), (+0.8016,2.8558), (+0.7977,2.8682), (+0.7951,2.8805), (+0.7957,2.8928), (+0.7960,2.9052), (+0.7998,2.9175), (+0.8019,2.9298), (+0.8033,2.9422), (+0.8101,2.9545), (+0.8183,2.9668), (+0.8245,2.9792), (+0.8292,2.9915), (+0.8324,3.0039), (+0.8327,3.0162), (+0.8327,3.0285), (+0.8327,3.0409), (+0.8327,3.0532), (+0.8327,3.0655), (+0.8327,3.0779), (+0.8327,3.0902), (+0.8321,3.1025), (+0.8347,3.1149), (+0.8386,3.1272), (+0.8389,3.1396), (+0.8392,3.1519), (+0.8430,3.1642), (+0.8456,3.1766), (+0.8444,3.1889), (+0.8471,3.2012), (+0.8509,3.2136), (+0.8506,3.2259), (+0.8533,3.2382), (+0.8571,3.2506), (+0.8568,3.2629), (+0.8594,3.2753), (+0.8632,3.2876), (+0.8629,3.2999), (+0.8656,3.3123), (+0.8694,3.3246), (+0.8700,3.3369), (+0.8738,3.3493), (+0.8759,3.3616), (+0.8779,3.3739), (+0.8817,3.3863), (+0.8823,3.3986), (+0.8861,3.4109), (+0.8882,3.4233), (+0.8903,3.4356), (+0.8941,3.4480), (+0.8944,3.4603), (+0.8947,3.4726), (+0.8985,3.4850), (+0.9011,3.4973), (+0.9005,3.5096), (+0.9005,3.5220), (+0.9000,3.5343), (+0.9026,3.5466), (+0.9064,3.5590), (+0.9067,3.5713), (+0.9067,3.5837), (+0.9067,3.5960), (+0.9067,3.6083), (+0.9070,3.6207), (+0.9108,3.6330), (+0.9135,3.6453), (+0.9129,3.6577), (+0.9132,3.6700), (+0.9170,3.6823), (+0.9196,3.6947), (+0.9193,3.7070), (+0.9232,3.7194), (+0.9255,3.7323), (+0.9311,3.7423), (+0.9437,3.7449), (+0.9561,3.7384), (+0.9684,3.7293), (+0.9807,3.7255), (+0.9931,3.7220), (+1.0054,3.7167), (+1.0177,3.7135), (+1.0301,3.7129), (+1.0424,3.7091), (+1.0547,3.7064), (+1.0671,3.7070), (+1.0794,3.7076), (+1.0920,3.7053), (+1.0982,3.6953), (+1.0979,3.6823), (+1.0979,3.6700), (+1.0979,3.6577), (+1.0979,3.6453), (+1.0979,3.6330), (+1.0979,3.6207), (+1.0979,3.6083), (+1.0979,3.5960), (+1.0979,3.5837), (+1.0979,3.5713), (+1.0979,3.5590), (+1.0979,3.5466), (+1.0979,3.5343), (+1.0979,3.5220), (+1.0979,3.5096), (+1.0979,3.4973), (+1.0979,3.4850), (+1.0979,3.4726), (+1.0979,3.4603), (+1.0979,3.4480), (+1.0979,3.4356), (+1.0979,3.4233), (+1.0979,3.4109), (+1.0979,3.3986), (+1.0979,3.3863), (+1.0979,3.3739), (+1.0979,3.3616), (+1.0979,3.3493), (+1.0979,3.3369), (+1.0979,3.3246), (+1.0979,3.3123), (+1.0979,3.2999), (+1.0976,3.2876), (+1.0938,3.2753), (+1.0912,3.2629), (+1.0918,3.2506), (+1.0918,3.2382), (+1.0918,3.2259), (+1.0918,3.2136), (+1.0918,3.2012), (+1.0918,3.1889), (+1.0918,3.1766), (+1.0918,3.1642), (+1.0918,3.1519), (+1.0918,3.1396), (+1.0918,3.1272), (+1.0915,3.1149), (+1.0876,3.1025), (+1.0850,3.0902), (+1.0856,3.0779), (+1.0856,3.0655), (+1.0856,3.0532), (+1.0853,3.0409), (+1.0815,3.0285), (+1.0785,3.0162), (+1.0753,3.0039), (+1.0732,2.9915), (+1.0712,2.9792), (+1.0680,2.9668), (+1.0653,2.9542), (+1.0553,2.9480), (+1.0424,2.9486), (+1.0301,2.9525), (+1.0177,2.9554), (+1.0054,2.9580), (+0.9931,2.9627), (+0.9807,2.9686), (+0.9684,2.9730), (+0.9561,2.9768), (+0.9425,2.9859), (+0.9349,2.9921), (+0.9425,2.9859), (+0.9561,2.9768), (+0.9684,2.9730), (+0.9807,2.9686), (+0.9931,2.9627), (+1.0054,2.9580), (+1.0177,2.9554), (+1.0301,2.9525), (+1.0424,2.9486), (+1.0553,2.9486), (+1.0653,2.9425), (+1.0677,2.9298), (+1.0674,2.9175), (+1.0712,2.9052), (+1.0738,2.8928), (+1.0732,2.8805), (+1.0732,2.8682), (+1.0730,2.8558), (+1.0688,2.8435), (+1.0621,2.8311), (+1.0559,2.8188), (+1.0500,2.8065), (+1.0477,2.7941), (+1.0445,2.7818), (+1.0418,2.7695), (+1.0424,2.7571), (+1.0424,2.7448), (+1.0424,2.7325), (+1.0430,2.7201), (+1.0403,2.7078), (+1.0365,2.6955), (+1.0368,2.6831), (+1.0342,2.6708), (+1.0304,2.6584), (+1.0298,2.6461), (+1.0260,2.6338), (+1.0239,2.6214), (+1.0218,2.6091), (+1.0180,2.5968), (+1.0183,2.5844), (+1.0157,2.5721), (+1.0119,2.5598), (+1.0113,2.5474), (+1.0075,2.5351), (+1.0048,2.5227), (+1.0051,2.5104), (+1.0013,2.4981), (+0.9992,2.4857), (+0.9972,2.4734), (+0.9934,2.4611), (+0.9928,2.4487), (+0.9889,2.4364), (+0.9869,2.4241), (+0.9848,2.4117), (+0.9810,2.3994), (+0.9804,2.3870), (+0.9766,2.3747), (+0.9746,2.3624), (+0.9725,2.3500), (+0.9687,2.3377), (+0.9690,2.3254), (+0.9663,2.3130), (+0.9625,2.3007), (+0.9619,2.2884), (+0.9581,2.2760), (+0.9561,2.2637), (+0.9540,2.2513), (+0.9502,2.2390), (+0.9496,2.2267), (+0.9458,2.2143), (+0.9437,2.2020), (+0.9417,2.1897), (+0.9378,2.1773), (+0.9373,2.1650), (+0.9334,2.1527), (+0.9308,2.1403), (+0.9311,2.1280), (+0.9273,2.1157), (+0.9252,2.1033), (+0.9232,2.0910), (+0.9193,2.0786), (+0.9188,2.0663), (+0.9149,2.0540), (+0.9129,2.0416), (+0.9108,2.0293), (+0.9070,2.0170), (+0.9064,2.0046), (+0.9026,1.9923), (+0.8997,1.9800), (+0.8964,1.9676), (+0.8944,1.9553), (+0.8923,1.9429), (+0.8891,1.9306), (+0.8861,1.9183), (+0.8820,1.9059), (+0.8779,1.8936), (+0.8750,1.8813), (+0.8723,1.8689), (+0.8671,1.8566), (+0.8635,1.8443), (+0.8594,1.8319), (+0.8565,1.8196), (+0.8538,1.8072), (+0.8490,1.7949)
  stroke[266] (  5 pts): (+0.1868,1.7754), (+0.1705,1.7702), (+0.1618,1.7767), (+0.1657,1.7876), (+0.1776,1.7874)
  stroke[267] (  6 pts): (+0.1858,1.7575), (+0.1718,1.7509), (+0.1595,1.7535), (+0.1557,1.7638), (+0.1660,1.7711), (+0.1784,1.7689)
  stroke[268] (  5 pts): (+0.1560,1.7507), (+0.1397,1.7456), (+0.1310,1.7520), (+0.1348,1.7629), (+0.1467,1.7627)
  stroke[269] (  7 pts): (+0.1865,1.7328), (+0.1709,1.7262), (+0.1604,1.7288), (+0.1577,1.7394), (+0.1668,1.7506), (+0.1776,1.7509), (+0.1872,1.7391)
  stroke[270] (  5 pts): (+0.1492,1.7064), (+0.1344,1.7050), (+0.1289,1.7147), (+0.1360,1.7256), (+0.1449,1.7218)
  stroke[271] (  6 pts): (+0.1861,1.7075), (+0.1714,1.7024), (+0.1615,1.7083), (+0.1615,1.7212), (+0.1727,1.7276), (+0.1824,1.7218)
  stroke[272] (  6 pts): (+0.1858,1.6896), (+0.1718,1.6830), (+0.1595,1.6856), (+0.1557,1.6959), (+0.1660,1.7033), (+0.1784,1.7011)
  stroke[273] (  6 pts): (+0.1552,1.6829), (+0.1405,1.6777), (+0.1307,1.6836), (+0.1307,1.6971), (+0.1405,1.7006), (+0.1552,1.6903)
  stroke[274] (  5 pts): (+0.8345,1.6762), (+0.8292,1.6918), (+0.8221,1.7030), (+0.8221,1.7030), (+0.8292,1.6918)
  stroke[275] (  8 pts): (+0.1664,1.6501), (+0.1555,1.6539), (+0.1489,1.6654), (+0.1492,1.6780), (+0.1598,1.6848), (+0.1730,1.6821), (+0.1798,1.6721), (+0.1776,1.6597)
  stroke[276] ( 20 pts): (+0.1485,1.5830), (+0.1353,1.5817), (+0.1292,1.5908), (+0.1295,1.6037), (+0.1295,1.6160), (+0.1295,1.6284), (+0.1295,1.6407), (+0.1292,1.6536), (+0.1354,1.6642), (+0.1477,1.6642), (+0.1563,1.6536), (+0.1660,1.6516), (+0.1792,1.6560), (+0.1853,1.6481), (+0.1850,1.6345), (+0.1850,1.6222), (+0.1847,1.6099), (+0.1812,1.5969), (+0.1724,1.5870), (+0.1608,1.5843)
  stroke[277] ( 10 pts): (+0.1491,1.5287), (+0.1344,1.5235), (+0.1251,1.5294), (+0.1228,1.5420), (+0.1228,1.5544), (+0.1251,1.5670), (+0.1357,1.5734), (+0.1463,1.5670), (+0.1486,1.5544), (+0.1485,1.5420)
  stroke[278] ( 20 pts): (+0.1737,1.5225), (+0.1590,1.5173), (+0.1498,1.5232), (+0.1474,1.5359), (+0.1480,1.5482), (+0.1477,1.5605), (+0.1436,1.5734), (+0.1472,1.5840), (+0.1607,1.5840), (+0.1668,1.5734), (+0.1657,1.5593), (+0.1645,1.5517), (+0.1657,1.5593), (+0.1662,1.5734), (+0.1730,1.5837), (+0.1833,1.5799), (+0.1856,1.5667), (+0.1850,1.5544), (+0.1856,1.5420), (+0.1828,1.5297)
  stroke[279] (741 pts): (+0.3022,1.4093), (+0.2899,1.4103), (+0.2776,1.4157), (+0.2652,1.4210), (+0.2529,1.4310), (+0.2406,1.4419), (+0.2276,1.4477), (+0.2176,1.4560), (+0.2153,1.4680), (+0.2159,1.4809), (+0.2159,1.4809), (+0.2162,1.4674), (+0.2100,1.4571), (+0.1971,1.4610), (+0.1909,1.4742), (+0.1912,1.4865), (+0.1918,1.4988), (+0.1892,1.5112), (+0.1853,1.5235), (+0.1850,1.5359), (+0.1850,1.5482), (+0.1850,1.5605), (+0.1847,1.5729), (+0.1803,1.5852), (+0.1803,1.5975), (+0.1847,1.6099), (+0.1850,1.6222), (+0.1850,1.6345), (+0.1847,1.6469), (+0.1809,1.6592), (+0.1786,1.6715), (+0.1830,1.6839), (+0.1856,1.6962), (+0.1850,1.7086), (+0.1850,1.7209), (+0.1850,1.7332), (+0.1850,1.7456), (+0.1850,1.7579), (+0.1850,1.7702), (+0.1850,1.7826), (+0.1850,1.7949), (+0.1850,1.8072), (+0.1850,1.8196), (+0.1850,1.8319), (+0.1850,1.8443), (+0.1850,1.8566), (+0.1850,1.8689), (+0.1850,1.8813), (+0.1850,1.8936), (+0.1850,1.9059), (+0.1850,1.9183), (+0.1850,1.9306), (+0.1850,1.9429), (+0.1850,1.9553), (+0.1850,1.9676), (+0.1850,1.9800), (+0.1850,1.9923), (+0.1850,2.0046), (+0.1850,2.0170), (+0.1850,2.0293), (+0.1850,2.0416), (+0.1850,2.0540), (+0.1850,2.0663), (+0.1850,2.0786), (+0.1850,2.0910), (+0.1850,2.1033), (+0.1850,2.1157), (+0.1850,2.1280), (+0.1850,2.1403), (+0.1850,2.1527), (+0.1850,2.1650), (+0.1850,2.1773), (+0.1850,2.1897), (+0.1850,2.2020), (+0.1850,2.2143), (+0.1850,2.2267), (+0.1850,2.2390), (+0.1850,2.2513), (+0.1850,2.2637), (+0.1850,2.2760), (+0.1850,2.2884), (+0.1850,2.3007), (+0.1850,2.3130), (+0.1850,2.3254), (+0.1850,2.3377), (+0.1850,2.3500), (+0.1850,2.3624), (+0.1850,2.3747), (+0.1850,2.3870), (+0.1850,2.3994), (+0.1850,2.4117), (+0.1850,2.4241), (+0.1850,2.4364), (+0.1850,2.4487), (+0.1850,2.4611), (+0.1850,2.4734), (+0.1850,2.4857), (+0.1850,2.4981), (+0.1850,2.5104), (+0.1850,2.5227), (+0.1850,2.5351), (+0.1850,2.5474), (+0.1850,2.5598), (+0.1850,2.5721), (+0.1850,2.5844), (+0.1850,2.5968), (+0.1850,2.6091), (+0.1850,2.6214), (+0.1850,2.6338), (+0.1850,2.6461), (+0.1850,2.6584), (+0.1850,2.6708), (+0.1850,2.6831), (+0.1850,2.6955), (+0.1850,2.7078), (+0.1850,2.7201), (+0.1850,2.7325), (+0.1850,2.7448), (+0.1850,2.7571), (+0.1850,2.7695), (+0.1850,2.7818), (+0.1850,2.7941), (+0.1850,2.8065), (+0.1850,2.8188), (+0.1850,2.8311), (+0.1850,2.8435), (+0.1850,2.8558), (+0.1850,2.8682), (+0.1850,2.8805), (+0.1850,2.8928), (+0.1850,2.9052), (+0.1850,2.9175), (+0.1850,2.9298), (+0.1850,2.9422), (+0.1850,2.9545), (+0.1850,2.9668), (+0.1850,2.9792), (+0.1850,2.9915), (+0.1850,3.0039), (+0.1850,3.0162), (+0.1850,3.0285), (+0.1850,3.0409), (+0.1850,3.0532), (+0.1850,3.0655), (+0.1850,3.0779), (+0.1850,3.0902), (+0.1850,3.1025), (+0.1850,3.1149), (+0.1850,3.1272), (+0.1850,3.1396), (+0.1850,3.1519), (+0.1850,3.1642), (+0.1850,3.1766), (+0.1850,3.1889), (+0.1850,3.2012), (+0.1850,3.2136), (+0.1850,3.2259), (+0.1850,3.2382), (+0.1850,3.2506), (+0.1850,3.2629), (+0.1850,3.2753), (+0.1850,3.2876), (+0.1850,3.2999), (+0.1850,3.3123), (+0.1850,3.3246), (+0.1850,3.3369), (+0.1850,3.3493), (+0.1850,3.3616), (+0.1845,3.3739), (+0.1868,3.3866), (+0.1974,3.3930), (+0.2080,3.3866), (+0.2103,3.3739), (+0.2097,3.3616), (+0.2097,3.3493), (+0.2097,3.3369), (+0.2097,3.3246), (+0.2097,3.3123), (+0.2097,3.2999), (+0.2097,3.2876), (+0.2097,3.2753), (+0.2097,3.2629), (+0.2097,3.2506), (+0.2097,3.2382), (+0.2097,3.2259), (+0.2097,3.2136), (+0.2097,3.2012), (+0.2097,3.1889), (+0.2097,3.1766), (+0.2097,3.1642), (+0.2097,3.1519), (+0.2097,3.1396), (+0.2097,3.1272), (+0.2097,3.1149), (+0.2097,3.1025), (+0.2097,3.0902), (+0.2097,3.0779), (+0.2097,3.0655), (+0.2097,3.0532), (+0.2097,3.0409), (+0.2097,3.0285), (+0.2097,3.0162), (+0.2097,3.0039), (+0.2097,2.9915), (+0.2097,2.9792), (+0.2097,2.9668), (+0.2097,2.9545), (+0.2097,2.9422), (+0.2097,2.9298), (+0.2097,2.9175), (+0.2097,2.9052), (+0.2097,2.8928), (+0.2097,2.8805), (+0.2097,2.8682), (+0.2097,2.8558), (+0.2097,2.8435), (+0.2097,2.8311), (+0.2097,2.8188), (+0.2097,2.8065), (+0.2097,2.7941), (+0.2097,2.7818), (+0.2097,2.7695), (+0.2097,2.7571), (+0.2097,2.7448), (+0.2097,2.7325), (+0.2097,2.7201), (+0.2097,2.7078), (+0.2097,2.6955), (+0.2097,2.6831), (+0.2097,2.6708), (+0.2097,2.6584), (+0.2097,2.6461), (+0.2097,2.6338), (+0.2097,2.6214), (+0.2097,2.6091), (+0.2097,2.5968), (+0.2097,2.5844), (+0.2097,2.5721), (+0.2097,2.5598), (+0.2097,2.5474), (+0.2097,2.5351), (+0.2097,2.5227), (+0.2097,2.5104), (+0.2097,2.4981), (+0.2097,2.4857), (+0.2097,2.4734), (+0.2097,2.4611), (+0.2097,2.4487), (+0.2097,2.4364), (+0.2097,2.4241), (+0.2097,2.4117), (+0.2097,2.3994), (+0.2097,2.3870), (+0.2097,2.3747), (+0.2097,2.3624), (+0.2097,2.3500), (+0.2097,2.3377), (+0.2097,2.3254), (+0.2097,2.3130), (+0.2097,2.3007), (+0.2097,2.2884), (+0.2097,2.2760), (+0.2097,2.2637), (+0.2097,2.2513), (+0.2097,2.2390), (+0.2097,2.2267), (+0.2097,2.2143), (+0.2097,2.2020), (+0.2097,2.1897), (+0.2097,2.1773), (+0.2097,2.1650), (+0.2097,2.1527), (+0.2097,2.1403), (+0.2097,2.1280), (+0.2097,2.1157), (+0.2097,2.1033), (+0.2097,2.0910), (+0.2097,2.0786), (+0.2097,2.0663), (+0.2097,2.0540), (+0.2097,2.0416), (+0.2097,2.0293), (+0.2097,2.0170), (+0.2097,2.0046), (+0.2097,1.9923), (+0.2097,1.9800), (+0.2097,1.9676), (+0.2097,1.9553), (+0.2097,1.9429), (+0.2097,1.9306), (+0.2097,1.9183), (+0.2097,1.9059), (+0.2097,1.8936), (+0.2097,1.8813), (+0.2097,1.8689), (+0.2097,1.8566), (+0.2097,1.8443), (+0.2097,1.8319), (+0.2097,1.8196), (+0.2097,1.8072), (+0.2097,1.7949), (+0.2097,1.7826), (+0.2097,1.7702), (+0.2097,1.7579), (+0.2097,1.7456), (+0.2097,1.7332), (+0.2097,1.7209), (+0.2097,1.7086), (+0.2097,1.6962), (+0.2097,1.6839), (+0.2097,1.6715), (+0.2097,1.6592), (+0.2097,1.6469), (+0.2097,1.6345), (+0.2097,1.6222), (+0.2097,1.6099), (+0.2097,1.5975), (+0.2097,1.5852), (+0.2097,1.5729), (+0.2097,1.5605), (+0.2097,1.5482), (+0.2097,1.5359), (+0.2097,1.5223), (+0.2097,1.5147), (+0.2097,1.5223), (+0.2097,1.5359), (+0.2097,1.5482), (+0.2097,1.5605), (+0.2097,1.5729), (+0.2097,1.5852), (+0.2097,1.5975), (+0.2097,1.6099), (+0.2097,1.6222), (+0.2097,1.6345), (+0.2097,1.6469), (+0.2097,1.6592), (+0.2097,1.6715), (+0.2097,1.6839), (+0.2097,1.6962), (+0.2097,1.7086), (+0.2097,1.7209), (+0.2097,1.7332), (+0.2097,1.7456), (+0.2097,1.7579), (+0.2097,1.7702), (+0.2097,1.7826), (+0.2097,1.7949), (+0.2097,1.8072), (+0.2097,1.8196), (+0.2097,1.8319), (+0.2097,1.8443), (+0.2097,1.8566), (+0.2097,1.8689), (+0.2097,1.8813), (+0.2097,1.8936), (+0.2097,1.9059), (+0.2097,1.9183), (+0.2097,1.9306), (+0.2097,1.9429), (+0.2097,1.9553), (+0.2097,1.9676), (+0.2097,1.9800), (+0.2097,1.9923), (+0.2097,2.0046), (+0.2097,2.0170), (+0.2097,2.0293), (+0.2097,2.0416), (+0.2097,2.0540), (+0.2097,2.0663), (+0.2097,2.0786), (+0.2097,2.0910), (+0.2097,2.1033), (+0.2097,2.1157), (+0.2097,2.1280), (+0.2097,2.1403), (+0.2097,2.1527), (+0.2097,2.1650), (+0.2097,2.1773), (+0.2097,2.1897), (+0.2097,2.2020), (+0.2097,2.2143), (+0.2097,2.2267), (+0.2097,2.2390), (+0.2097,2.2513), (+0.2097,2.2637), (+0.2097,2.2760), (+0.2097,2.2884), (+0.2097,2.3007), (+0.2097,2.3130), (+0.2097,2.3254), (+0.2097,2.3377), (+0.2097,2.3500), (+0.2097,2.3624), (+0.2097,2.3747), (+0.2097,2.3870), (+0.2097,2.3994), (+0.2097,2.4117), (+0.2097,2.4241), (+0.2097,2.4364), (+0.2097,2.4487), (+0.2097,2.4611), (+0.2097,2.4734), (+0.2097,2.4857), (+0.2097,2.4981), (+0.2097,2.5104), (+0.2097,2.5227), (+0.2097,2.5351), (+0.2097,2.5474), (+0.2097,2.5598), (+0.2097,2.5721), (+0.2097,2.5844), (+0.2097,2.5968), (+0.2097,2.6091), (+0.2097,2.6214), (+0.2097,2.6338), (+0.2097,2.6461), (+0.2097,2.6584), (+0.2097,2.6708), (+0.2097,2.6831), (+0.2097,2.6955), (+0.2097,2.7078), (+0.2097,2.7201), (+0.2097,2.7325), (+0.2097,2.7448), (+0.2097,2.7571), (+0.2097,2.7695), (+0.2097,2.7818), (+0.2097,2.7941), (+0.2097,2.8065), (+0.2097,2.8188), (+0.2097,2.8311), (+0.2097,2.8435), (+0.2097,2.8558), (+0.2097,2.8682), (+0.2097,2.8805), (+0.2097,2.8928), (+0.2097,2.9052), (+0.2097,2.9175), (+0.2097,2.9298), (+0.2097,2.9422), (+0.2097,2.9545), (+0.2097,2.9668), (+0.2097,2.9792), (+0.2097,2.9915), (+0.2097,3.0039), (+0.2097,3.0162), (+0.2097,3.0285), (+0.2097,3.0409), (+0.2097,3.0532), (+0.2097,3.0655), (+0.2097,3.0779), (+0.2097,3.0902), (+0.2097,3.1025), (+0.2097,3.1149), (+0.2097,3.1272), (+0.2097,3.1396), (+0.2097,3.1519), (+0.2097,3.1642), (+0.2097,3.1766), (+0.2097,3.1889), (+0.2097,3.2012), (+0.2097,3.2136), (+0.2097,3.2259), (+0.2097,3.2382), (+0.2097,3.2506), (+0.2097,3.2629), (+0.2097,3.2753), (+0.2097,3.2876), (+0.2097,3.2999), (+0.2097,3.3123), (+0.2097,3.3246), (+0.2097,3.3369), (+0.2097,3.3493), (+0.2097,3.3616), (+0.2091,3.3739), (+0.2115,3.3866), (+0.2215,3.3927), (+0.2344,3.3924), (+0.2467,3.3924), (+0.2591,3.3924), (+0.2714,3.3924), (+0.2837,3.3924), (+0.2961,3.3922), (+0.3084,3.3883), (+0.3207,3.3857), (+0.3331,3.3863), (+0.3454,3.3863), (+0.3577,3.3863), (+0.3707,3.3866), (+0.3804,3.3798), (+0.3889,3.3695), (+0.4009,3.3672), (+0.4133,3.3678), (+0.4256,3.3675), (+0.4379,3.3739), (+0.4503,3.3810), (+0.4626,3.3781), (+0.4749,3.3742), (+0.4873,3.3739), (+0.4996,3.3739), (+0.5120,3.3736), (+0.5243,3.3698), (+0.5366,3.3672), (+0.5490,3.3678), (+0.5613,3.3675), (+0.5736,3.3637), (+0.5860,3.3610), (+0.5983,3.3622), (+0.6106,3.3595), (+0.6230,3.3557), (+0.6353,3.3560), (+0.6476,3.3534), (+0.6600,3.3496), (+0.6723,3.3499), (+0.6850,3.3475), (+0.6911,3.3375), (+0.6902,3.3246), (+0.6929,3.3123), (+0.6967,3.2999), (+0.6970,3.2876), (+0.6970,3.2753), (+0.6970,3.2629), (+0.6970,3.2506), (+0.6970,3.2382), (+0.6970,3.2259), (+0.6970,3.2136), (+0.6970,3.2012), (+0.6970,3.1889), (+0.6976,3.1766), (+0.6949,3.1642), (+0.6911,3.1519), (+0.6908,3.1396), (+0.6914,3.1272), (+0.6888,3.1149), (+0.6850,3.1025), (+0.6847,3.0902), (+0.6847,3.0779), (+0.6844,3.0655), (+0.6805,3.0532), (+0.6779,3.0409), (+0.6785,3.0285), (+0.6785,3.0162), (+0.6785,3.0039), (+0.6785,2.9915), (+0.6785,2.9792), (+0.6785,2.9668), (+0.6785,2.9545), (+0.6785,2.9422), (+0.6785,2.9298), (+0.6785,2.9175), (+0.6779,2.9052), (+0.6805,2.8928), (+0.6844,2.8805), (+0.6847,2.8682), (+0.6847,2.8558), (+0.6847,2.8435), (+0.6850,2.8311), (+0.6888,2.8188), (+0.6914,2.8065), (+0.6908,2.7941), (+0.6908,2.7818), (+0.6902,2.7695), (+0.6929,2.7571), (+0.6967,2.7448), (+0.6970,2.7325), (+0.6970,2.7201), (+0.6970,2.7078), (+0.6964,2.6955), (+0.6990,2.6831), (+0.7029,2.6708), (+0.7032,2.6584), (+0.7032,2.6461), (+0.7032,2.6338), (+0.7032,2.6214), (+0.7032,2.6091), (+0.7035,2.5968), (+0.7073,2.5844), (+0.7099,2.5721), (+0.7093,2.5598), (+0.7096,2.5474), (+0.7134,2.5351), (+0.7161,2.5227), (+0.7155,2.5104), (+0.7155,2.4981), (+0.7155,2.4857), (+0.7155,2.4734), (+0.7155,2.4611), (+0.7155,2.4487), (+0.7155,2.4364), (+0.7155,2.4241), (+0.7155,2.4117), (+0.7155,2.3994), (+0.7155,2.3870), (+0.7155,2.3747), (+0.7155,2.3624), (+0.7155,2.3500), (+0.7155,2.3377), (+0.7155,2.3254), (+0.7155,2.3130), (+0.7155,2.3007), (+0.7155,2.2884), (+0.7155,2.2760), (+0.7155,2.2637), (+0.7152,2.2513), (+0.7120,2.2390), (+0.7067,2.2267), (+0.7035,2.2143), (+0.7032,2.2020), (+0.7032,2.1897), (+0.7032,2.1773), (+0.7032,2.1650), (+0.7032,2.1527), (+0.7032,2.1403), (+0.7032,2.1280), (+0.7032,2.1157), (+0.7032,2.1033), (+0.7032,2.0910), (+0.7032,2.0786), (+0.7032,2.0663), (+0.7032,2.0540), (+0.7026,2.0416), (+0.7052,2.0293), (+0.7090,2.0170), (+0.7093,2.0046), (+0.7093,1.9923), (+0.7093,1.9788), (+0.7093,1.9711), (+0.7093,1.9788), (+0.7093,1.9923), (+0.7093,2.0046), (+0.7090,2.0170), (+0.7052,2.0293), (+0.7026,2.0416), (+0.7032,2.0540), (+0.7032,2.0663), (+0.7032,2.0786), (+0.7032,2.0910), (+0.7032,2.1033), (+0.7032,2.1157), (+0.7032,2.1280), (+0.7032,2.1403), (+0.7032,2.1527), (+0.7032,2.1650), (+0.7032,2.1773), (+0.7032,2.1897), (+0.7032,2.2020), (+0.7035,2.2143), (+0.7067,2.2267), (+0.7117,2.2396), (+0.7214,2.2396), (+0.7281,2.2267), (+0.7278,2.2143), (+0.7272,2.2020), (+0.7299,2.1897), (+0.7337,2.1773), (+0.7340,2.1650), (+0.7340,2.1527), (+0.7346,2.1403), (+0.7319,2.1280), (+0.7281,2.1145), (+0.7278,2.1068), (+0.7275,2.1157), (+0.7343,2.1245), (+0.7446,2.1168), (+0.7463,2.1033), (+0.7484,2.0910), (+0.7522,2.0786), (+0.7528,2.0663), (+0.7566,2.0540), (+0.7587,2.0416), (+0.7607,2.0293), (+0.7640,2.0170), (+0.7669,2.0046), (+0.7701,1.9923), (+0.7731,1.9800), (+0.7763,1.9676), (+0.7792,1.9553), (+0.7825,1.9429), (+0.7854,1.9306), (+0.7895,1.9183), (+0.7936,1.9059), (+0.7966,1.8936), (+0.7998,1.8813), (+0.8027,1.8689), (+0.8054,1.8566), (+0.8107,1.8443), (+0.8142,1.8319), (+0.8177,1.8196), (+0.8230,1.8072), (+0.8259,1.7949), (+0.8327,1.7826), (+0.8397,1.7702), (+0.8371,1.7579), (+0.8271,1.7447), (+0.8145,1.7409), (+0.8057,1.7511), (+0.8021,1.7647), (+0.8021,1.7647), (+0.8060,1.7517), (+0.8089,1.7394), (+0.8021,1.7271), (+0.7895,1.7150), (+0.7772,1.7065), (+0.7648,1.6962), (+0.7525,1.6859), (+0.7402,1.6768), (+0.7278,1.6674), (+0.7155,1.6583), (+0.7032,1.6489), (+0.6908,1.6407), (+0.6785,1.6319), (+0.6662,1.6248), (+0.6538,1.6160), (+0.6415,1.6072), (+0.6291,1.5996), (+0.6168,1.5931), (+0.6045,1.5852), (+0.5921,1.5773), (+0.5798,1.5708), (+0.5675,1.5626), (+0.5551,1.5561), (+0.5428,1.5482), (+0.5305,1.5403), (+0.5181,1.5347), (+0.5058,1.5276), (+0.4934,1.5194), (+0.4811,1.5124), (+0.4688,1.5062), (+0.4564,1.5006), (+0.4441,1.4927), (+0.4318,1.4847), (+0.4194,1.4792), (+0.4071,1.4730), (+0.3948,1.4659), (+0.3824,1.4577), (+0.3701,1.4507), (+0.3577,1.4445), (+0.3454,1.4383), (+0.3331,1.4328), (+0.3207,1.4253), (+0.3084,1.4170)
  stroke[280] ( 11 pts): (+0.2339,1.3994), (+0.2348,1.4134), (+0.2285,1.4251), (+0.2159,1.4316), (+0.2035,1.4354), (+0.1906,1.4424), (+0.1906,1.4424), (+0.2035,1.4354), (+0.2159,1.4316), (+0.2285,1.4251), (+0.2344,1.4134)
  stroke[281] ( 12 pts): (+0.1906,1.3631), (+0.2031,1.3755), (+0.2080,1.3878), (+0.2065,1.4007), (+0.1959,1.4116), (+0.1886,1.4157), (+0.1959,1.4116), (+0.2065,1.4007), (+0.2080,1.3878), (+0.2021,1.3749), (+0.1906,1.3649), (+0.1837,1.3623)
  stroke[282] ( 15 pts): (+0.2041,1.3323), (+0.2115,1.3446), (+0.2171,1.3570), (+0.2238,1.3693), (+0.2279,1.3822), (+0.2279,1.3822), (+0.2238,1.3693), (+0.2171,1.3570), (+0.2115,1.3441), (+0.2033,1.3341), (+0.1912,1.3311), (+0.1777,1.3344), (+0.1701,1.3379), (+0.1777,1.3344), (+0.1903,1.3323)
  stroke[283] (3430 pts): (+0.2848,1.1966), (+0.2701,1.2089), (+0.2608,1.2213), (+0.2582,1.2336), (+0.2552,1.2460), (+0.2464,1.2583), (+0.2344,1.2712), (+0.2221,1.2815), (+0.2091,1.2874), (+0.1988,1.2962), (+0.2027,1.3059), (+0.2159,1.3085), (+0.2282,1.3021), (+0.2406,1.2932), (+0.2526,1.2835), (+0.2611,1.2706), (+0.2714,1.2583), (+0.2826,1.2454), (+0.2826,1.2454), (+0.2714,1.2583), (+0.2611,1.2706), (+0.2526,1.2835), (+0.2406,1.2932), (+0.2279,1.3018), (+0.2221,1.3138), (+0.2265,1.3261), (+0.2323,1.3385), (+0.2364,1.3508), (+0.2423,1.3631), (+0.2467,1.3755), (+0.2505,1.3884), (+0.2594,1.3987), (+0.2714,1.3949), (+0.2837,1.3816), (+0.2967,1.3693), (+0.3063,1.3570), (+0.3146,1.3446), (+0.3228,1.3317), (+0.3228,1.3317), (+0.3146,1.3446), (+0.3063,1.3570), (+0.2967,1.3693), (+0.2837,1.3816), (+0.2708,1.3940), (+0.2605,1.4069), (+0.2643,1.4175), (+0.2776,1.4175), (+0.2899,1.4069), (+0.3028,1.3940), (+0.3125,1.3816), (+0.3216,1.3693), (+0.3316,1.3570), (+0.3378,1.3435), (+0.3404,1.3358), (+0.3378,1.3435), (+0.3316,1.3570), (+0.3210,1.3693), (+0.3140,1.3822), (+0.3216,1.3931), (+0.3296,1.3972), (+0.3219,1.3922), (+0.3078,1.3899), (+0.2975,1.3996), (+0.3014,1.4122), (+0.3146,1.4213), (+0.3269,1.4289), (+0.3392,1.4360), (+0.3516,1.4422), (+0.3639,1.4483), (+0.3763,1.4539), (+0.3886,1.4618), (+0.4009,1.4698), (+0.4133,1.4753), (+0.4256,1.4815), (+0.4379,1.4886), (+0.4503,1.4968), (+0.4626,1.5038), (+0.4749,1.5100), (+0.4873,1.5156), (+0.4996,1.5235), (+0.5120,1.5314), (+0.5243,1.5370), (+0.5366,1.5441), (+0.5490,1.5523), (+0.5613,1.5588), (+0.5736,1.5667), (+0.5860,1.5746), (+0.5983,1.5811), (+0.6106,1.5893), (+0.6230,1.5958), (+0.6353,1.6037), (+0.6476,1.6125), (+0.6600,1.6196), (+0.6723,1.6284), (+0.6847,1.6372), (+0.6970,1.6442), (+0.7093,1.6539), (+0.7217,1.6633), (+0.7340,1.6724), (+0.7463,1.6818), (+0.7587,1.6903), (+0.7710,1.7021), (+0.7833,1.7106), (+0.7957,1.7203), (+0.8080,1.7329), (+0.8204,1.7420), (+0.8327,1.7497), (+0.8453,1.7464), (+0.8509,1.7332), (+0.8533,1.7209), (+0.8574,1.7086), (+0.8609,1.6962), (+0.8662,1.6839), (+0.8697,1.6715), (+0.8732,1.6592), (+0.8779,1.6469), (+0.8838,1.6345), (+0.8882,1.6222), (+0.8917,1.6099), (+0.8970,1.5975), (+0.9002,1.5840), (+0.9005,1.5764), (+0.9002,1.5840), (+0.8970,1.5975), (+0.8917,1.6099), (+0.8882,1.6222), (+0.8838,1.6345), (+0.8779,1.6469), (+0.8732,1.6592), (+0.8697,1.6715), (+0.8662,1.6839), (+0.8609,1.6962), (+0.8574,1.7086), (+0.8533,1.7209), (+0.8515,1.7344), (+0.8535,1.7415), (+0.8459,1.7462), (+0.8380,1.7579), (+0.8409,1.7702), (+0.8450,1.7826), (+0.8486,1.7949), (+0.8538,1.8072), (+0.8565,1.8196), (+0.8594,1.8319), (+0.8635,1.8443), (+0.8671,1.8566), (+0.8723,1.8689), (+0.8750,1.8813), (+0.8779,1.8936), (+0.8820,1.9059), (+0.8861,1.9183), (+0.8891,1.9306), (+0.8923,1.9429), (+0.8944,1.9553), (+0.8964,1.9676), (+0.8997,1.9800), (+0.9026,1.9923), (+0.9064,2.0046), (+0.9070,2.0170), (+0.9108,2.0293), (+0.9129,2.0416), (+0.9149,2.0540), (+0.9188,2.0663), (+0.9193,2.0786), (+0.9232,2.0910), (+0.9252,2.1033), (+0.9273,2.1157), (+0.9311,2.1280), (+0.9308,2.1403), (+0.9334,2.1527), (+0.9373,2.1650), (+0.9378,2.1773), (+0.9417,2.1897), (+0.9437,2.2020), (+0.9458,2.2143), (+0.9496,2.2267), (+0.9502,2.2390), (+0.9540,2.2513), (+0.9561,2.2637), (+0.9581,2.2760), (+0.9619,2.2884), (+0.9625,2.3007), (+0.9663,2.3130), (+0.9690,2.3254), (+0.9687,2.3377), (+0.9725,2.3500), (+0.9746,2.3624), (+0.9766,2.3747), (+0.9804,2.3870), (+0.9810,2.3994), (+0.9848,2.4117), (+0.9869,2.4241), (+0.9889,2.4364), (+0.9928,2.4487), (+0.9934,2.4611), (+0.9972,2.4734), (+0.9992,2.4857), (+1.0013,2.4981), (+1.0051,2.5104), (+1.0048,2.5227), (+1.0075,2.5351), (+1.0113,2.5474), (+1.0119,2.5598), (+1.0157,2.5721), (+1.0183,2.5844), (+1.0180,2.5968), (+1.0218,2.6091), (+1.0239,2.6214), (+1.0260,2.6338), (+1.0298,2.6461), (+1.0304,2.6584), (+1.0342,2.6708), (+1.0368,2.6831), (+1.0365,2.6955), (+1.0403,2.7078), (+1.0430,2.7201), (+1.0424,2.7325), (+1.0424,2.7448), (+1.0424,2.7571), (+1.0418,2.7695), (+1.0445,2.7818), (+1.0477,2.7941), (+1.0500,2.8065), (+1.0559,2.8188), (+1.0621,2.8311), (+1.0688,2.8435), (+1.0730,2.8558), (+1.0732,2.8682), (+1.0732,2.8805), (+1.0738,2.8928), (+1.0712,2.9052), (+1.0674,2.9175), (+1.0668,2.9304), (+1.0730,2.9404), (+1.0856,2.9428), (+1.0979,2.9422), (+1.1103,2.9422), (+1.1226,2.9422), (+1.1355,2.9422), (+1.1355,2.9422), (+1.1226,2.9422), (+1.1103,2.9422), (+1.0979,2.9422), (+1.0856,2.9416), (+1.0730,2.9439), (+1.0668,2.9539), (+1.0674,2.9668), (+1.0712,2.9792), (+1.0732,2.9915), (+1.0753,3.0039), (+1.0785,3.0162), (+1.0815,3.0285), (+1.0853,3.0409), (+1.0856,3.0532), (+1.0856,3.0655), (+1.0856,3.0779), (+1.0850,3.0902), (+1.0876,3.1025), (+1.0915,3.1149), (+1.0918,3.1272), (+1.0918,3.1396), (+1.0918,3.1519), (+1.0918,3.1642), (+1.0918,3.1766), (+1.0918,3.1889), (+1.0918,3.2012), (+1.0918,3.2136), (+1.0918,3.2259), (+1.0918,3.2382), (+1.0918,3.2506), (+1.0912,3.2629), (+1.0938,3.2753), (+1.0976,3.2876), (+1.0979,3.2999), (+1.0979,3.3123), (+1.0979,3.3246), (+1.0979,3.3369), (+1.0979,3.3493), (+1.0979,3.3616), (+1.0979,3.3739), (+1.0979,3.3863), (+1.0979,3.3986), (+1.0979,3.4109), (+1.0979,3.4233), (+1.0979,3.4356), (+1.0979,3.4480), (+1.0979,3.4603), (+1.0979,3.4726), (+1.0979,3.4850), (+1.0979,3.4973), (+1.0979,3.5096), (+1.0979,3.5220), (+1.0979,3.5343), (+1.0979,3.5466), (+1.0979,3.5590), (+1.0979,3.5713), (+1.0979,3.5837), (+1.0979,3.5960), (+1.0979,3.6083), (+1.0979,3.6207), (+1.0979,3.6330), (+1.0979,3.6453), (+1.0979,3.6577), (+1.0979,3.6700), (+1.0979,3.6823), (+1.0976,3.6953), (+1.1038,3.7058), (+1.1167,3.7058), (+1.1229,3.6941), (+1.1226,3.6859), (+1.1223,3.6935), (+1.1285,3.7073), (+1.1411,3.7135), (+1.1534,3.7135), (+1.1658,3.7167), (+1.1781,3.7220), (+1.1904,3.7255), (+1.2028,3.7299), (+1.2151,3.7367), (+1.2280,3.7431), (+1.2280,3.7431), (+1.2151,3.7367), (+1.2028,3.7299), (+1.1904,3.7255), (+1.1781,3.7220), (+1.1658,3.7167), (+1.1534,3.7135), (+1.1411,3.7129), (+1.1288,3.7091), (+1.1164,3.7064), (+1.1041,3.7070), (+1.0918,3.7070), (+1.0794,3.7070), (+1.0671,3.7070), (+1.0547,3.7064), (+1.0424,3.7091), (+1.0301,3.7129), (+1.0177,3.7135), (+1.0054,3.7167), (+0.9931,3.7220), (+0.9807,3.7255), (+0.9684,3.7293), (+0.9561,3.7384), (+0.9431,3.7440), (+0.9331,3.7499), (+0.9302,3.7625), (+0.9331,3.7755), (+0.9431,3.7757), (+0.9561,3.7669), (+0.9684,3.7608), (+0.9807,3.7564), (+0.9936,3.7517), (+0.9936,3.7517), (+0.9807,3.7564), (+0.9684,3.7608), (+0.9561,3.7669), (+0.9431,3.7752), (+0.9331,3.7872), (+0.9308,3.7995), (+0.9314,3.8119), (+0.9314,3.8242), (+0.9314,3.8365), (+0.9314,3.8489), (+0.9314,3.8612), (+0.9314,3.8736), (+0.9314,3.8859), (+0.9314,3.8982), (+0.9311,3.9112), (+0.9373,3.9208), (+0.9499,3.9200), (+0.9622,3.9141), (+0.9746,3.9106), (+0.9869,3.9065), (+0.9998,3.9038), (+0.9998,3.9038), (+0.9869,3.9065), (+0.9746,3.9106), (+0.9622,3.9141), (+0.9499,3.9188), (+0.9373,3.9244), (+0.9305,3.9346), (+0.9331,3.9482), (+0.9437,3.9584), (+0.9540,3.9540), (+0.9625,3.9429), (+0.9746,3.9373), (+0.9869,3.9326), (+0.9992,3.9294), (+1.0116,3.9291), (+1.0239,3.9291), (+1.0362,3.9297), (+1.0486,3.9270), (+1.0609,3.9232), (+1.0732,3.9229), (+1.0856,3.9229), (+1.0979,3.9223), (+1.1103,3.9250), (+1.1226,3.9288), (+1.1349,3.9285), (+1.1473,3.9311), (+1.1596,3.9344), (+1.1719,3.9373), (+1.1843,3.9414), (+1.1966,3.9458), (+1.2089,3.9526), (+1.2225,3.9584), (+1.2301,3.9611), (+1.2225,3.9584), (+1.2089,3.9526), (+1.1966,3.9458), (+1.1843,3.9414), (+1.1719,3.9373), (+1.1596,3.9344), (+1.1473,3.9311), (+1.1349,3.9285), (+1.1226,3.9288), (+1.1103,3.9250), (+1.0979,3.9223), (+1.0856,3.9223), (+1.0730,3.9247), (+1.0668,3.9346), (+1.0671,3.9476), (+1.0668,3.9605), (+1.0730,3.9705), (+1.0856,3.9728), (+1.0979,3.9722), (+1.1103,3.9717), (+1.1226,3.9743), (+1.1349,3.9781), (+1.1473,3.9778), (+1.1596,3.9805), (+1.1719,3.9837), (+1.1843,3.9866), (+1.1966,3.9907), (+1.2095,3.9954), (+1.2095,3.9954), (+1.1966,3.9907), (+1.1843,3.9866), (+1.1719,3.9837), (+1.1596,3.9805), (+1.1473,3.9778), (+1.1349,3.9781), (+1.1226,3.9743), (+1.1103,3.9717), (+1.0979,3.9722), (+1.0856,3.9717), (+1.0730,3.9740), (+1.0674,3.9840), (+1.0650,3.9969), (+1.0615,4.0093), (+1.0550,4.0213), (+1.0418,4.0298), (+1.0318,4.0395), (+1.0295,4.0524), (+1.0301,4.0648), (+1.0301,4.0771), (+1.0301,4.0894), (+1.0301,4.1018), (+1.0301,4.1141), (+1.0301,4.1264), (+1.0301,4.1388), (+1.0295,4.1511), (+1.0321,4.1635), (+1.0359,4.1758), (+1.0362,4.1881), (+1.0357,4.2005), (+1.0383,4.2128), (+1.0421,4.2251), (+1.0424,4.2375), (+1.0424,4.2498), (+1.0424,4.2621), (+1.0424,4.2745), (+1.0424,4.2868), (+1.0424,4.2992), (+1.0424,4.3115), (+1.0424,4.3238), (+1.0430,4.3362), (+1.0403,4.3485), (+1.0371,4.3608), (+1.0342,4.3732), (+1.0310,4.3855), (+1.0280,4.3978), (+1.0248,4.4102), (+1.0218,4.4225), (+1.0171,4.4348), (+1.0154,4.4478), (+1.0227,4.4575), (+1.0362,4.4663), (+1.0486,4.4724), (+1.0609,4.4766), (+1.0738,4.4769), (+1.0841,4.4657), (+1.0803,4.4548), (+1.0671,4.4492), (+1.0542,4.4448), (+1.0442,4.4354), (+1.0418,4.4225), (+1.0427,4.4102), (+1.0465,4.3978), (+1.0486,4.3855), (+1.0500,4.3732), (+1.0562,4.3605), (+1.0665,4.3538), (+1.0794,4.3561), (+1.0918,4.3620), (+1.1041,4.3694), (+1.1167,4.3699), (+1.1226,4.3649), (+1.1185,4.3720), (+1.1158,4.3855), (+1.1161,4.3990), (+1.1220,4.4067), (+1.1308,4.3984), (+1.1405,4.3873), (+1.1534,4.3852), (+1.1658,4.3902), (+1.1784,4.3905), (+1.1846,4.3793), (+1.1843,4.3787), (+1.1840,4.3917), (+1.1807,4.4040), (+1.1755,4.4163), (+1.1719,4.4287), (+1.1684,4.4410), (+1.1628,4.4534), (+1.1555,4.4657), (+1.1490,4.4780), (+1.1411,4.4904), (+1.1323,4.5027), (+1.1252,4.5150), (+1.1161,4.5274), (+1.1035,4.5403), (+1.1044,4.5403), (+1.1088,4.5277), (+1.0985,4.5189), (+1.0856,4.5150), (+1.0735,4.5209), (+1.0650,4.5335), (+1.0553,4.5459), (+1.0427,4.5582), (+1.0348,4.5717), (+1.0327,4.5794), (+1.0251,4.5814), (+1.0110,4.5791), (+1.0019,4.5832), (+1.0004,4.5911), (+0.9969,4.5970), (+0.9948,4.6034), (+0.9881,4.5979), (+0.9746,4.6005), (+0.9622,4.6134), (+0.9493,4.6219), (+0.9493,4.6219), (+0.9622,4.6134), (+0.9746,4.6017), (+0.9875,4.5932), (+0.9978,4.5835), (+0.9939,4.5708), (+0.9807,4.5623), (+0.9678,4.5520), (+0.9678,4.5520), (+0.9807,4.5629), (+0.9942,4.5694), (+1.0019,4.5647), (+0.9942,4.5541), (+0.9801,4.5456), (+0.9696,4.5335), (+0.9702,4.5212), (+0.9781,4.5089), (+0.9869,4.4965), (+0.9957,4.4842), (+1.0025,4.4719), (+1.0075,4.4595), (+1.0133,4.4472), (+1.0177,4.4348), (+1.0218,4.4225), (+1.0248,4.4102), (+1.0280,4.3978), (+1.0310,4.3855), (+1.0342,4.3732), (+1.0371,4.3608), (+1.0403,4.3485), (+1.0430,4.3362), (+1.0424,4.3238), (+1.0424,4.3115), (+1.0424,4.2992), (+1.0424,4.2868), (+1.0424,4.2745), (+1.0424,4.2621), (+1.0424,4.2498), (+1.0424,4.2375), (+1.0421,4.2251), (+1.0383,4.2128), (+1.0357,4.2005), (+1.0362,4.1881), (+1.0359,4.1758), (+1.0321,4.1635), (+1.0295,4.1511), (+1.0301,4.1388), (+1.0301,4.1264), (+1.0301,4.1141), (+1.0301,4.1018), (+1.0301,4.0894), (+1.0301,4.0771), (+1.0301,4.0648), (+1.0301,4.0524), (+1.0298,4.0401), (+1.0260,4.0278), (+1.0233,4.0154), (+1.0239,4.0031), (+1.0245,3.9907), (+1.0221,3.9781), (+1.0122,3.9719), (+0.9992,3.9717), (+0.9869,3.9743), (+0.9746,3.9781), (+0.9616,3.9781), (+0.9522,3.9843), (+0.9469,3.9969), (+0.9396,4.0093), (+0.9323,4.0216), (+0.9326,4.0339), (+0.9428,4.0463), (+0.9522,4.0586), (+0.9561,4.0709), (+0.9596,4.0833), (+0.9649,4.0956), (+0.9675,4.1079), (+0.9704,4.1203), (+0.9743,4.1326), (+0.9743,4.1449), (+0.9702,4.1573), (+0.9640,4.1696), (+0.9558,4.1820), (+0.9437,4.1943), (+0.9314,4.2066), (+0.9190,4.2193), (+0.9067,4.2254), (+0.8944,4.2248), (+0.8820,4.2210), (+0.8697,4.2181), (+0.8571,4.2248), (+0.8515,4.2375), (+0.8486,4.2498), (+0.8471,4.2627), (+0.8568,4.2727), (+0.8703,4.2751), (+0.8703,4.2751), (+0.8574,4.2721), (+0.8444,4.2751), (+0.8444,4.2851), (+0.8574,4.2877), (+0.8697,4.2909), (+0.8820,4.2939), (+0.8944,4.2965), (+0.9067,4.3024), (+0.9188,4.3033), (+0.9270,4.2936), (+0.9326,4.2806), (+0.9387,4.2683), (+0.9449,4.2560), (+0.9514,4.2436), (+0.9616,4.2307), (+0.9751,4.2210), (+0.9854,4.2125), (+0.9916,4.1993), (+0.9942,4.1917), (+0.9910,4.1993), (+0.9872,4.2128), (+0.9863,4.2251), (+0.9887,4.2381), (+0.9983,4.2381), (+1.0072,4.2251), (+1.0133,4.2128), (+1.0174,4.1993), (+1.0177,4.1917), (+1.0174,4.1993), (+1.0133,4.2128), (+1.0072,4.2251), (+0.9978,4.2375), (+0.9901,4.2498), (+0.9942,4.2621), (+0.9992,4.2745), (+1.0033,4.2868), (+1.0060,4.2992), (+1.0054,4.3115), (+1.0054,4.3238), (+1.0060,4.3362), (+1.0033,4.3485), (+0.9995,4.3608), (+0.9998,4.3732), (+0.9972,4.3855), (+0.9939,4.3978), (+0.9910,4.4102), (+0.9872,4.4225), (+0.9866,4.4348), (+0.9825,4.4472), (+0.9760,4.4607), (+0.9734,4.4683), (+0.9760,4.4607), (+0.9825,4.4472), (+0.9866,4.4348), (+0.9872,4.4225), (+0.9910,4.4102), (+0.9939,4.3978), (+0.9972,4.3855), (+0.9998,4.3732), (+0.9995,4.3608), (+1.0033,4.3485), (+1.0060,4.3362), (+1.0054,4.3238), (+1.0054,4.3115), (+1.0060,4.2992), (+1.0033,4.2868), (+0.9998,4.2745), (+0.9934,4.2613), (+0.9801,4.2574), (+0.9699,4.2677), (+0.9634,4.2806), (+0.9581,4.2930), (+0.9534,4.3053), (+0.9499,4.3177), (+0.9464,4.3300), (+0.9411,4.3423), (+0.9375,4.3547), (+0.9340,4.3670), (+0.9293,4.3793), (+0.9240,4.3917), (+0.9164,4.4043), (+0.9114,4.4108), (+0.9164,4.4043), (+0.9240,4.3917), (+0.9293,4.3793), (+0.9340,4.3670), (+0.9375,4.3547), (+0.9411,4.3423), (+0.9464,4.3300), (+0.9499,4.3177), (+0.9534,4.3053), (+0.9581,4.2930), (+0.9634,4.2806), (+0.9699,4.2683), (+0.9804,4.2560), (+0.9872,4.2436), (+0.9872,4.2307), (+0.9810,4.2204), (+0.9684,4.2243), (+0.9563,4.2375), (+0.9481,4.2498), (+0.9425,4.2621), (+0.9364,4.2745), (+0.9302,4.2868), (+0.9234,4.2992), (+0.9199,4.3115), (+0.9170,4.3238), (+0.9132,4.3362), (+0.9126,4.3485), (+0.9094,4.3608), (+0.9041,4.3732), (+0.9005,4.3855), (+0.8955,4.3990), (+0.8911,4.4067), (+0.8955,4.3990), (+0.9005,4.3855), (+0.9041,4.3732), (+0.9094,4.3608), (+0.9129,4.3479), (+0.9070,4.3376), (+0.8932,4.3315), (+0.8856,4.3288), (+0.8932,4.3326), (+0.9079,4.3341), (+0.9155,4.3241), (+0.9079,4.3171), (+0.8944,4.3135), (+0.8820,4.3106), (+0.8697,4.3074), (+0.8574,4.3047), (+0.8439,4.3050), (+0.8374,4.3115), (+0.8397,4.3177), (+0.8356,4.3235), (+0.8321,4.3362), (+0.8324,4.3485), (+0.8286,4.3608), (+0.8259,4.3732), (+0.8271,4.3855), (+0.8245,4.3978), (+0.8206,4.4114), (+0.8204,4.4190), (+0.8206,4.4114), (+0.8245,4.3978), (+0.8271,4.3855), (+0.8259,4.3732), (+0.8286,4.3608), (+0.8324,4.3485), (+0.8327,4.3362), (+0.8327,4.3238), (+0.8321,4.3115), (+0.8347,4.2992), (+0.8389,4.2868), (+0.8430,4.2745), (+0.8459,4.2621), (+0.8491,4.2498), (+0.8521,4.2375), (+0.8553,4.2251), (+0.8580,4.2128), (+0.8574,4.2005), (+0.8577,4.1881), (+0.8615,4.1758), (+0.8635,4.1635), (+0.8656,4.1511), (+0.8697,4.1388), (+0.8732,4.1264), (+0.8779,4.1141), (+0.8832,4.1018), (+0.8894,4.0894), (+0.8955,4.0771), (+0.9020,4.0648), (+0.9120,4.0524), (+0.9217,4.0401), (+0.9293,4.0278), (+0.9358,4.0154), (+0.9443,4.0031), (+0.9502,3.9907), (+0.9505,3.9784), (+0.9481,3.9661), (+0.9378,3.9537), (+0.9311,3.9414), (+0.9314,3.9291), (+0.9314,3.9167), (+0.9314,3.9044), (+0.9314,3.8921), (+0.9314,3.8797), (+0.9314,3.8674), (+0.9314,3.8551), (+0.9314,3.8427), (+0.9314,3.8304), (+0.9314,3.8180), (+0.9314,3.8057), (+0.9314,3.7934), (+0.9314,3.7810), (+0.9314,3.7687), (+0.9320,3.7564), (+0.9293,3.7440), (+0.9261,3.7317), (+0.9232,3.7194), (+0.9193,3.7070), (+0.9196,3.6947), (+0.9170,3.6823), (+0.9132,3.6700), (+0.9129,3.6577), (+0.9135,3.6453), (+0.9108,3.6330), (+0.9070,3.6207), (+0.9067,3.6083), (+0.9067,3.5960), (+0.9067,3.5837), (+0.9067,3.5713), (+0.9064,3.5590), (+0.9026,3.5466), (+0.9000,3.5343), (+0.9005,3.5220), (+0.9005,3.5096), (+0.9011,3.4973), (+0.8985,3.4850), (+0.8947,3.4726), (+0.8944,3.4603), (+0.8941,3.4480), (+0.8903,3.4356), (+0.8882,3.4233), (+0.8861,3.4109), (+0.8823,3.3986), (+0.8817,3.3863), (+0.8779,3.3739), (+0.8759,3.3616), (+0.8738,3.3493), (+0.8700,3.3369), (+0.8694,3.3246), (+0.8656,3.3123), (+0.8629,3.2999), (+0.8632,3.2876), (+0.8594,3.2753), (+0.8568,3.2629), (+0.8571,3.2506), (+0.8533,3.2382), (+0.8506,3.2259), (+0.8509,3.2136), (+0.8471,3.2012), (+0.8444,3.1889), (+0.8456,3.1766), (+0.8430,3.1642), (+0.8392,3.1519), (+0.8389,3.1396), (+0.8386,3.1272), (+0.8347,3.1149), (+0.8321,3.1025), (+0.8327,3.0902), (+0.8327,3.0779), (+0.8327,3.0655), (+0.8327,3.0532), (+0.8327,3.0409), (+0.8327,3.0285), (+0.8327,3.0162), (+0.8324,3.0039), (+0.8292,2.9915), (+0.8245,2.9792), (+0.8183,2.9668), (+0.8101,2.9545), (+0.8033,2.9422), (+0.8019,2.9298), (+0.7998,2.9175), (+0.7960,2.9052), (+0.7957,2.8928), (+0.7951,2.8805), (+0.7977,2.8682), (+0.8016,2.8558), (+0.8024,2.8435), (+0.7998,2.8311), (+0.7966,2.8188), (+0.7942,2.8065), (+0.7878,2.7941), (+0.7833,2.7818), (+0.7789,2.7695), (+0.7731,2.7571), (+0.7684,2.7448), (+0.7651,2.7325), (+0.7645,2.7201), (+0.7607,2.7078), (+0.7581,2.6955), (+0.7584,2.6831), (+0.7546,2.6708), (+0.7519,2.6584), (+0.7522,2.6461), (+0.7484,2.6338), (+0.7463,2.6214), (+0.7443,2.6091), (+0.7411,2.5968), (+0.7381,2.5844), (+0.7349,2.5721), (+0.7325,2.5598), (+0.7264,2.5462), (+0.7158,2.5386), (+0.7090,2.5462), (+0.7093,2.5598), (+0.7099,2.5721), (+0.7073,2.5844), (+0.7035,2.5968), (+0.7032,2.6091), (+0.7032,2.6214), (+0.7032,2.6338), (+0.7032,2.6461), (+0.7032,2.6584), (+0.7029,2.6708), (+0.6990,2.6831), (+0.6964,2.6955), (+0.6970,2.7078), (+0.6970,2.7201), (+0.6970,2.7325), (+0.6967,2.7448), (+0.6929,2.7571), (+0.6902,2.7695), (+0.6908,2.7818), (+0.6908,2.7941), (+0.6914,2.8065), (+0.6888,2.8188), (+0.6850,2.8311), (+0.6847,2.8435), (+0.6847,2.8558), (+0.6847,2.8682), (+0.6844,2.8805), (+0.6805,2.8928), (+0.6779,2.9052), (+0.6785,2.9175), (+0.6785,2.9298), (+0.6785,2.9422), (+0.6785,2.9545), (+0.6785,2.9668), (+0.6785,2.9792), (+0.6785,2.9915), (+0.6785,3.0039), (+0.6785,3.0162), (+0.6785,3.0285), (+0.6779,3.0409), (+0.6805,3.0532), (+0.6844,3.0655), (+0.6847,3.0779), (+0.6847,3.0902), (+0.6850,3.1025), (+0.6888,3.1149), (+0.6914,3.1272), (+0.6908,3.1396), (+0.6911,3.1519), (+0.6949,3.1642), (+0.6976,3.1766), (+0.6970,3.1889), (+0.6970,3.2012), (+0.6970,3.2136), (+0.6970,3.2259), (+0.6970,3.2382), (+0.6970,3.2506), (+0.6970,3.2629), (+0.6970,3.2753), (+0.6970,3.2876), (+0.6967,3.2999), (+0.6929,3.3123), (+0.6902,3.3246), (+0.6908,3.3369), (+0.6902,3.3493), (+0.6926,3.3616), (+0.7029,3.3739), (+0.7096,3.3863), (+0.7093,3.3986), (+0.7093,3.4109), (+0.7087,3.4233), (+0.7114,3.4356), (+0.7152,3.4480), (+0.7155,3.4603), (+0.7155,3.4726), (+0.7152,3.4850), (+0.7111,3.4973), (+0.7046,3.5096), (+0.7029,3.5220), (+0.7073,3.5343), (+0.7102,3.5466), (+0.7035,3.5593), (+0.6897,3.5652), (+0.6823,3.5710), (+0.6841,3.5837), (+0.6888,3.5960), (+0.6908,3.6083), (+0.6929,3.6207), (+0.6967,3.6330), (+0.6973,3.6453), (+0.7011,3.6577), (+0.7032,3.6700), (+0.7052,3.6823), (+0.7090,3.6947), (+0.7087,3.7070), (+0.7114,3.7194), (+0.7152,3.7317), (+0.7149,3.7440), (+0.7176,3.7564), (+0.7214,3.7687), (+0.7211,3.7810), (+0.7237,3.7934), (+0.7270,3.8057), (+0.7299,3.8180), (+0.7337,3.8304), (+0.7343,3.8427), (+0.7381,3.8551), (+0.7402,3.8674), (+0.7422,3.8797), (+0.7460,3.8921), (+0.7463,3.9044), (+0.7463,3.9167), (+0.7466,3.9291), (+0.7504,3.9414), (+0.7531,3.9537), (+0.7525,3.9661), (+0.7519,3.9784), (+0.7546,3.9907), (+0.7584,4.0031), (+0.7587,4.0154), (+0.7587,4.0278), (+0.7581,4.0401), (+0.7607,4.0524), (+0.7645,4.0648), (+0.7648,4.0771), (+0.7648,4.0894), (+0.7643,4.1018), (+0.7669,4.1141), (+0.7707,4.1264), (+0.7710,4.1388), (+0.7710,4.1511), (+0.7710,4.1635), (+0.7710,4.1758), (+0.7713,4.1881), (+0.7751,4.2005), (+0.7778,4.2128), (+0.7772,4.2251), (+0.7772,4.2375), (+0.7772,4.2498), (+0.7772,4.2621), (+0.7775,4.2745), (+0.7813,4.2868), (+0.7839,4.2992), (+0.7833,4.3115), (+0.7833,4.3238), (+0.7833,4.3362), (+0.7833,4.3485), (+0.7833,4.3608), (+0.7833,4.3732), (+0.7833,4.3855), (+0.7828,4.3978), (+0.7854,4.4102), (+0.7883,4.4237), (+0.7875,4.4313), (+0.7883,4.4237), (+0.7854,4.4102), (+0.7828,4.3978), (+0.7833,4.3855), (+0.7833,4.3732), (+0.7833,4.3608), (+0.7833,4.3485), (+0.7833,4.3362), (+0.7833,4.3238), (+0.7833,4.3115), (+0.7839,4.2992), (+0.7813,4.2868), (+0.7775,4.2745), (+0.7772,4.2621), (+0.7772,4.2498), (+0.7772,4.2375), (+0.7772,4.2251), (+0.7778,4.2128), (+0.7751,4.2005), (+0.7713,4.1881), (+0.7710,4.1758), (+0.7710,4.1635), (+0.7710,4.1511), (+0.7710,4.1388), (+0.7707,4.1264), (+0.7669,4.1141), (+0.7643,4.1018), (+0.7648,4.0894), (+0.7648,4.0771), (+0.7645,4.0648), (+0.7607,4.0524), (+0.7581,4.0401), (+0.7587,4.0278), (+0.7587,4.0154), (+0.7584,4.0031), (+0.7546,3.9907), (+0.7519,3.9784), (+0.7525,3.9661), (+0.7531,3.9537), (+0.7504,3.9414), (+0.7466,3.9291), (+0.7463,3.9167), (+0.7463,3.9044), (+0.7460,3.8921), (+0.7422,3.8797), (+0.7399,3.8668), (+0.7343,3.8568), (+0.7217,3.8545), (+0.7093,3.8551), (+0.6970,3.8551), (+0.6847,3.8551), (+0.6723,3.8551), (+0.6600,3.8551), (+0.6476,3.8556), (+0.6353,3.8530), (+0.6230,3.8492), (+0.6106,3.8489), (+0.5983,3.8486), (+0.5860,3.8448), (+0.5736,3.8418), (+0.5613,3.8392), (+0.5490,3.8345), (+0.5366,3.8292), (+0.5243,3.8230), (+0.5120,3.8169), (+0.4996,3.8107), (+0.4873,3.8042), (+0.4749,3.7940), (+0.4626,3.7810), (+0.4503,3.7687), (+0.4373,3.7558), (+0.4274,3.7558), (+0.4250,3.7687), (+0.4256,3.7810), (+0.4256,3.7934), (+0.4259,3.8057), (+0.4297,3.8180), (+0.4324,3.8304), (+0.4318,3.8427), (+0.4318,3.8551), (+0.4321,3.8674), (+0.4359,3.8797), (+0.4385,3.8921), (+0.4379,3.9044), (+0.4379,3.9167), (+0.4382,3.9291), (+0.4420,3.9414), (+0.4447,3.9537), (+0.4441,3.9661), (+0.4441,3.9784), (+0.4444,3.9907), (+0.4482,4.0031), (+0.4509,4.0154), (+0.4503,4.0278), (+0.4503,4.0401), (+0.4506,4.0524), (+0.4544,4.0648), (+0.4570,4.0771), (+0.4564,4.0894), (+0.4564,4.1018), (+0.4567,4.1141), (+0.4605,4.1264), (+0.4632,4.1388), (+0.4626,4.1511), (+0.4626,4.1635), (+0.4620,4.1758), (+0.4647,4.1881), (+0.4685,4.2005), (+0.4688,4.2128), (+0.4688,4.2251), (+0.4682,4.2375), (+0.4708,4.2498), (+0.4746,4.2621), (+0.4749,4.2745), (+0.4749,4.2868), (+0.4749,4.2992), (+0.4752,4.3115), (+0.4791,4.3238), (+0.4817,4.3362), (+0.4811,4.3485), (+0.4811,4.3608), (+0.4805,4.3732), (+0.4832,4.3855), (+0.4870,4.3978), (+0.4873,4.4102), (+0.4873,4.4225), (+0.4873,4.4348), (+0.4867,4.4472), (+0.4893,4.4595), (+0.4932,4.4719), (+0.4934,4.4842), (+0.4934,4.4965), (+0.4934,4.5089), (+0.4934,4.5212), (+0.4937,4.5335), (+0.4976,4.5459), (+0.5002,4.5582), (+0.4996,4.5705), (+0.4996,4.5829), (+0.4996,4.5952), (+0.4996,4.6076), (+0.4990,4.6199), (+0.5017,4.6322), (+0.5055,4.6446), (+0.5058,4.6569), (+0.5058,4.6692), (+0.5058,4.6816), (+0.5058,4.6939), (+0.5058,4.7062), (+0.5052,4.7186), (+0.5078,4.7309), (+0.5117,4.7433), (+0.5120,4.7556), (+0.5120,4.7679), (+0.5120,4.7803), (+0.5120,4.7926), (+0.5120,4.8049), (+0.5120,4.8173), (+0.5120,4.8296), (+0.5120,4.8419), (+0.5122,4.8543), (+0.5161,4.8666), (+0.5187,4.8790), (+0.5181,4.8913), (+0.5181,4.9036), (+0.5181,4.9160), (+0.5181,4.9283), (+0.5181,4.9406), (+0.5181,4.9530), (+0.5181,4.9653), (+0.5181,4.9776), (+0.5181,4.9900), (+0.5184,5.0023), (+0.5222,5.0146), (+0.5249,5.0270), (+0.5243,5.0393), (+0.5243,5.0517), (+0.5243,5.0640), (+0.5243,5.0763), (+0.5243,5.0887), (+0.5243,5.1010), (+0.5243,5.1133), (+0.5243,5.1257), (+0.5243,5.1380), (+0.5237,5.1503), (+0.5263,5.1627), (+0.5302,5.1750), (+0.5305,5.1874), (+0.5305,5.1997), (+0.5305,5.2120), (+0.5299,5.2244), (+0.5322,5.2370), (+0.5422,5.2432), (+0.5551,5.2429), (+0.5681,5.2429), (+0.5681,5.2429), (+0.5551,5.2429), (+0.5422,5.2426), (+0.5316,5.2487), (+0.5316,5.2617), (+0.5422,5.2678), (+0.5551,5.2675), (+0.5675,5.2675), (+0.5798,5.2675), (+0.5921,5.2675), (+0.6045,5.2675), (+0.6168,5.2678), (+0.6291,5.2714), (+0.6415,5.2799), (+0.6538,5.2881), (+0.6662,5.2978), (+0.6785,5.3107), (+0.6905,5.3231), (+0.6990,5.3354), (+0.7084,5.3477), (+0.7181,5.3601), (+0.7255,5.3724), (+0.7284,5.3847), (+0.7278,5.3971), (+0.7278,5.4094), (+0.7278,5.4217), (+0.7275,5.4341), (+0.7237,5.4464), (+0.7214,5.4588), (+0.7158,5.4717), (+0.7032,5.4820), (+0.6908,5.4884), (+0.6785,5.4946), (+0.6662,5.5008), (+0.6538,5.5069), (+0.6415,5.5122), (+0.6291,5.5169), (+0.6168,5.5204), (+0.6045,5.5245), (+0.5921,5.5266), (+0.5798,5.5287), (+0.5675,5.5325), (+0.5551,5.5328), (+0.5428,5.5322), (+0.5305,5.5348), (+0.5181,5.5386), (+0.5058,5.5389), (+0.4934,5.5389), (+0.4811,5.5389), (+0.4688,5.5389), (+0.4564,5.5389), (+0.4441,5.5389), (+0.4318,5.5389), (+0.4194,5.5389), (+0.4071,5.5389), (+0.3948,5.5389), (+0.3824,5.5389), (+0.3701,5.5386), (+0.3577,5.5348), (+0.3454,5.5322), (+0.3331,5.5325), (+0.3207,5.5287), (+0.3084,5.5257), (+0.2961,5.5231), (+0.2837,5.5178), (+0.2714,5.5143), (+0.2591,5.5107), (+0.2467,5.5055), (+0.2338,5.5019), (+0.2238,5.5078), (+0.2215,5.5204), (+0.2215,5.5328), (+0.2241,5.5451), (+0.2279,5.5574), (+0.2276,5.5698), (+0.2303,5.5821), (+0.2341,5.5944), (+0.2338,5.6068), (+0.2364,5.6191), (+0.2403,5.6315), (+0.2408,5.6438), (+0.2447,5.6561), (+0.2473,5.6685), (+0.2470,5.6808), (+0.2508,5.6931), (+0.2529,5.7055), (+0.2549,5.7178), (+0.2588,5.7301), (+0.2591,5.7425), (+0.2591,5.7548), (+0.2591,5.7672), (+0.2591,5.7795), (+0.2591,5.7918), (+0.2591,5.8042), (+0.2585,5.8165), (+0.2608,5.8294), (+0.2708,5.8397), (+0.2837,5.8456), (+0.2961,5.8535), (+0.3084,5.8614), (+0.3207,5.8670), (+0.3331,5.8738), (+0.3454,5.8782), (+0.3577,5.8823), (+0.3701,5.8852), (+0.3824,5.8885), (+0.3948,5.8911), (+0.4071,5.8905), (+0.4194,5.8908), (+0.4318,5.8946), (+0.4441,5.8973), (+0.4564,5.8967), (+0.4688,5.8967), (+0.4811,5.8967), (+0.4934,5.8967), (+0.5058,5.8967), (+0.5181,5.8967), (+0.5305,5.8964), (+0.5428,5.8926), (+0.5551,5.8899), (+0.5675,5.8905), (+0.5798,5.8905), (+0.5921,5.8905), (+0.6045,5.8902), (+0.6168,5.8864), (+0.6291,5.8835), (+0.6415,5.8799), (+0.6538,5.8738), (+0.6662,5.8656), (+0.6785,5.8535), (+0.6908,5.8412), (+0.7029,5.8288), (+0.7120,5.8165), (+0.7196,5.8042), (+0.7267,5.7918), (+0.7328,5.7795), (+0.7387,5.7672), (+0.7408,5.7548), (+0.7402,5.7419), (+0.7402,5.7419), (+0.7408,5.7548), (+0.7387,5.7672), (+0.7328,5.7795), (+0.7267,5.7918), (+0.7196,5.8042), (+0.7120,5.8165), (+0.7029,5.8288), (+0.6908,5.8412), (+0.6785,5.8535), (+0.6662,5.8656), (+0.6538,5.8738), (+0.6415,5.8799), (+0.6291,5.8835), (+0.6168,5.8864), (+0.6045,5.8902), (+0.5921,5.8905), (+0.5798,5.8905), (+0.5675,5.8905), (+0.5551,5.8899), (+0.5428,5.8926), (+0.5305,5.8964), (+0.5181,5.8967), (+0.5058,5.8967), (+0.4934,5.8967), (+0.4811,5.8967), (+0.4688,5.8967), (+0.4564,5.8967), (+0.4441,5.8973), (+0.4318,5.8946), (+0.4194,5.8908), (+0.4071,5.8905), (+0.3948,5.8911), (+0.3824,5.8885), (+0.3701,5.8852), (+0.3577,5.8823), (+0.3454,5.8782), (+0.3331,5.8738), (+0.3207,5.8670), (+0.3084,5.8614), (+0.2961,5.8535), (+0.2837,5.8444), (+0.2711,5.8432), (+0.2643,5.8529), (+0.2670,5.8664), (+0.2770,5.8767), (+0.2899,5.8832), (+0.3022,5.8893), (+0.3146,5.8955), (+0.3269,5.9008), (+0.3392,5.9055), (+0.3516,5.9090), (+0.3639,5.9131), (+0.3763,5.9152), (+0.3886,5.9172), (+0.4009,5.9211), (+0.4133,5.9214), (+0.4256,5.9208), (+0.4379,5.9234), (+0.4503,5.9272), (+0.4626,5.9275), (+0.4749,5.9275), (+0.4873,5.9275), (+0.4996,5.9275), (+0.5120,5.9275), (+0.5243,5.9281), (+0.5366,5.9255), (+0.5490,5.9217), (+0.5613,5.9214), (+0.5736,5.9214), (+0.5860,5.9219), (+0.5983,5.9193), (+0.6106,5.9155), (+0.6230,5.9149), (+0.6353,5.9117), (+0.6476,5.9064), (+0.6600,5.9034), (+0.6723,5.8964), (+0.6847,5.8864), (+0.6970,5.8779), (+0.7090,5.8658), (+0.7181,5.8535), (+0.7252,5.8412), (+0.7340,5.8288), (+0.7419,5.8165), (+0.7481,5.8042), (+0.7522,5.7912), (+0.7522,5.7912), (+0.7481,5.8042), (+0.7419,5.8165), (+0.7340,5.8288), (+0.7252,5.8412), (+0.7181,5.8535), (+0.7090,5.8658), (+0.6970,5.8779), (+0.6847,5.8864), (+0.6723,5.8964), (+0.6600,5.9034), (+0.6476,5.9064), (+0.6353,5.9117), (+0.6230,5.9149), (+0.6106,5.9155), (+0.5983,5.9193), (+0.5860,5.9214), (+0.5733,5.9231), (+0.5672,5.9331), (+0.5672,5.9460), (+0.5634,5.9584), (+0.5607,5.9707), (+0.5607,5.9830), (+0.5634,5.9954), (+0.5666,6.0077), (+0.5692,6.0203), (+0.5792,6.0271), (+0.5921,6.0242), (+0.6045,6.0209), (+0.6168,6.0180), (+0.6291,6.0139), (+0.6415,6.0095), (+0.6538,6.0033), (+0.6662,5.9954), (+0.6785,5.9871), (+0.6908,5.9778), (+0.7043,5.9675), (+0.7120,5.9631), (+0.7043,5.9675), (+0.6908,5.9778), (+0.6785,5.9871), (+0.6662,5.9954), (+0.6538,6.0033), (+0.6415,6.0095), (+0.6291,6.0139), (+0.6168,6.0180), (+0.6045,6.0209), (+0.5921,6.0242), (+0.5792,6.0265), (+0.5692,6.0321), (+0.5669,6.0447), (+0.5675,6.0571), (+0.5678,6.0694), (+0.5716,6.0817), (+0.5742,6.0941), (+0.5736,6.1064), (+0.5739,6.1187), (+0.5777,6.1311), (+0.5804,6.1434), (+0.5798,6.1557), (+0.5798,6.1681), (+0.5792,6.1804), (+0.5819,6.1928), (+0.5857,6.2051), (+0.5860,6.2174), (+0.5860,6.2298), (+0.5860,6.2421), (+0.5860,6.2544), (+0.5860,6.2668), (+0.5860,6.2791), (+0.5860,6.2914), (+0.5860,6.3038), (+0.5860,6.3161), (+0.5860,6.3285), (+0.5860,6.3408), (+0.5860,6.3531), (+0.5860,6.3655), (+0.5854,6.3778), (+0.5880,6.3901), (+0.5918,6.4025), (+0.5921,6.4148), (+0.5921,6.4271), (+0.5921,6.4395), (+0.5921,6.4518), (+0.5915,6.4641), (+0.5942,6.4765), (+0.5980,6.4888), (+0.5983,6.5012), (+0.5983,6.5135), (+0.5983,6.5258), (+0.5983,6.5382), (+0.5977,6.5505), (+0.6001,6.5631), (+0.6101,6.5693), (+0.6230,6.5690), (+0.6353,6.5690), (+0.6476,6.5696), (+0.6606,6.5672), (+0.6703,6.5573), (+0.6788,6.5443), (+0.6905,6.5320), (+0.6990,6.5197), (+0.7084,6.5073), (+0.7176,6.4950), (+0.7270,6.4827), (+0.7361,6.4703), (+0.7455,6.4580), (+0.7551,6.4456), (+0.7634,6.4321), (+0.7681,6.4245), (+0.7634,6.4321), (+0.7551,6.4456), (+0.7455,6.4580), (+0.7361,6.4703), (+0.7270,6.4827), (+0.7176,6.4950), (+0.7084,6.5073), (+0.6990,6.5197), (+0.6905,6.5320), (+0.6788,6.5443), (+0.6697,6.5573), (+0.6723,6.5672), (+0.6847,6.5696), (+0.6970,6.5696), (+0.7093,6.5669), (+0.7217,6.5631), (+0.7340,6.5628), (+0.7463,6.5628), (+0.7587,6.5625), (+0.7716,6.5581), (+0.7716,6.5581), (+0.7587,6.5625), (+0.7463,6.5628), (+0.7340,6.5628), (+0.7217,6.5631), (+0.7093,6.5669), (+0.6970,6.5696), (+0.6847,6.5690), (+0.6723,6.5690), (+0.6600,6.5690), (+0.6476,6.5690), (+0.6353,6.5690), (+0.6230,6.5690), (+0.6106,6.5690), (+0.5983,6.5684), (+0.5860,6.5711), (+0.5736,6.5749), (+0.5613,6.5752), (+0.5490,6.5752), (+0.5366,6.5752), (+0.5243,6.5752), (+0.5120,6.5752), (+0.4996,6.5752), (+0.4873,6.5752), (+0.4749,6.5752), (+0.4626,6.5752), (+0.4503,6.5752), (+0.4379,6.5752), (+0.4256,6.5752), (+0.4133,6.5752), (+0.4009,6.5746), (+0.3877,6.5769), (+0.3839,6.5869), (+0.3942,6.6001), (+0.4071,6.6063), (+0.4194,6.6060), (+0.4318,6.6060), (+0.4441,6.6060), (+0.4564,6.6060), (+0.4688,6.6060), (+0.4811,6.6060), (+0.4934,6.6060), (+0.5058,6.6060), (+0.5181,6.6060), (+0.5305,6.6060), (+0.5428,6.6060), (+0.5551,6.6060), (+0.5675,6.6060), (+0.5798,6.6060), (+0.5921,6.6060), (+0.6045,6.6060), (+0.6168,6.6060), (+0.6291,6.6060), (+0.6415,6.6060), (+0.6538,6.6057), (+0.6662,6.6019), (+0.6785,6.5993), (+0.6908,6.5998), (+0.7032,6.6004), (+0.7155,6.5975), (+0.7278,6.5899), (+0.7402,6.5869), (+0.7525,6.5872), (+0.7660,6.5834), (+0.7737,6.5802), (+0.7660,6.5834), (+0.7525,6.5872), (+0.7402,6.5869), (+0.7272,6.5893), (+0.7170,6.5993), (+0.7205,6.6122), (+0.7305,6.6245), (+0.7375,6.6369), (+0.7463,6.6492), (+0.7549,6.6615), (+0.7587,6.6739), (+0.7628,6.6862), (+0.7654,6.6985), (+0.7645,6.7115), (+0.7713,6.7214), (+0.7710,6.7235), (+0.7604,6.7291), (+0.7581,6.7417), (+0.7584,6.7540), (+0.7546,6.7664), (+0.7519,6.7787), (+0.7522,6.7911), (+0.7484,6.8034), (+0.7458,6.8157), (+0.7463,6.8281), (+0.7460,6.8404), (+0.7422,6.8527), (+0.7396,6.8651), (+0.7402,6.8774), (+0.7399,6.8897), (+0.7361,6.9021), (+0.7334,6.9144), (+0.7346,6.9268), (+0.7319,6.9391), (+0.7281,6.9514), (+0.7278,6.9638), (+0.7275,6.9761), (+0.7237,6.9884), (+0.7211,7.0008), (+0.7217,7.0131), (+0.7214,7.0254), (+0.7176,7.0378), (+0.7149,7.0501), (+0.7161,7.0625), (+0.7134,7.0748), (+0.7096,7.0871), (+0.7093,7.0995), (+0.7099,7.1118), (+0.7073,7.1241), (+0.7035,7.1365), (+0.7032,7.1488), (+0.7037,7.1611), (+0.7011,7.1735), (+0.6973,7.1858), (+0.6964,7.1981), (+0.6988,7.2114), (+0.7090,7.2152), (+0.7158,7.2043), (+0.7155,7.2037), (+0.7155,7.2167), (+0.7155,7.2290), (+0.7155,7.2413), (+0.7155,7.2537), (+0.7155,7.2660), (+0.7155,7.2783), (+0.7155,7.2907), (+0.7155,7.3030), (+0.7155,7.3153), (+0.7155,7.3277), (+0.7155,7.3412), (+0.7161,7.3488), (+0.7137,7.3409), (+0.7037,7.3330), (+0.6905,7.3356), (+0.6844,7.3456), (+0.6847,7.3585), (+0.6847,7.3714), (+0.6847,7.3714), (+0.6852,7.3585), (+0.6823,7.3456), (+0.6747,7.3456), (+0.6717,7.3585), (+0.6723,7.3709), (+0.6723,7.3832), (+0.6723,7.3955), (+0.6723,7.4079), (+0.6726,7.4202), (+0.6758,7.4325), (+0.6814,7.4455), (+0.6885,7.4455), (+0.6914,7.4325), (+0.6908,7.4202), (+0.6908,7.4067), (+0.6908,7.3991), (+0.6908,7.4067), (+0.6908,7.4202), (+0.6908,7.4325), (+0.6905,7.4449), (+0.6967,7.4569), (+0.7096,7.4666), (+0.7161,7.4710), (+0.7096,7.4666), (+0.6970,7.4566), (+0.6847,7.4507), (+0.6723,7.4510), (+0.6600,7.4507), (+0.6476,7.4469), (+0.6353,7.4443), (+0.6230,7.4449), (+0.6106,7.4449), (+0.5983,7.4443), (+0.5860,7.4469), (+0.5736,7.4507), (+0.5613,7.4513), (+0.5490,7.4546), (+0.5366,7.4599), (+0.5243,7.4625), (+0.5120,7.4657), (+0.4996,7.4731), (+0.4873,7.4828), (+0.4749,7.4922), (+0.4626,7.5007), (+0.4503,7.5127), (+0.4379,7.5251), (+0.4253,7.5374), (+0.4191,7.5497), (+0.4188,7.5621), (+0.4215,7.5744), (+0.4247,7.5867), (+0.4277,7.5991), (+0.4309,7.6114), (+0.4335,7.6240), (+0.4435,7.6305), (+0.4564,7.6240), (+0.4688,7.6114), (+0.4811,7.5985), (+0.4934,7.5888), (+0.5058,7.5800), (+0.5181,7.5744), (+0.5305,7.5688), (+0.5428,7.5603), (+0.5551,7.5541), (+0.5675,7.5506), (+0.5798,7.5477), (+0.5921,7.5439), (+0.6045,7.5441), (+0.6168,7.5415), (+0.6291,7.5377), (+0.6415,7.5374), (+0.6538,7.5377), (+0.6662,7.5415), (+0.6785,7.5444), (+0.6908,7.5477), (+0.7032,7.5506), (+0.7155,7.5538), (+0.7284,7.5568), (+0.7384,7.5500), (+0.7405,7.5374), (+0.7361,7.5251), (+0.7331,7.5127), (+0.7290,7.4992), (+0.7246,7.4916), (+0.7290,7.4992), (+0.7331,7.5127), (+0.7361,7.5251), (+0.7399,7.5374), (+0.7396,7.5497), (+0.7416,7.5621), (+0.7478,7.5744), (+0.7581,7.5864), (+0.7722,7.5961), (+0.7798,7.6005), (+0.7722,7.5961), (+0.7581,7.5864), (+0.7484,7.5744), (+0.7399,7.5618), (+0.7272,7.5553), (+0.7176,7.5618), (+0.7184,7.5744), (+0.7237,7.5867), (+0.7293,7.5991), (+0.7396,7.6114), (+0.7525,7.6243), (+0.7648,7.6346), (+0.7778,7.6414), (+0.7778,7.6414), (+0.7648,7.6337), (+0.7519,7.6320), (+0.7519,7.6423), (+0.7648,7.6531), (+0.7784,7.6593), (+0.7860,7.6619), (+0.7784,7.6593), (+0.7648,7.6531), (+0.7525,7.6431), (+0.7402,7.6340), (+0.7272,7.6243), (+0.7170,7.6114), (+0.7105,7.5991), (+0.7052,7.5867), (+0.7005,7.5744), (+0.6976,7.5621), (+0.6911,7.5494), (+0.6785,7.5439), (+0.6662,7.5415), (+0.6538,7.5377), (+0.6415,7.5374), (+0.6291,7.5377), (+0.6168,7.5415), (+0.6045,7.5441), (+0.5921,7.5439), (+0.5798,7.5477), (+0.5675,7.5506), (+0.5545,7.5535), (+0.5446,7.5624), (+0.5425,7.5744), (+0.5469,7.5867), (+0.5495,7.5991), (+0.5495,7.6114), (+0.5466,7.6237), (+0.5393,7.6361), (+0.5302,7.6484), (+0.5181,7.6605), (+0.5058,7.6696), (+0.4934,7.6766), (+0.4811,7.6857), (+0.4688,7.6978), (+0.4561,7.7101), (+0.4497,7.7224), (+0.4459,7.7348), (+0.4394,7.7471), (+0.4376,7.7594), (+0.4420,7.7718), (+0.4450,7.7841), (+0.4482,7.7965), (+0.4512,7.8088), (+0.4544,7.8211), (+0.4570,7.8335), (+0.4567,7.8458), (+0.4608,7.8581), (+0.4670,7.8705), (+0.4752,7.8834), (+0.4873,7.8937), (+0.4996,7.8998), (+0.5120,7.9022), (+0.5243,7.9054), (+0.5366,7.9081), (+0.5490,7.9075), (+0.5613,7.9081), (+0.5736,7.9054), (+0.5860,7.9016), (+0.5983,7.9013), (+0.6106,7.9010), (+0.6230,7.8972), (+0.6353,7.8946), (+0.6476,7.8948), (+0.6600,7.8910), (+0.6723,7.8884), (+0.6847,7.8896), (+0.6970,7.8869), (+0.7093,7.8831), (+0.7217,7.8828), (+0.7340,7.8828), (+0.7463,7.8828), (+0.7587,7.8828), (+0.7710,7.8828), (+0.7833,7.8828), (+0.7957,7.8828), (+0.8080,7.8828), (+0.8204,7.8828), (+0.8327,7.8828), (+0.8450,7.8831), (+0.8574,7.8869), (+0.8697,7.8896), (+0.8826,7.8890), (+0.8826,7.8890), (+0.8697,7.8896), (+0.8574,7.8869), (+0.8450,7.8831), (+0.8327,7.8828), (+0.8204,7.8828), (+0.8080,7.8828), (+0.7957,7.8828), (+0.7833,7.8828), (+0.7710,7.8828), (+0.7587,7.8828), (+0.7463,7.8828), (+0.7340,7.8828), (+0.7217,7.8828), (+0.7093,7.8831), (+0.6970,7.8869), (+0.6847,7.8896), (+0.6723,7.8884), (+0.6600,7.8910), (+0.6476,7.8948), (+0.6353,7.8946), (+0.6230,7.8972), (+0.6106,7.9010), (+0.5983,7.9013), (+0.5860,7.9016), (+0.5736,7.9054), (+0.5613,7.9081), (+0.5490,7.9075), (+0.5366,7.9081), (+0.5243,7.9054), (+0.5120,7.9022), (+0.4996,7.8998), (+0.4873,7.8937), (+0.4752,7.8834), (+0.4670,7.8705), (+0.4608,7.8581), (+0.4567,7.8458), (+0.4570,7.8335), (+0.4544,7.8211), (+0.4512,7.8088), (+0.4482,7.7965), (+0.4450,7.7841), (+0.4420,7.7718), (+0.4385,7.7589), (+0.4321,7.7495), (+0.4194,7.7451), (+0.4074,7.7395), (+0.3989,7.7295), (+0.3892,7.7198), (+0.3751,7.7124), (+0.3674,7.7089), (+0.3751,7.7124), (+0.3892,7.7204), (+0.3992,7.7171), (+0.4015,7.7039), (+0.4009,7.6916), (+0.4009,7.6787), (+0.4009,7.6787), (+0.4009,7.6916), (+0.4009,7.7039), (+0.4009,7.7163), (+0.4006,7.7292), (+0.4068,7.7395), (+0.4200,7.7459), (+0.4300,7.7418), (+0.4326,7.7286), (+0.4362,7.7163), (+0.4423,7.7039), (+0.4506,7.6916), (+0.4626,7.6787), (+0.4749,7.6690), (+0.4873,7.6608), (+0.4996,7.6525), (+0.5125,7.6428), (+0.5228,7.6299), (+0.5290,7.6176), (+0.5310,7.6052), (+0.5307,7.5929), (+0.5246,7.5797), (+0.5120,7.5765), (+0.4996,7.5841), (+0.4873,7.5932), (+0.4749,7.6052), (+0.4626,7.6182), (+0.4503,7.6287), (+0.4376,7.6287), (+0.4321,7.6182), (+0.4297,7.6052), (+0.4265,7.5929), (+0.4235,7.5806), (+0.4197,7.5682), (+0.4188,7.5559), (+0.4212,7.5436), (+0.4312,7.5312), (+0.4441,7.5189), (+0.4564,7.5060), (+0.4688,7.4963), (+0.4814,7.4878), (+0.4882,7.4757), (+0.4852,7.4634), (+0.4814,7.4505), (+0.4814,7.4505), (+0.4849,7.4640), (+0.4943,7.4742), (+0.5037,7.4704), (+0.5023,7.4572), (+0.4987,7.4449), (+0.4955,7.4325), (+0.4934,7.4202), (+0.4914,7.4079), (+0.4882,7.3955), (+0.4852,7.3832), (+0.4814,7.3709), (+0.4814,7.3579), (+0.4746,7.3477), (+0.4644,7.3515), (+0.4620,7.3653), (+0.4626,7.3653), (+0.4629,7.3518), (+0.4561,7.3421), (+0.4456,7.3336), (+0.4400,7.3215), (+0.4353,7.3092), (+0.4326,7.2968), (+0.4297,7.2845), (+0.4259,7.2722), (+0.4253,7.2598), (+0.4215,7.2475), (+0.4188,7.2352), (+0.4191,7.2228), (+0.4153,7.2105), (+0.4127,7.1981), (+0.4138,7.1858), (+0.4112,7.1735), (+0.4074,7.1611), (+0.4077,7.1488), (+0.4050,7.1365), (+0.4012,7.1241), (+0.4015,7.1118), (+0.3989,7.0995), (+0.3951,7.0871), (+0.3948,7.0748), (+0.3945,7.0625), (+0.3906,7.0501), (+0.3880,7.0378), (+0.3883,7.0254), (+0.3845,7.0131), (+0.3818,7.0008), (+0.3821,6.9884), (+0.3783,6.9761), (+0.3757,6.9638), (+0.3768,6.9514), (+0.3742,6.9391), (+0.3704,6.9268), (+0.3701,6.9144), (+0.3698,6.9021), (+0.3660,6.8897), (+0.3633,6.8774), (+0.3645,6.8651), (+0.3619,6.8527), (+0.3580,6.8404), (+0.3577,6.8281), (+0.3575,6.8157), (+0.3536,6.8034), (+0.3510,6.7911), (+0.3516,6.7787), (+0.3513,6.7664), (+0.3475,6.7540), (+0.3448,6.7417), (+0.3454,6.7294), (+0.3454,6.7170), (+0.3448,6.7047), (+0.3469,6.6924), (+0.3530,6.6800), (+0.3630,6.6677), (+0.3721,6.6554), (+0.3815,6.6430), (+0.3906,6.6307), (+0.4009,6.6184), (+0.4015,6.6054), (+0.3886,6.5954), (+0.3763,6.5931), (+0.3639,6.5937), (+0.3516,6.5937), (+0.3392,6.5937), (+0.3269,6.5937), (+0.3146,6.5937), (+0.3016,6.5937), (+0.3016,6.5937), (+0.3146,6.5937), (+0.3269,6.5937), (+0.3392,6.5937), (+0.3516,6.5937), (+0.3639,6.5943), (+0.3771,6.5919), (+0.3810,6.5816), (+0.3707,6.5749), (+0.3577,6.5752), (+0.3454,6.5752), (+0.3331,6.5752), (+0.3207,6.5752), (+0.3072,6.5743), (+0.2996,6.5731), (+0.3078,6.5746), (+0.3187,6.5693), (+0.3169,6.5567), (+0.3105,6.5443), (+0.3058,6.5320), (+0.3025,6.5197), (+0.3019,6.5073), (+0.2981,6.4950), (+0.2955,6.4827), (+0.2961,6.4703), (+0.2964,6.4580), (+0.3002,6.4456), (+0.3028,6.4333), (+0.3022,6.4210), (+0.3022,6.4086), (+0.3022,6.3963), (+0.3022,6.3840), (+0.3022,6.3716), (+0.3019,6.3593), (+0.2981,6.3470), (+0.2955,6.3346), (+0.2958,6.3223), (+0.2920,6.3099), (+0.2893,6.2976), (+0.2899,6.2853), (+0.2896,6.2729), (+0.2858,6.2606), (+0.2831,6.2483), (+0.2837,6.2359), (+0.2837,6.2236), (+0.2834,6.2113), (+0.2796,6.1989), (+0.2770,6.1866), (+0.2776,6.1742), (+0.2776,6.1619), (+0.2776,6.1496), (+0.2776,6.1372), (+0.2776,6.1249), (+0.2776,6.1126), (+0.2776,6.1002), (+0.2770,6.0879), (+0.2796,6.0756), (+0.2834,6.0632), (+0.2837,6.0509), (+0.2837,6.0386), (+0.2837,6.0262), (+0.2831,6.0139), (+0.2858,6.0015), (+0.2896,5.9892), (+0.2905,5.9769), (+0.2884,5.9645), (+0.2820,5.9522), (+0.2782,5.9393), (+0.2705,5.9284), (+0.2632,5.9252), (+0.2685,5.9208), (+0.2726,5.9090), (+0.2693,5.8967), (+0.2655,5.8843), (+0.2652,5.8720), (+0.2652,5.8597), (+0.2658,5.8473), (+0.2632,5.8350), (+0.2594,5.8227), (+0.2591,5.8103), (+0.2591,5.7980), (+0.2591,5.7857), (+0.2591,5.7733), (+0.2591,5.7610), (+0.2591,5.7487), (+0.2596,5.7363), (+0.2570,5.7240), (+0.2532,5.7116), (+0.2526,5.6993), (+0.2488,5.6870), (+0.2461,5.6746), (+0.2464,5.6623), (+0.2426,5.6500), (+0.2406,5.6376), (+0.2385,5.6253), (+0.2347,5.6130), (+0.2350,5.6006), (+0.2323,5.5883), (+0.2285,5.5759), (+0.2288,5.5636), (+0.2262,5.5513), (+0.2223,5.5389), (+0.2221,5.5266), (+0.2226,5.5143), (+0.2200,5.5019), (+0.2162,5.4896), (+0.2159,5.4773), (+0.2159,5.4649), (+0.2159,5.4526), (+0.2156,5.4402), (+0.2118,5.4279), (+0.2091,5.4156), (+0.2097,5.4032), (+0.2097,5.3909), (+0.2097,5.3786), (+0.2097,5.3662), (+0.2097,5.3539), (+0.2103,5.3416), (+0.2077,5.3292), (+0.2038,5.3169), (+0.2035,5.3045), (+0.2035,5.2922), (+0.2035,5.2799), (+0.2033,5.2675), (+0.1994,5.2552), (+0.1968,5.2429), (+0.1971,5.2305), (+0.1933,5.2182), (+0.1912,5.2059), (+0.1892,5.1935), (+0.1859,5.1812), (+0.1830,5.1689), (+0.1792,5.1565), (+0.1786,5.1442), (+0.1748,5.1318), (+0.1727,5.1195), (+0.1707,5.1072), (+0.1674,5.0948), (+0.1645,5.0825), (+0.1607,5.0702), (+0.1601,5.0578), (+0.1563,5.0455), (+0.1542,5.0332), (+0.1521,5.0208), (+0.1483,5.0085), (+0.1477,4.9961), (+0.1439,4.9838), (+0.1419,4.9715), (+0.1398,4.9591), (+0.1360,4.9468), (+0.1363,4.9345), (+0.1336,4.9221), (+0.1298,4.9098), (+0.1292,4.8975), (+0.1254,4.8851), (+0.1228,4.8728), (+0.1231,4.8604), (+0.1192,4.8481), (+0.1172,4.8358), (+0.1151,4.8234), (+0.1113,4.8111), (+0.1116,4.7988), (+0.1090,4.7864), (+0.1052,4.7741), (+0.1046,4.7618), (+0.1007,4.7494), (+0.0981,4.7371), (+0.0984,4.7247), (+0.0946,4.7124), (+0.0919,4.7001), (+0.0922,4.6877), (+0.0884,4.6754), (+0.0858,4.6631), (+0.0869,4.6507), (+0.0843,4.6384), (+0.0805,4.6261), (+0.0802,4.6125), (+0.0802,4.6049), (+0.0802,4.6125), (+0.0805,4.6261), (+0.0843,4.6384), (+0.0869,4.6507), (+0.0858,4.6631), (+0.0884,4.6754), (+0.0922,4.6877), (+0.0919,4.7001), (+0.0946,4.7124), (+0.0984,4.7247), (+0.0981,4.7371), (+0.1007,4.7494), (+0.1046,4.7618), (+0.1052,4.7741), (+0.1090,4.7864), (+0.1116,4.7988), (+0.1113,4.8111), (+0.1151,4.8234), (+0.1172,4.8358), (+0.1192,4.8481), (+0.1231,4.8604), (+0.1228,4.8728), (+0.1254,4.8851), (+0.1292,4.8975), (+0.1298,4.9098), (+0.1336,4.9221), (+0.1363,4.9345), (+0.1360,4.9468), (+0.1398,4.9591), (+0.1419,4.9715), (+0.1439,4.9838), (+0.1477,4.9961), (+0.1483,5.0085), (+0.1521,5.0208), (+0.1542,5.0332), (+0.1563,5.0455), (+0.1601,5.0578), (+0.1607,5.0702), (+0.1645,5.0825), (+0.1674,5.0948), (+0.1707,5.1072), (+0.1727,5.1195), (+0.1748,5.1318), (+0.1786,5.1442), (+0.1792,5.1565), (+0.1830,5.1689), (+0.1859,5.1812), (+0.1892,5.1935), (+0.1912,5.2059), (+0.1933,5.2182), (+0.1971,5.2305), (+0.1968,5.2429), (+0.1994,5.2552), (+0.2033,5.2675), (+0.2035,5.2799), (+0.2035,5.2922), (+0.2035,5.3045), (+0.2038,5.3169), (+0.2077,5.3292), (+0.2103,5.3416), (+0.2097,5.3539), (+0.2097,5.3662), (+0.2091,5.3786), (+0.2121,5.3915), (+0.2200,5.3915), (+0.2265,5.3786), (+0.2344,5.3662), (+0.2432,5.3539), (+0.2502,5.3416), (+0.2594,5.3292), (+0.2711,5.3169), (+0.2796,5.3045), (+0.2893,5.2922), (+0.3022,5.2802), (+0.3146,5.2714), (+0.3269,5.2675), (+0.3392,5.2634), (+0.3516,5.2605), (+0.3639,5.2573), (+0.3763,5.2546), (+0.3886,5.2552), (+0.4009,5.2549), (+0.4133,5.2511), (+0.4256,5.2484), (+0.4379,5.2490), (+0.4503,5.2490), (+0.4632,5.2490), (+0.4632,5.2490), (+0.4503,5.2490), (+0.4379,5.2490), (+0.4256,5.2484), (+0.4133,5.2511), (+0.4009,5.2549), (+0.3886,5.2552), (+0.3763,5.2546), (+0.3639,5.2573), (+0.3516,5.2605), (+0.3392,5.2634), (+0.3269,5.2675), (+0.3146,5.2714), (+0.3022,5.2802), (+0.2893,5.2922), (+0.2796,5.3045), (+0.2711,5.3169), (+0.2594,5.3292), (+0.2502,5.3416), (+0.2432,5.3539), (+0.2344,5.3662), (+0.2265,5.3786), (+0.2200,5.3909), (+0.2121,5.4032), (+0.2085,5.4156), (+0.2115,5.4285), (+0.2221,5.4285), (+0.2323,5.4156), (+0.2406,5.4032), (+0.2494,5.3909), (+0.2564,5.3786), (+0.2652,5.3662), (+0.2735,5.3539), (+0.2831,5.3416), (+0.2961,5.3292), (+0.3084,5.3169), (+0.3207,5.3048), (+0.3331,5.2960), (+0.3454,5.2922), (+0.3577,5.2881), (+0.3701,5.2852), (+0.3824,5.2819), (+0.3948,5.2793), (+0.4071,5.2799), (+0.4194,5.2805), (+0.4318,5.2778), (+0.4441,5.2740), (+0.4564,5.2737), (+0.4688,5.2737), (+0.4811,5.2743), (+0.4937,5.2719), (+0.5005,5.2620), (+0.4979,5.2487), (+0.4873,5.2426), (+0.4873,5.2432), (+0.4979,5.2370), (+0.5002,5.2244), (+0.4996,5.2120), (+0.4996,5.1991), (+0.4996,5.1991), (+0.4996,5.2120), (+0.4990,5.2244), (+0.5014,5.2370), (+0.5114,5.2437), (+0.5246,5.2411), (+0.5307,5.2311), (+0.5305,5.2182), (+0.5305,5.2059), (+0.5305,5.1935), (+0.5310,5.1812), (+0.5284,5.1689), (+0.5246,5.1565), (+0.5243,5.1442), (+0.5243,5.1318), (+0.5243,5.1195), (+0.5243,5.1072), (+0.5243,5.0948), (+0.5243,5.0825), (+0.5243,5.0702), (+0.5243,5.0578), (+0.5243,5.0455), (+0.5243,5.0332), (+0.5240,5.0208), (+0.5202,5.0085), (+0.5175,4.9961), (+0.5181,4.9838), (+0.5181,4.9715), (+0.5181,4.9591), (+0.5181,4.9468), (+0.5181,4.9345), (+0.5181,4.9221), (+0.5181,4.9098), (+0.5181,4.8975), (+0.5181,4.8851), (+0.5178,4.8728), (+0.5140,4.8604), (+0.5114,4.8481), (+0.5120,4.8358), (+0.5120,4.8234), (+0.5120,4.8111), (+0.5120,4.7988), (+0.5120,4.7864), (+0.5120,4.7741), (+0.5120,4.7618), (+0.5125,4.7494), (+0.5099,4.7371), (+0.5061,4.7247), (+0.5058,4.7124), (+0.5058,4.7001), (+0.5058,4.6877), (+0.5058,4.6754), (+0.5058,4.6631), (+0.5064,4.6507), (+0.5037,4.6384), (+0.4999,4.6261), (+0.4996,4.6137), (+0.4996,4.6014), (+0.4996,4.5891), (+0.4996,4.5767), (+0.4996,4.5644), (+0.4993,4.5520), (+0.4955,4.5397), (+0.4929,4.5274), (+0.4934,4.5150), (+0.4934,4.5027), (+0.4934,4.4904), (+0.4940,4.4780), (+0.4914,4.4657), (+0.4876,4.4534), (+0.4873,4.4410), (+0.4873,4.4287), (+0.4873,4.4163), (+0.4879,4.4040), (+0.4852,4.3917), (+0.4814,4.3793), (+0.4811,4.3670), (+0.4811,4.3547), (+0.4811,4.3423), (+0.4808,4.3300), (+0.4770,4.3177), (+0.4744,4.3053), (+0.4749,4.2930), (+0.4749,4.2806), (+0.4755,4.2683), (+0.4729,4.2560), (+0.4691,4.2436), (+0.4688,4.2313), (+0.4688,4.2190), (+0.4694,4.2066), (+0.4667,4.1943), (+0.4629,4.1820), (+0.4626,4.1696), (+0.4626,4.1573), (+0.4626,4.1449), (+0.4623,4.1326), (+0.4585,4.1203), (+0.4559,4.1079), (+0.4564,4.0956), (+0.4564,4.0833), (+0.4561,4.0709), (+0.4523,4.0586), (+0.4497,4.0463), (+0.4503,4.0339), (+0.4503,4.0216), (+0.4500,4.0093), (+0.4462,3.9969), (+0.4435,3.9846), (+0.4441,3.9722), (+0.4441,3.9599), (+0.4438,3.9476), (+0.4400,3.9352), (+0.4373,3.9229), (+0.4379,3.9106), (+0.4379,3.8982), (+0.4376,3.8859), (+0.4338,3.8736), (+0.4312,3.8612), (+0.4318,3.8489), (+0.4318,3.8365), (+0.4315,3.8242), (+0.4277,3.8119), (+0.4250,3.7995), (+0.4256,3.7872), (+0.4256,3.7749), (+0.4256,3.7625), (+0.4253,3.7502), (+0.4221,3.7379), (+0.4168,3.7255), (+0.4133,3.7132), (+0.4089,3.7008), (+0.4021,3.6885), (+0.3965,3.6750), (+0.3880,3.6674), (+0.3824,3.6750), (+0.3865,3.6885), (+0.3892,3.7008), (+0.3886,3.7132), (+0.3886,3.7255), (+0.3886,3.7379), (+0.3886,3.7508), (+0.3886,3.7508), (+0.3886,3.7379), (+0.3886,3.7255), (+0.3886,3.7132), (+0.3892,3.7008), (+0.3865,3.6885), (+0.3827,3.6762), (+0.3824,3.6638), (+0.3830,3.6515), (+0.3807,3.6386), (+0.3807,3.6386), (+0.3827,3.6515), (+0.3880,3.6638), (+0.3965,3.6762), (+0.4021,3.6885), (+0.4089,3.7008), (+0.4133,3.7132), (+0.4168,3.7255), (+0.4218,3.7379), (+0.4312,3.7502), (+0.4441,3.7625), (+0.4564,3.7749), (+0.4688,3.7872), (+0.4811,3.7992), (+0.4934,3.8075), (+0.5058,3.8130), (+0.5181,3.8192), (+0.5305,3.8254), (+0.5428,3.8321), (+0.5551,3.8365), (+0.5675,3.8407), (+0.5798,3.8436), (+0.5921,3.8468), (+0.6045,3.8495), (+0.6168,3.8483), (+0.6291,3.8509), (+0.6415,3.8548), (+0.6538,3.8551), (+0.6662,3.8551), (+0.6785,3.8551), (+0.6908,3.8551), (+0.7032,3.8551), (+0.7155,3.8556), (+0.7281,3.8533), (+0.7343,3.8433), (+0.7343,3.8298), (+0.7281,3.8198), (+0.7155,3.8175), (+0.7032,3.8180), (+0.6908,3.8180), (+0.6785,3.8180), (+0.6662,3.8180), (+0.6538,3.8180), (+0.6415,3.8180), (+0.6291,3.8180), (+0.6168,3.8177), (+0.6045,3.8139), (+0.5921,3.8119), (+0.5798,3.8098), (+0.5675,3.8057), (+0.5551,3.8022), (+0.5428,3.7975), (+0.5305,3.7922), (+0.5184,3.7857), (+0.5099,3.7752), (+0.4996,3.7687), (+0.4893,3.7628), (+0.4808,3.7502), (+0.4688,3.7379), (+0.4567,3.7255), (+0.4476,3.7132), (+0.4400,3.7008), (+0.4329,3.6885), (+0.4277,3.6762), (+0.4235,3.6638), (+0.4177,3.6515), (+0.4133,3.6392), (+0.4097,3.6268), (+0.4047,3.6142), (+0.3953,3.6080), (+0.3824,3.6077), (+0.3695,3.6101), (+0.3595,3.6201), (+0.3575,3.6330), (+0.3619,3.6453), (+0.3648,3.6583), (+0.3580,3.6682), (+0.3454,3.6706), (+0.3331,3.6694), (+0.3202,3.6724), (+0.3099,3.6700), (+0.3037,3.6577), (+0.3016,3.6453), (+0.3028,3.6330), (+0.3005,3.6204), (+0.2905,3.6145), (+0.2776,3.6186), (+0.2652,3.6213), (+0.2529,3.6207), (+0.2406,3.6207), (+0.2282,3.6207), (+0.2159,3.6207), (+0.2035,3.6207), (+0.1912,3.6207), (+0.1789,3.6207), (+0.1665,3.6207), (+0.1542,3.6207), (+0.1419,3.6201), (+0.1295,3.6227), (+0.1172,3.6265), (+0.1049,3.6271), (+0.0925,3.6309), (+0.0802,3.6336), (+0.0678,3.6330), (+0.0555,3.6330), (+0.0432,3.6330), (+0.0303,3.6330), (+0.0303,3.6330), (+0.0432,3.6330), (+0.0555,3.6330), (+0.0678,3.6330), (+0.0802,3.6336), (+0.0925,3.6309), (+0.1049,3.6271), (+0.1178,3.6271), (+0.1278,3.6210), (+0.1301,3.6083), (+0.1301,3.5960), (+0.1278,3.5828), (+0.1178,3.5790), (+0.1046,3.5892), (+0.0984,3.6033), (+0.0990,3.6104), (+0.0928,3.6051), (+0.0802,3.6016), (+0.0678,3.6022), (+0.0555,3.6022), (+0.0432,3.6022), (+0.0303,3.6022), (+0.0303,3.6022), (+0.0432,3.6022), (+0.0555,3.6022), (+0.0678,3.6022), (+0.0802,3.6027), (+0.0925,3.6004), (+0.1054,3.5904), (+0.1154,3.5775), (+0.1178,3.5652), (+0.1172,3.5528), (+0.1172,3.5405), (+0.1172,3.5281), (+0.1172,3.5158), (+0.1175,3.5029), (+0.1113,3.4929), (+0.0987,3.4903), (+0.0864,3.4870), (+0.0740,3.4838), (+0.0617,3.4867), (+0.0488,3.4967), (+0.0488,3.5105), (+0.0617,3.5140), (+0.0740,3.5099), (+0.0875,3.5096), (+0.0946,3.5093), (+0.0893,3.5155), (+0.0858,3.5281), (+0.0864,3.5405), (+0.0869,3.5528), (+0.0846,3.5657), (+0.0746,3.5757), (+0.0617,3.5781), (+0.0493,3.5775), (+0.0358,3.5775), (+0.0282,3.5775), (+0.0358,3.5775), (+0.0493,3.5775), (+0.0617,3.5781), (+0.0746,3.5757), (+0.0849,3.5652), (+0.0811,3.5546), (+0.0678,3.5522), (+0.0555,3.5528), (+0.0432,3.5528), (+0.0303,3.5528), (+0.0303,3.5528), (+0.0432,3.5528), (+0.0555,3.5528), (+0.0678,3.5534), (+0.0805,3.5511), (+0.0866,3.5411), (+0.0869,3.5281), (+0.0846,3.5155), (+0.0746,3.5096), (+0.0617,3.5140), (+0.0496,3.5105), (+0.0405,3.4973), (+0.0432,3.4841), (+0.0555,3.4806), (+0.0678,3.4853), (+0.0805,3.4832), (+0.0866,3.4732), (+0.0866,3.4597), (+0.0805,3.4497), (+0.0678,3.4474), (+0.0555,3.4480), (+0.0432,3.4480), (+0.0303,3.4480), (+0.0303,3.4480), (+0.0432,3.4480), (+0.0555,3.4480), (+0.0678,3.4485), (+0.0805,3.4462), (+0.0869,3.4356), (+0.0805,3.4248), (+0.0678,3.4186), (+0.0555,3.4165), (+0.0432,3.4171), (+0.0303,3.4171), (+0.0303,3.4171), (+0.0432,3.4171), (+0.0555,3.4165), (+0.0678,3.4186), (+0.0805,3.4248), (+0.0866,3.4350), (+0.0864,3.4480), (+0.0864,3.4603), (+0.0858,3.4726), (+0.0881,3.4853), (+0.0981,3.4920), (+0.1113,3.4894), (+0.1175,3.4794), (+0.1172,3.4665), (+0.1172,3.4541), (+0.1172,3.4418), (+0.1178,3.4295), (+0.1154,3.4171), (+0.1054,3.4042), (+0.0925,3.3942), (+0.0802,3.3919), (+0.0678,3.3924), (+0.0555,3.3924), (+0.0432,3.3924), (+0.0303,3.3924), (+0.0303,3.3924), (+0.0432,3.3924), (+0.0555,3.3924), (+0.0678,3.3924), (+0.0802,3.3930), (+0.0928,3.3907), (+0.0990,3.3807), (+0.0987,3.3678), (+0.0987,3.3554), (+0.0987,3.3431), (+0.0987,3.3308), (+0.0987,3.3184), (+0.0987,3.3061), (+0.0987,3.2938), (+0.0987,3.2814), (+0.0987,3.2691), (+0.0987,3.2567), (+0.0987,3.2444), (+0.0987,3.2321), (+0.0987,3.2197), (+0.0987,3.2074), (+0.0987,3.1951), (+0.0987,3.1827), (+0.0987,3.1704), (+0.0987,3.1581), (+0.0987,3.1457), (+0.0987,3.1334), (+0.0987,3.1210), (+0.0987,3.1087), (+0.0987,3.0964), (+0.0987,3.0840), (+0.0987,3.0717), (+0.0987,3.0594), (+0.0987,3.0470), (+0.0987,3.0347), (+0.0987,3.0224), (+0.0987,3.0100), (+0.0987,2.9977), (+0.0987,2.9854), (+0.0987,2.9730), (+0.0987,2.9607), (+0.0987,2.9483), (+0.0987,2.9360), (+0.0987,2.9237), (+0.0987,2.9113), (+0.0987,2.8990), (+0.0987,2.8867), (+0.0987,2.8743), (+0.0987,2.8620), (+0.0987,2.8497), (+0.0987,2.8373), (+0.0987,2.8250), (+0.0987,2.8126), (+0.0987,2.8003), (+0.0987,2.7880), (+0.0987,2.7756), (+0.0987,2.7633), (+0.0987,2.7510), (+0.0987,2.7386), (+0.0987,2.7263), (+0.0987,2.7140), (+0.0987,2.7016), (+0.0987,2.6893), (+0.0987,2.6769), (+0.0987,2.6646), (+0.0987,2.6523), (+0.0987,2.6399), (+0.0987,2.6276), (+0.0987,2.6153), (+0.0987,2.6029), (+0.0987,2.5906), (+0.0987,2.5783), (+0.0987,2.5659), (+0.0987,2.5536), (+0.0987,2.5412), (+0.0987,2.5289), (+0.0987,2.5166), (+0.0987,2.5042), (+0.0987,2.4919), (+0.0987,2.4796), (+0.0987,2.4672), (+0.0987,2.4549), (+0.0987,2.4426), (+0.0987,2.4302), (+0.0987,2.4179), (+0.0987,2.4056), (+0.0987,2.3932), (+0.0987,2.3809), (+0.0987,2.3685), (+0.0987,2.3562), (+0.0987,2.3439), (+0.0987,2.3315), (+0.0987,2.3192), (+0.0987,2.3069), (+0.0987,2.2945), (+0.0987,2.2822), (+0.0987,2.2699), (+0.0987,2.2575), (+0.0987,2.2452), (+0.0987,2.2328), (+0.0987,2.2205), (+0.0987,2.2082), (+0.0987,2.1958), (+0.0987,2.1835), (+0.0987,2.1712), (+0.0987,2.1588), (+0.0987,2.1465), (+0.0987,2.1342), (+0.0987,2.1218), (+0.0987,2.1095), (+0.0987,2.0971), (+0.0987,2.0848), (+0.0987,2.0725), (+0.0987,2.0601), (+0.0987,2.0478), (+0.0987,2.0355), (+0.0987,2.0231), (+0.0987,2.0108), (+0.0987,1.9985), (+0.0987,1.9861), (+0.0987,1.9738), (+0.0987,1.9614), (+0.0987,1.9491), (+0.0987,1.9368), (+0.0987,1.9244), (+0.0987,1.9121), (+0.0987,1.8998), (+0.0987,1.8874), (+0.0987,1.8751), (+0.0987,1.8628), (+0.0987,1.8504), (+0.0987,1.8381), (+0.0987,1.8258), (+0.0987,1.8134), (+0.0987,1.8011), (+0.0987,1.7887), (+0.0987,1.7764), (+0.0987,1.7641), (+0.0987,1.7517), (+0.0987,1.7394), (+0.0987,1.7271), (+0.0987,1.7147), (+0.0987,1.7024), (+0.0987,1.6901), (+0.0987,1.6777), (+0.0987,1.6654), (+0.0987,1.6530), (+0.0987,1.6407), (+0.0987,1.6284), (+0.0987,1.6160), (+0.0987,1.6037), (+0.0987,1.5902), (+0.0987,1.5826), (+0.0987,1.5902), (+0.0987,1.6037), (+0.0987,1.6160), (+0.0987,1.6284), (+0.0987,1.6407), (+0.0987,1.6530), (+0.0987,1.6654), (+0.0987,1.6777), (+0.0987,1.6901), (+0.0987,1.7024), (+0.0987,1.7147), (+0.0987,1.7271), (+0.0987,1.7394), (+0.0987,1.7517), (+0.0987,1.7641), (+0.0987,1.7764), (+0.0987,1.7887), (+0.0987,1.8011), (+0.0987,1.8134), (+0.0987,1.8258), (+0.0987,1.8381), (+0.0987,1.8504), (+0.0987,1.8628), (+0.0987,1.8751), (+0.0987,1.8874), (+0.0987,1.8998), (+0.0987,1.9121), (+0.0987,1.9244), (+0.0987,1.9368), (+0.0987,1.9491), (+0.0987,1.9614), (+0.0987,1.9738), (+0.0987,1.9861), (+0.0987,1.9985), (+0.0987,2.0108), (+0.0987,2.0231), (+0.0987,2.0355), (+0.0987,2.0478), (+0.0987,2.0601), (+0.0987,2.0725), (+0.0987,2.0848), (+0.0987,2.0971), (+0.0987,2.1095), (+0.0987,2.1218), (+0.0987,2.1342), (+0.0987,2.1465), (+0.0987,2.1588), (+0.0987,2.1712), (+0.0987,2.1835), (+0.0987,2.1958), (+0.0987,2.2082), (+0.0987,2.2205), (+0.0987,2.2328), (+0.0987,2.2452), (+0.0987,2.2575), (+0.0987,2.2699), (+0.0987,2.2822), (+0.0987,2.2945), (+0.0987,2.3069), (+0.0987,2.3192), (+0.0987,2.3315), (+0.0987,2.3439), (+0.0987,2.3562), (+0.0987,2.3685), (+0.0987,2.3809), (+0.0987,2.3932), (+0.0987,2.4056), (+0.0987,2.4179), (+0.0987,2.4302), (+0.0987,2.4426), (+0.0987,2.4549), (+0.0987,2.4672), (+0.0987,2.4796), (+0.0987,2.4919), (+0.0987,2.5042), (+0.0987,2.5166), (+0.0987,2.5289), (+0.0987,2.5412), (+0.0987,2.5536), (+0.0987,2.5659), (+0.0987,2.5783), (+0.0987,2.5906), (+0.0987,2.6029), (+0.0987,2.6153), (+0.0987,2.6276), (+0.0987,2.6399), (+0.0987,2.6523), (+0.0987,2.6646), (+0.0987,2.6769), (+0.0987,2.6893), (+0.0987,2.7016), (+0.0987,2.7140), (+0.0987,2.7263), (+0.0987,2.7386), (+0.0987,2.7510), (+0.0987,2.7633), (+0.0987,2.7756), (+0.0987,2.7880), (+0.0987,2.8003), (+0.0987,2.8126), (+0.0987,2.8250), (+0.0987,2.8373), (+0.0987,2.8497), (+0.0987,2.8620), (+0.0987,2.8743), (+0.0987,2.8867), (+0.0987,2.8990), (+0.0987,2.9113), (+0.0987,2.9237), (+0.0987,2.9360), (+0.0987,2.9483), (+0.0987,2.9607), (+0.0987,2.9730), (+0.0987,2.9854), (+0.0987,2.9977), (+0.0987,3.0100), (+0.0987,3.0224), (+0.0987,3.0347), (+0.0987,3.0470), (+0.0987,3.0594), (+0.0987,3.0717), (+0.0987,3.0840), (+0.0987,3.0964), (+0.0987,3.1087), (+0.0987,3.1210), (+0.0987,3.1334), (+0.0987,3.1457), (+0.0987,3.1581), (+0.0987,3.1704), (+0.0987,3.1827), (+0.0987,3.1951), (+0.0987,3.2074), (+0.0987,3.2197), (+0.0987,3.2321), (+0.0987,3.2444), (+0.0987,3.2567), (+0.0987,3.2691), (+0.0987,3.2814), (+0.0987,3.2938), (+0.0987,3.3061), (+0.0987,3.3184), (+0.0987,3.3308), (+0.0987,3.3431), (+0.0987,3.3554), (+0.0987,3.3678), (+0.0987,3.3801), (+0.0984,3.3930), (+0.1046,3.4030), (+0.1178,3.4057), (+0.1278,3.3989), (+0.1301,3.3863), (+0.1295,3.3739), (+0.1295,3.3616), (+0.1295,3.3493), (+0.1295,3.3369), (+0.1295,3.3246), (+0.1295,3.3123), (+0.1295,3.2999), (+0.1295,3.2876), (+0.1295,3.2753), (+0.1295,3.2629), (+0.1295,3.2506), (+0.1295,3.2382), (+0.1295,3.2259), (+0.1295,3.2136), (+0.1295,3.2012), (+0.1295,3.1889), (+0.1295,3.1766), (+0.1295,3.1642), (+0.1295,3.1519), (+0.1295,3.1396), (+0.1295,3.1272), (+0.1295,3.1149), (+0.1295,3.1025), (+0.1295,3.0902), (+0.1295,3.0779), (+0.1295,3.0655), (+0.1295,3.0532), (+0.1295,3.0409), (+0.1295,3.0285), (+0.1295,3.0162), (+0.1295,3.0039), (+0.1295,2.9915), (+0.1295,2.9792), (+0.1295,2.9668), (+0.1295,2.9545), (+0.1295,2.9422), (+0.1295,2.9298), (+0.1295,2.9175), (+0.1295,2.9052), (+0.1295,2.8928), (+0.1295,2.8805), (+0.1295,2.8682), (+0.1295,2.8558), (+0.1295,2.8435), (+0.1295,2.8311), (+0.1295,2.8188), (+0.1295,2.8065), (+0.1295,2.7941), (+0.1295,2.7818), (+0.1295,2.7695), (+0.1295,2.7571), (+0.1295,2.7448), (+0.1295,2.7325), (+0.1295,2.7201), (+0.1295,2.7078), (+0.1295,2.6955), (+0.1295,2.6831), (+0.1295,2.6708), (+0.1295,2.6584), (+0.1295,2.6461), (+0.1295,2.6338), (+0.1295,2.6214), (+0.1295,2.6091), (+0.1295,2.5968), (+0.1295,2.5844), (+0.1295,2.5721), (+0.1295,2.5598), (+0.1295,2.5474), (+0.1295,2.5351), (+0.1295,2.5227), (+0.1295,2.5104), (+0.1295,2.4981), (+0.1295,2.4857), (+0.1295,2.4734), (+0.1295,2.4611), (+0.1295,2.4487), (+0.1295,2.4364), (+0.1295,2.4241), (+0.1295,2.4117), (+0.1295,2.3994), (+0.1295,2.3870), (+0.1295,2.3747), (+0.1295,2.3624), (+0.1295,2.3500), (+0.1295,2.3377), (+0.1295,2.3254), (+0.1295,2.3130), (+0.1295,2.3007), (+0.1295,2.2884), (+0.1295,2.2760), (+0.1295,2.2637), (+0.1295,2.2513), (+0.1295,2.2390), (+0.1295,2.2267), (+0.1295,2.2143), (+0.1295,2.2020), (+0.1295,2.1897), (+0.1295,2.1773), (+0.1295,2.1650), (+0.1295,2.1527), (+0.1295,2.1403), (+0.1295,2.1280), (+0.1295,2.1157), (+0.1295,2.1033), (+0.1295,2.0910), (+0.1295,2.0786), (+0.1295,2.0663), (+0.1295,2.0540), (+0.1295,2.0416), (+0.1295,2.0293), (+0.1295,2.0170), (+0.1295,2.0046), (+0.1295,1.9923), (+0.1295,1.9800), (+0.1295,1.9676), (+0.1295,1.9553), (+0.1295,1.9429), (+0.1295,1.9306), (+0.1295,1.9183), (+0.1295,1.9059), (+0.1295,1.8936), (+0.1295,1.8813), (+0.1295,1.8689), (+0.1295,1.8566), (+0.1295,1.8443), (+0.1295,1.8319), (+0.1295,1.8196), (+0.1295,1.8072), (+0.1295,1.7949), (+0.1295,1.7826), (+0.1295,1.7702), (+0.1295,1.7579), (+0.1295,1.7456), (+0.1295,1.7332), (+0.1295,1.7209), (+0.1295,1.7086), (+0.1295,1.6962), (+0.1295,1.6839), (+0.1295,1.6715), (+0.1295,1.6592), (+0.1295,1.6469), (+0.1295,1.6345), (+0.1295,1.6222), (+0.1295,1.6099), (+0.1289,1.5975), (+0.1319,1.5852), (+0.1292,1.5729), (+0.1231,1.5605), (+0.1234,1.5482), (+0.1239,1.5359), (+0.1219,1.5235), (+0.1154,1.5100), (+0.1116,1.5024), (+0.1148,1.5106), (+0.1237,1.5218), (+0.1357,1.5247), (+0.1480,1.5215), (+0.1604,1.5179), (+0.1727,1.5218), (+0.1853,1.5182), (+0.1915,1.5050), (+0.1918,1.4927), (+0.1894,1.4800), (+0.1789,1.4739), (+0.1783,1.4745), (+0.1912,1.4677), (+0.2035,1.4580), (+0.2159,1.4536), (+0.2282,1.4483), (+0.2406,1.4419), (+0.2532,1.4316), (+0.2594,1.4187), (+0.2588,1.4063), (+0.2547,1.3940), (+0.2488,1.3816), (+0.2447,1.3693), (+0.2388,1.3570), (+0.2344,1.3446), (+0.2300,1.3323), (+0.2238,1.3194), (+0.2156,1.3088), (+0.2035,1.3088), (+0.1912,1.3088), (+0.1789,1.3085), (+0.1665,1.3156), (+0.1542,1.3200), (+0.1419,1.3241), (+0.1284,1.3267), (+0.1207,1.3261), (+0.1284,1.3267), (+0.1419,1.3241), (+0.1542,1.3200), (+0.1665,1.3156), (+0.1789,1.3094), (+0.1912,1.3006), (+0.2035,1.2906), (+0.2159,1.2847), (+0.2282,1.2765), (+0.2411,1.2645), (+0.2514,1.2521), (+0.2582,1.2398), (+0.2579,1.2272), (+0.2473,1.2213), (+0.2344,1.2257), (+0.2221,1.2324), (+0.2097,1.2386), (+0.1974,1.2439), (+0.1850,1.2486), (+0.1727,1.2521), (+0.1604,1.2565), (+0.1480,1.2630), (+0.1357,1.2653), (+0.1234,1.2680), (+0.1110,1.2733), (+0.0987,1.2765), (+0.0864,1.2771), (+0.0740,1.2809), (+0.0617,1.2835), (+0.0493,1.2830), (+0.0358,1.2830), (+0.0282,1.2830), (+0.0358,1.2830), (+0.0493,1.2830), (+0.0617,1.2835), (+0.0740,1.2809), (+0.0864,1.2771), (+0.0987,1.2765), (+0.1110,1.2733), (+0.1234,1.2680), (+0.1357,1.2653), (+0.1480,1.2630), (+0.1604,1.2565), (+0.1727,1.2521), (+0.1850,1.2486), (+0.1974,1.2439), (+0.2097,1.2386), (+0.2221,1.2324), (+0.2344,1.2257), (+0.2467,1.2222), (+0.2591,1.2195), (+0.2714,1.2098)
  stroke[284] ( 44 pts): (+0.2961,1.1543), (+0.2837,1.1636), (+0.2714,1.1708), (+0.2591,1.1763), (+0.2467,1.1843), (+0.2344,1.1928), (+0.2221,1.1966), (+0.2097,1.2010), (+0.1974,1.2078), (+0.1850,1.2131), (+0.1727,1.2172), (+0.1604,1.2230), (+0.1480,1.2266), (+0.1357,1.2295), (+0.1234,1.2336), (+0.1110,1.2377), (+0.0987,1.2407), (+0.0864,1.2439), (+0.0740,1.2465), (+0.0617,1.2462), (+0.0493,1.2501), (+0.0358,1.2527), (+0.0282,1.2521), (+0.0358,1.2527), (+0.0493,1.2501), (+0.0617,1.2462), (+0.0740,1.2465), (+0.0864,1.2439), (+0.0987,1.2407), (+0.1110,1.2377), (+0.1234,1.2336), (+0.1357,1.2295), (+0.1480,1.2266), (+0.1604,1.2230), (+0.1727,1.2172), (+0.1850,1.2131), (+0.1974,1.2078), (+0.2097,1.2010), (+0.2221,1.1966), (+0.2344,1.1928), (+0.2467,1.1843), (+0.2591,1.1763), (+0.2714,1.1708), (+0.2837,1.1640)
  stroke[285] ( 23 pts): (+0.1542,1.0157), (+0.1419,1.0129), (+0.1295,1.0157), (+0.1172,1.0177), (+0.1049,1.0198), (+0.0925,1.0236), (+0.0802,1.0233), (+0.0678,1.0260), (+0.0549,1.0295), (+0.0446,1.0359), (+0.0382,1.0486), (+0.0317,1.0609), (+0.0320,1.0735), (+0.0426,1.0803), (+0.0555,1.0774), (+0.0678,1.0732), (+0.0802,1.0688), (+0.0925,1.0621), (+0.1049,1.0559), (+0.1172,1.0497), (+0.1295,1.0436), (+0.1425,1.0380), (+0.1520,1.0296)
  stroke[286] ( 23 pts): (+0.1491,1.0113), (+0.1542,1.0243), (+0.1483,1.0348), (+0.1357,1.0412), (+0.1234,1.0474), (+0.1110,1.0536), (+0.0987,1.0597), (+0.0864,1.0659), (+0.0740,1.0712), (+0.0617,1.0759), (+0.0493,1.0797), (+0.0367,1.0777), (+0.0308,1.0677), (+0.0352,1.0547), (+0.0414,1.0418), (+0.0496,1.0324), (+0.0617,1.0274), (+0.0740,1.0242), (+0.0864,1.0245), (+0.0987,1.0218), (+0.1110,1.0180), (+0.1234,1.0174), (+0.1357,1.0138)
  stroke[287] (  8 pts): (+0.3207,0.9239), (+0.3084,0.9195), (+0.2961,0.9234), (+0.2826,0.9296), (+0.2749,0.9381), (+0.2826,0.9437), (+0.2961,0.9393), (+0.3084,0.9336)
  stroke[288] ( 63 pts): (+0.4318,0.6271), (+0.4194,0.6243), (+0.4071,0.6271), (+0.3948,0.6297), (+0.3824,0.6291), (+0.3701,0.6291), (+0.3577,0.6291), (+0.3454,0.6286), (+0.3334,0.6309), (+0.3246,0.6409), (+0.3207,0.6538), (+0.3166,0.6662), (+0.3140,0.6785), (+0.3152,0.6908), (+0.3125,0.7032), (+0.3087,0.7155), (+0.3084,0.7278), (+0.3081,0.7402), (+0.3049,0.7525), (+0.2996,0.7648), (+0.2961,0.7772), (+0.2922,0.7895), (+0.2837,0.8019), (+0.2755,0.8142), (+0.2658,0.8265), (+0.2529,0.8389), (+0.2406,0.8512), (+0.2282,0.8635), (+0.2156,0.8759), (+0.2091,0.8882), (+0.2056,0.9005), (+0.2027,0.9135), (+0.2094,0.9234), (+0.2221,0.9255), (+0.2344,0.9208), (+0.2467,0.9149), (+0.2591,0.9102), (+0.2714,0.9067), (+0.2837,0.9023), (+0.2961,0.8955), (+0.3084,0.8894), (+0.3207,0.8832), (+0.3331,0.8776), (+0.3454,0.8697), (+0.3577,0.8615), (+0.3707,0.8518), (+0.3804,0.8389), (+0.3895,0.8265), (+0.3995,0.8142), (+0.4059,0.8019), (+0.4112,0.7895), (+0.4159,0.7772), (+0.4185,0.7648), (+0.4215,0.7525), (+0.4253,0.7402), (+0.4250,0.7278), (+0.4277,0.7155), (+0.4315,0.7032), (+0.4318,0.6908), (+0.4318,0.6785), (+0.4318,0.6662), (+0.4318,0.6538), (+0.4318,0.6415)
  stroke[289] (216 pts): (+0.0864,0.5073), (+0.0987,0.5115), (+0.1110,0.5120), (+0.1234,0.5120), (+0.1357,0.5120), (+0.1480,0.5120), (+0.1604,0.5120), (+0.1727,0.5120), (+0.1850,0.5122), (+0.1974,0.5161), (+0.2097,0.5187), (+0.2221,0.5181), (+0.2344,0.5181), (+0.2467,0.5184), (+0.2591,0.5222), (+0.2714,0.5249), (+0.2837,0.5243), (+0.2961,0.5246), (+0.3084,0.5284), (+0.3207,0.5310), (+0.3331,0.5307), (+0.3454,0.5346), (+0.3577,0.5375), (+0.3701,0.5401), (+0.3824,0.5448), (+0.3948,0.5504), (+0.4077,0.5607), (+0.4180,0.5736), (+0.4235,0.5860), (+0.4282,0.5983), (+0.4315,0.6106), (+0.4318,0.6230), (+0.4318,0.6353), (+0.4318,0.6476), (+0.4318,0.6600), (+0.4318,0.6723), (+0.4318,0.6847), (+0.4324,0.6970), (+0.4297,0.7093), (+0.4259,0.7217), (+0.4262,0.7340), (+0.4235,0.7463), (+0.4203,0.7587), (+0.4174,0.7710), (+0.4133,0.7833), (+0.4089,0.7957), (+0.4027,0.8080), (+0.3939,0.8204), (+0.3845,0.8327), (+0.3760,0.8450), (+0.3639,0.8571), (+0.3516,0.8662), (+0.3392,0.8738), (+0.3269,0.8809), (+0.3146,0.8870), (+0.3022,0.8932), (+0.2899,0.8994), (+0.2776,0.9047), (+0.2652,0.9094), (+0.2529,0.9129), (+0.2406,0.9173), (+0.2282,0.9237), (+0.2159,0.9252), (+0.2035,0.9276), (+0.1912,0.9352), (+0.1789,0.9375), (+0.1665,0.9396), (+0.1542,0.9434), (+0.1419,0.9440), (+0.1295,0.9478), (+0.1172,0.9505), (+0.1049,0.9502), (+0.0925,0.9540), (+0.0802,0.9566), (+0.0678,0.9561), (+0.0555,0.9561), (+0.0432,0.9561), (+0.0303,0.9561), (+0.0303,0.9561), (+0.0432,0.9561), (+0.0555,0.9561), (+0.0678,0.9561), (+0.0802,0.9566), (+0.0925,0.9540), (+0.1049,0.9502), (+0.1172,0.9505), (+0.1295,0.9478), (+0.1419,0.9440), (+0.1542,0.9434), (+0.1665,0.9396), (+0.1789,0.9375), (+0.1918,0.9358), (+0.2018,0.9258), (+0.2035,0.9129), (+0.2056,0.9005), (+0.2091,0.8882), (+0.2156,0.8759), (+0.2282,0.8635), (+0.2406,0.8512), (+0.2529,0.8389), (+0.2658,0.8265), (+0.2755,0.8142), (+0.2837,0.8019), (+0.2922,0.7895), (+0.2961,0.7772), (+0.2996,0.7648), (+0.3049,0.7525), (+0.3081,0.7402), (+0.3084,0.7278), (+0.3087,0.7155), (+0.3125,0.7032), (+0.3152,0.6908), (+0.3140,0.6785), (+0.3166,0.6662), (+0.3207,0.6538), (+0.3257,0.6415), (+0.3298,0.6291), (+0.3222,0.6168), (+0.3125,0.6045), (+0.3028,0.5924), (+0.2899,0.5842), (+0.2776,0.5780), (+0.2652,0.5736), (+0.2529,0.5701), (+0.2406,0.5648), (+0.2282,0.5616), (+0.2159,0.5610), (+0.2035,0.5572), (+0.1912,0.5545), (+0.1789,0.5551), (+0.1665,0.5548), (+0.1542,0.5510), (+0.1419,0.5484), (+0.1295,0.5490), (+0.1172,0.5490), (+0.1049,0.5490), (+0.0925,0.5487), (+0.0802,0.5448), (+0.0678,0.5422), (+0.0555,0.5428), (+0.0432,0.5428), (+0.0303,0.5428), (+0.0303,0.5428), (+0.0432,0.5428), (+0.0555,0.5428), (+0.0678,0.5422), (+0.0802,0.5448), (+0.0925,0.5487), (+0.1049,0.5490), (+0.1172,0.5490), (+0.1295,0.5490), (+0.1419,0.5484), (+0.1542,0.5510), (+0.1665,0.5548), (+0.1789,0.5551), (+0.1912,0.5545), (+0.2035,0.5572), (+0.2159,0.5610), (+0.2282,0.5616), (+0.2406,0.5648), (+0.2529,0.5701), (+0.2652,0.5736), (+0.2776,0.5780), (+0.2899,0.5842), (+0.3028,0.5924), (+0.3125,0.6045), (+0.3210,0.6174), (+0.3331,0.6274), (+0.3454,0.6297), (+0.3577,0.6291), (+0.3701,0.6291), (+0.3824,0.6291), (+0.3948,0.6297), (+0.4071,0.6271), (+0.4200,0.6236), (+0.4306,0.6171), (+0.4303,0.6045), (+0.4256,0.5921), (+0.4218,0.5798), (+0.4130,0.5675), (+0.4009,0.5554), (+0.3886,0.5466), (+0.3763,0.5428), (+0.3639,0.5387), (+0.3516,0.5357), (+0.3392,0.5325), (+0.3269,0.5299), (+0.3146,0.5302), (+0.3022,0.5263), (+0.2899,0.5237), (+0.2776,0.5243), (+0.2652,0.5240), (+0.2529,0.5202), (+0.2406,0.5175), (+0.2282,0.5181), (+0.2159,0.5181), (+0.2035,0.5178), (+0.1912,0.5140), (+0.1789,0.5114), (+0.1665,0.5120), (+0.1542,0.5120), (+0.1419,0.5120), (+0.1295,0.5120), (+0.1172,0.5120), (+0.1049,0.5125), (+0.0925,0.5099), (+0.0802,0.5061), (+0.0678,0.5058), (+0.0555,0.5058), (+0.0432,0.5058), (+0.0303,0.5058), (+0.0303,0.5058), (+0.0432,0.5058), (+0.0555,0.5058), (+0.0678,0.5058), (+0.0802,0.5058)
  stroke[290] (265 pts): (+0.1542,0.4887), (+0.1665,0.4930), (+0.1789,0.4934), (+0.1912,0.4934), (+0.2035,0.4934), (+0.2159,0.4929), (+0.2282,0.4955), (+0.2406,0.4993), (+0.2529,0.4996), (+0.2652,0.4996), (+0.2776,0.4999), (+0.2899,0.5037), (+0.3022,0.5064), (+0.3146,0.5052), (+0.3269,0.5078), (+0.3392,0.5117), (+0.3516,0.5122), (+0.3639,0.5161), (+0.3763,0.5190), (+0.3886,0.5216), (+0.4009,0.5263), (+0.4133,0.5319), (+0.4262,0.5422), (+0.4365,0.5551), (+0.4426,0.5675), (+0.4450,0.5798), (+0.4482,0.5921), (+0.4509,0.6045), (+0.4503,0.6168), (+0.4503,0.6291), (+0.4503,0.6415), (+0.4503,0.6538), (+0.4503,0.6662), (+0.4503,0.6785), (+0.4503,0.6908), (+0.4503,0.7032), (+0.4509,0.7155), (+0.4482,0.7278), (+0.4444,0.7402), (+0.4447,0.7525), (+0.4420,0.7648), (+0.4379,0.7772), (+0.4344,0.7895), (+0.4297,0.8019), (+0.4244,0.8142), (+0.4183,0.8265), (+0.4112,0.8389), (+0.4030,0.8518), (+0.4062,0.8621), (+0.4194,0.8582), (+0.4324,0.8450), (+0.4420,0.8327), (+0.4512,0.8204), (+0.4608,0.8068), (+0.4638,0.7992), (+0.4608,0.8068), (+0.4512,0.8204), (+0.4420,0.8327), (+0.4324,0.8450), (+0.4194,0.8571), (+0.4071,0.8656), (+0.3948,0.8759), (+0.3824,0.8861), (+0.3701,0.8953), (+0.3577,0.9052), (+0.3454,0.9111), (+0.3331,0.9190), (+0.3207,0.9270), (+0.3084,0.9326), (+0.2961,0.9393), (+0.2837,0.9437), (+0.2714,0.9481), (+0.2591,0.9549), (+0.2467,0.9602), (+0.2344,0.9649), (+0.2221,0.9678), (+0.2094,0.9743), (+0.2038,0.9869), (+0.2021,0.9992), (+0.1962,1.0116), (+0.1897,1.0239), (+0.1795,1.0362), (+0.1665,1.0483), (+0.1542,1.0565), (+0.1419,1.0621), (+0.1295,1.0683), (+0.1172,1.0744), (+0.1049,1.0806), (+0.0925,1.0868), (+0.0802,1.0935), (+0.0678,1.0979), (+0.0555,1.1023), (+0.0432,1.1088), (+0.0303,1.1108), (+0.0303,1.1108), (+0.0432,1.1088), (+0.0555,1.1023), (+0.0678,1.0979), (+0.0802,1.0935), (+0.0925,1.0868), (+0.1049,1.0806), (+0.1172,1.0744), (+0.1295,1.0683), (+0.1419,1.0621), (+0.1542,1.0565), (+0.1665,1.0483), (+0.1795,1.0362), (+0.1897,1.0239), (+0.1962,1.0116), (+0.2021,0.9992), (+0.2044,0.9863), (+0.1977,0.9766), (+0.1850,0.9781), (+0.1727,0.9816), (+0.1604,0.9848), (+0.1480,0.9869), (+0.1357,0.9889), (+0.1234,0.9928), (+0.1110,0.9931), (+0.0987,0.9925), (+0.0864,0.9951), (+0.0740,0.9989), (+0.0617,0.9992), (+0.0493,0.9992), (+0.0358,0.9992), (+0.0282,0.9992), (+0.0358,0.9992), (+0.0493,0.9992), (+0.0617,0.9992), (+0.0740,0.9989), (+0.0864,0.9951), (+0.0987,0.9925), (+0.1110,0.9931), (+0.1234,0.9928), (+0.1357,0.9889), (+0.1480,0.9869), (+0.1604,0.9848), (+0.1727,0.9816), (+0.1850,0.9787), (+0.1974,0.9754), (+0.2097,0.9725), (+0.2221,0.9684), (+0.2344,0.9649), (+0.2467,0.9602), (+0.2591,0.9549), (+0.2720,0.9478), (+0.2720,0.9393), (+0.2591,0.9390), (+0.2467,0.9437), (+0.2344,0.9472), (+0.2221,0.9525), (+0.2097,0.9561), (+0.1974,0.9602), (+0.1850,0.9631), (+0.1727,0.9663), (+0.1604,0.9684), (+0.1480,0.9704), (+0.1357,0.9743), (+0.1234,0.9749), (+0.1110,0.9787), (+0.0987,0.9813), (+0.0864,0.9807), (+0.0740,0.9801), (+0.0617,0.9828), (+0.0493,0.9866), (+0.0358,0.9869), (+0.0282,0.9869), (+0.0358,0.9869), (+0.0493,0.9866), (+0.0617,0.9828), (+0.0740,0.9801), (+0.0864,0.9807), (+0.0987,0.9813), (+0.1110,0.9787), (+0.1234,0.9749), (+0.1357,0.9743), (+0.1480,0.9704), (+0.1604,0.9684), (+0.1727,0.9663), (+0.1850,0.9631), (+0.1974,0.9602), (+0.2097,0.9561), (+0.2221,0.9525), (+0.2344,0.9472), (+0.2467,0.9437), (+0.2591,0.9402), (+0.2714,0.9355), (+0.2837,0.9302), (+0.2961,0.9234), (+0.3084,0.9196), (+0.3207,0.9135), (+0.3331,0.9049), (+0.3454,0.8994), (+0.3577,0.8929), (+0.3701,0.8826), (+0.3824,0.8697), (+0.3948,0.8574), (+0.4068,0.8450), (+0.4150,0.8327), (+0.4206,0.8204), (+0.4274,0.8080), (+0.4318,0.7957), (+0.4353,0.7833), (+0.4406,0.7710), (+0.4438,0.7587), (+0.4435,0.7463), (+0.4462,0.7340), (+0.4500,0.7217), (+0.4503,0.7093), (+0.4503,0.6970), (+0.4503,0.6847), (+0.4503,0.6723), (+0.4503,0.6600), (+0.4503,0.6476), (+0.4503,0.6353), (+0.4503,0.6230), (+0.4503,0.6106), (+0.4500,0.5983), (+0.4462,0.5860), (+0.4432,0.5736), (+0.4403,0.5613), (+0.4315,0.5490), (+0.4194,0.5369), (+0.4071,0.5281), (+0.3948,0.5243), (+0.3824,0.5202), (+0.3701,0.5172), (+0.3577,0.5140), (+0.3454,0.5120), (+0.3331,0.5099), (+0.3207,0.5061), (+0.3084,0.5058), (+0.2961,0.5055), (+0.2837,0.5017), (+0.2714,0.4990), (+0.2591,0.4996), (+0.2467,0.5002), (+0.2344,0.4976), (+0.2221,0.4937), (+0.2097,0.4934), (+0.1974,0.4934), (+0.1850,0.4934), (+0.1727,0.4940), (+0.1604,0.4914), (+0.1480,0.4876), (+0.1357,0.4873), (+0.1234,0.4873), (+0.1110,0.4873), (+0.0987,0.4873), (+0.0864,0.4873), (+0.0740,0.4873), (+0.0617,0.4873), (+0.0493,0.4873), (+0.0358,0.4873), (+0.0282,0.4873), (+0.0358,0.4873), (+0.0493,0.4873), (+0.0617,0.4873), (+0.0740,0.4873), (+0.0864,0.4873), (+0.0987,0.4873), (+0.1110,0.4873), (+0.1234,0.4873), (+0.1357,0.4873), (+0.1480,0.4873)
  stroke[291] ( 72 pts): (+0.4688,0.4326), (+0.4564,0.4384), (+0.4441,0.4415), (+0.4318,0.4467), (+0.4194,0.4500), (+0.4071,0.4497), (+0.3948,0.4523), (+0.3824,0.4561), (+0.3701,0.4564), (+0.3577,0.4564), (+0.3454,0.4564), (+0.3331,0.4564), (+0.3207,0.4567), (+0.3084,0.4605), (+0.2961,0.4632), (+0.2837,0.4626), (+0.2714,0.4626), (+0.2591,0.4626), (+0.2467,0.4626), (+0.2344,0.4626), (+0.2221,0.4626), (+0.2097,0.4626), (+0.1974,0.4626), (+0.1850,0.4626), (+0.1727,0.4626), (+0.1604,0.4626), (+0.1480,0.4626), (+0.1357,0.4626), (+0.1234,0.4626), (+0.1110,0.4626), (+0.0987,0.4626), (+0.0864,0.4626), (+0.0740,0.4626), (+0.0617,0.4626), (+0.0493,0.4626), (+0.0358,0.4626), (+0.0282,0.4626), (+0.0358,0.4626), (+0.0493,0.4626), (+0.0617,0.4626), (+0.0740,0.4626), (+0.0864,0.4626), (+0.0987,0.4626), (+0.1110,0.4626), (+0.1234,0.4626), (+0.1357,0.4626), (+0.1480,0.4626), (+0.1604,0.4626), (+0.1727,0.4626), (+0.1850,0.4626), (+0.1974,0.4626), (+0.2097,0.4626), (+0.2221,0.4626), (+0.2344,0.4626), (+0.2467,0.4626), (+0.2591,0.4626), (+0.2714,0.4626), (+0.2837,0.4626), (+0.2961,0.4632), (+0.3084,0.4605), (+0.3207,0.4567), (+0.3331,0.4564), (+0.3454,0.4564), (+0.3577,0.4564), (+0.3701,0.4564), (+0.3824,0.4561), (+0.3948,0.4523), (+0.4071,0.4497), (+0.4194,0.4500), (+0.4318,0.4467), (+0.4441,0.4415), (+0.4564,0.4384)