============================================================
  TACTICAL OPERATOR — FULL CONTOUR
  788 points  (dx = distance from midline, dy = head-units from crown)
============================================================

  idx         dx         dy
─────  ─────────  ─────────
    0    +0.0102     0.0213
    1    +0.0260     0.0127
    2    +0.0455     0.0087
    3    +0.0683     0.0091
    4    +0.0935     0.0132
    5    +0.1201     0.0208
    6    +0.1472     0.0313
    7    +0.1740     0.0445
    8    +0.1998     0.0599
    9    +0.2241     0.0775
   10    +0.2466     0.0972
   11    +0.2671     0.1187
   12    +0.2854     0.1419
   13    +0.3015     0.1666
   14    +0.3155     0.1920
   15    +0.3277     0.2179
   16    +0.3385     0.2440
   17    +0.3482     0.2699
   18    +0.3573     0.2956
   19    +0.3658     0.3211
   20    +0.3740     0.3465
   21    +0.3818     0.3717
   22    +0.3890     0.3970
   23    +0.3957     0.4224
   24    +0.4017     0.4477
   25    +0.4067     0.4731
   26    +0.4107     0.4984
   27    +0.4135     0.5237
   28    +0.4152     0.5491
   29    +0.4157     0.5745
   30    +0.4147     0.6000
   31    +0.4117     0.6255
   32    +0.4068     0.6509
   33    +0.3999     0.6762
   34    +0.3913     0.7013
   35    +0.3809     0.7262
   36    +0.3690     0.7508
   37    +0.3559     0.7754
   38    +0.3425     0.7998
   39    +0.3296     0.8242
   40    +0.3184     0.8484
   41    +0.3099     0.8725
   42    +0.3051     0.8963
   43    +0.3045     0.9200
   44    +0.3077     0.9434
   45    +0.3145     0.9667
   46    +0.3240     0.9901
   47    +0.3356     1.0138
   48    +0.3481     1.0379
   49    +0.3607     1.0622
   50    +0.3729     1.0862
   51    +0.3847     1.1094
   52    +0.3968     1.1311
   53    +0.4099     1.1506
   54    +0.4246     1.1674
   55    +0.4414     1.1811
   56    +0.4608     1.1917
   57    +0.4828     1.1997
   58    +0.5072     1.2060
   59    +0.5333     1.2116
   60    +0.5601     1.2180
   61    +0.5867     1.2263
   62    +0.6126     1.2370
   63    +0.6376     1.2504
   64    +0.6616     1.2664
   65    +0.6849     1.2843
   66    +0.7079     1.3033
   67    +0.7307     1.3225
   68    +0.7535     1.3408
   69    +0.7766     1.3577
   70    +0.8002     1.3728
   71    +0.8245     1.3865
   72    +0.8493     1.3990
   73    +0.8747     1.4112
   74    +0.9004     1.4236
   75    +0.9260     1.4373
   76    +0.9513     1.4526
   77    +0.9757     1.4703
   78    +0.9988     1.4902
   79    +1.0203     1.5123
   80    +1.0402     1.5360
   81    +1.0582     1.5608
   82    +1.0746     1.5863
   83    +1.0895     1.6121
   84    +1.1029     1.6380
   85    +1.1150     1.6639
   86    +1.1260     1.6895
   87    +1.1362     1.7150
   88    +1.1454     1.7403
   89    +1.1538     1.7656
   90    +1.1612     1.7909
   91    +1.1677     1.8163
   92    +1.1732     1.8416
   93    +1.1776     1.8669
   94    +1.1811     1.8923
   95    +1.1837     1.9176
   96    +1.1858     1.9430
   97    +1.1878     1.9683
   98    +1.1900     1.9937
   99    +1.1927     2.0190
  100    +1.1963     2.0444
  101    +1.2011     2.0697
  102    +1.2071     2.0950
  103    +1.2142     2.1204
  104    +1.2220     2.1457
  105    +1.2303     2.1711
  106    +1.2387     2.1964
  107    +1.2465     2.2218
  108    +1.2534     2.2471
  109    +1.2592     2.2724
  110    +1.2641     2.2978
  111    +1.2687     2.3231
  112    +1.2737     2.3485
  113    +1.2797     2.3738
  114    +1.2870     2.3992
  115    +1.2957     2.4245
  116    +1.3054     2.4498
  117    +1.3158     2.4752
  118    +1.3263     2.5005
  119    +1.3370     2.5258
  120    +1.3478     2.5512
  121    +1.3582     2.5765
  122    +1.3682     2.6020
  123    +1.3782     2.6275
  124    +1.3885     2.6530
  125    +1.3993     2.6784
  126    +1.4107     2.7037
  127    +1.4226     2.7287
  128    +1.4346     2.7535
  129    +1.4464     2.7780
  130    +1.4576     2.8023
  131    +1.4678     2.8264
  132    +1.4768     2.8505
  133    +1.4846     2.8746
  134    +1.4913     2.8988
  135    +1.4967     2.9234
  136    +1.5007     2.9482
  137    +1.5033     2.9732
  138    +1.5044     2.9985
  139    +1.5037     3.0239
  140    +1.5013     3.0494
  141    +1.4976     3.0749
  142    +1.4932     3.1003
  143    +1.4889     3.1257
  144    +1.4852     3.1510
  145    +1.4823     3.1763
  146    +1.4804     3.2017
  147    +1.4797     3.2270
  148    +1.4802     3.2524
  149    +1.4814     3.2777
  150    +1.4833     3.3031
  151    +1.4856     3.3284
  152    +1.4876     3.3537
  153    +1.4889     3.3791
  154    +1.4895     3.4046
  155    +1.4897     3.4301
  156    +1.4901     3.4555
  157    +1.4913     3.4809
  158    +1.4936     3.5060
  159    +1.4973     3.5309
  160    +1.5025     3.5555
  161    +1.5093     3.5799
  162    +1.5172     3.6040
  163    +1.5253     3.6281
  164    +1.5331     3.6522
  165    +1.5398     3.6764
  166    +1.5448     3.7008
  167    +1.5478     3.7255
  168    +1.5490     3.7505
  169    +1.5490     3.7757
  170    +1.5483     3.8011
  171    +1.5476     3.8265
  172    +1.5474     3.8520
  173    +1.5482     3.8775
  174    +1.5501     3.9029
  175    +1.5528     3.9282
  176    +1.5561     3.9535
  177    +1.5593     3.9789
  178    +1.5624     4.0042
  179    +1.5653     4.0296
  180    +1.5677     4.0549
  181    +1.5697     4.0803
  182    +1.5710     4.1056
  183    +1.5717     4.1309
  184    +1.5717     4.1562
  185    +1.5709     4.1816
  186    +1.5692     4.2069
  187    +1.5664     4.2324
  188    +1.5621     4.2579
  189    +1.5560     4.2835
  190    +1.5480     4.3094
  191    +1.5378     4.3351
  192    +1.5252     4.3606
  193    +1.5100     4.3855
  194    +1.4924     4.4097
  195    +1.4724     4.4333
  196    +1.4500     4.4561
  197    +1.4255     4.4778
  198    +1.3993     4.4977
  199    +1.3722     4.5152
  200    +1.3449     4.5297
  201    +1.3184     4.5403
  202    +1.2938     4.5459
  203    +1.2723     4.5458
  204    +1.2547     4.5396
  205    +1.2412     4.5274
  206    +1.2316     4.5100
  207    +1.2249     4.4885
  208    +1.2200     4.4647
  209    +1.2153     4.4401
  210    +1.2092     4.4162
  211    +1.2008     4.3939
  212    +1.1897     4.3735
  213    +1.1760     4.3552
  214    +1.1609     4.3382
  215    +1.1460     4.3216
  216    +1.1331     4.3040
  217    +1.1236     4.2847
  218    +1.1180     4.2630
  219    +1.1160     4.2390
  220    +1.1165     4.2131
  221    +1.1180     4.1865
  222    +1.1186     4.1606
  223    +1.1166     4.1374
  224    +1.1106     4.1183
  225    +1.0999     4.1044
  226    +1.0844     4.0965
  227    +1.0643     4.0946
  228    +1.0406     4.0980
  229    +1.0145     4.1061
  230    +0.9875     4.1176
  231    +0.9610     4.1316
  232    +0.9366     4.1472
  233    +0.9156     4.1637
  234    +0.8992     4.1810
  235    +0.8881     4.1991
  236    +0.8824     4.2181
  237    +0.8818     4.2384
  238    +0.8859     4.2601
  239    +0.8936     4.2831
  240    +0.9037     4.3074
  241    +0.9144     4.3326
  242    +0.9246     4.3582
  243    +0.9331     4.3839
  244    +0.9394     4.4094
  245    +0.9432     4.4348
  246    +0.9447     4.4602
  247    +0.9445     4.4856
  248    +0.9434     4.5111
  249    +0.9420     4.5365
  250    +0.9407     4.5618
  251    +0.9400     4.5871
  252    +0.9399     4.6125
  253    +0.9406     4.6378
  254    +0.9420     4.6631
  255    +0.9441     4.6885
  256    +0.9466     4.7138
  257    +0.9492     4.7392
  258    +0.9515     4.7645
  259    +0.9529     4.7899
  260    +0.9532     4.8152
  261    +0.9521     4.8405
  262    +0.9497     4.8659
  263    +0.9458     4.8912
  264    +0.9405     4.9166
  265    +0.9346     4.9419
  266    +0.9286     4.9673
  267    +0.9236     4.9926
  268    +0.9203     5.0180
  269    +0.9190     5.0433
  270    +0.9195     5.0686
  271    +0.9216     5.0940
  272    +0.9247     5.1193
  273    +0.9279     5.1447
  274    +0.9304     5.1700
  275    +0.9318     5.1954
  276    +0.9320     5.2207
  277    +0.9309     5.2460
  278    +0.9289     5.2714
  279    +0.9266     5.2967
  280    +0.9242     5.3221
  281    +0.9222     5.3474
  282    +0.9207     5.3728
  283    +0.9197     5.3981
  284    +0.9192     5.4234
  285    +0.9194     5.4488
  286    +0.9204     5.4741
  287    +0.9221     5.4995
  288    +0.9245     5.5248
  289    +0.9276     5.5502
  290    +0.9313     5.5755
  291    +0.9350     5.6008
  292    +0.9387     5.6262
  293    +0.9418     5.6515
  294    +0.9441     5.6769
  295    +0.9457     5.7022
  296    +0.9468     5.7276
  297    +0.9479     5.7529
  298    +0.9494     5.7782
  299    +0.9519     5.8036
  300    +0.9556     5.8289
  301    +0.9607     5.8543
  302    +0.9669     5.8796
  303    +0.9744     5.9050
  304    +0.9828     5.9303
  305    +0.9918     5.9556
  306    +1.0009     5.9810
  307    +1.0099     6.0063
  308    +1.0183     6.0317
  309    +1.0259     6.0570
  310    +1.0321     6.0824
  311    +1.0365     6.1077
  312    +1.0387     6.1331
  313    +1.0387     6.1584
  314    +1.0362     6.1837
  315    +1.0317     6.2091
  316    +1.0255     6.2344
  317    +1.0186     6.2598
  318    +1.0120     6.2851
  319    +1.0066     6.3105
  320    +1.0033     6.3358
  321    +1.0024     6.3611
  322    +1.0036     6.3865
  323    +1.0063     6.4118
  324    +1.0096     6.4372
  325    +1.0124     6.4625
  326    +1.0138     6.4879
  327    +1.0131     6.5132
  328    +1.0101     6.5385
  329    +1.0052     6.5639
  330    +0.9988     6.5892
  331    +0.9918     6.6146
  332    +0.9849     6.6399
  333    +0.9790     6.6653
  334    +0.9744     6.6906
  335    +0.9709     6.7159
  336    +0.9685     6.7413
  337    +0.9667     6.7666
  338    +0.9649     6.7920
  339    +0.9632     6.8173
  340    +0.9611     6.8427
  341    +0.9587     6.8680
  342    +0.9563     6.8933
  343    +0.9543     6.9187
  344    +0.9527     6.9440
  345    +0.9514     6.9694
  346    +0.9504     6.9947
  347    +0.9498     7.0201
  348    +0.9492     7.0454
  349    +0.9489     7.0707
  350    +0.9488     7.0961
  351    +0.9490     7.1214
  352    +0.9498     7.1468
  353    +0.9514     7.1721
  354    +0.9541     7.1975
  355    +0.9581     7.2228
  356    +0.9636     7.2482
  357    +0.9708     7.2735
  358    +0.9795     7.2987
  359    +0.9896     7.3241
  360    +1.0007     7.3496
  361    +1.0129     7.3753
  362    +1.0258     7.4011
  363    +1.0395     7.4269
  364    +1.0542     7.4524
  365    +1.0702     7.4774
  366    +1.0879     7.5016
  367    +1.1074     7.5248
  368    +1.1283     7.5470
  369    +1.1502     7.5683
  370    +1.1726     7.5889
  371    +1.1948     7.6094
  372    +1.2160     7.6300
  373    +1.2353     7.6511
  374    +1.2524     7.6730
  375    +1.2670     7.6961
  376    +1.2795     7.7202
  377    +1.2902     7.7455
  378    +1.2992     7.7716
  379    +1.3064     7.7983
  380    +1.3118     7.8250
  381    +1.3149     7.8511
  382    +1.3151     7.8760
  383    +1.3116     7.8991
  384    +1.3041     7.9199
  385    +1.2922     7.9383
  386    +1.2761     7.9539
  387    +1.2562     7.9665
  388    +1.2332     7.9760
  389    +1.2083     7.9829
  390    +1.1822     7.9876
  391    +1.1557     7.9909
  392    +1.1292     7.9931
  393    +1.1028     7.9946
  394    +1.0769     7.9955
  395    +1.0515     7.9963
  396    +1.0262     7.9968
  397    +1.0011     7.9968
  398    +0.9758     7.9963
  399    +0.9505     7.9952
  400    +0.9250     7.9933
  401    +0.8992     7.9904
  402    +0.8734     7.9862
  403    +0.8477     7.9803
  404    +0.8224     7.9722
  405    +0.7975     7.9620
  406    +0.7734     7.9496
  407    +0.7501     7.9351
  408    +0.7277     7.9193
  409    +0.7058     7.9030
  410    +0.6838     7.8868
  411    +0.6614     7.8711
  412    +0.6384     7.8564
  413    +0.6148     7.8426
  414    +0.5908     7.8296
  415    +0.5669     7.8167
  416    +0.5440     7.8033
  417    +0.5232     7.7883
  418    +0.5054     7.7713
  419    +0.4915     7.7520
  420    +0.4819     7.7304
  421    +0.4765     7.7068
  422    +0.4751     7.6817
  423    +0.4765     7.6559
  424    +0.4799     7.6298
  425    +0.4845     7.6037
  426    +0.4894     7.5778
  427    +0.4942     7.5522
  428    +0.4989     7.5268
  429    +0.5032     7.5015
  430    +0.5073     7.4762
  431    +0.5110     7.4509
  432    +0.5144     7.4256
  433    +0.5173     7.4002
  434    +0.5196     7.3749
  435    +0.5212     7.3495
  436    +0.5223     7.3242
  437    +0.5230     7.2988
  438    +0.5234     7.2735
  439    +0.5237     7.2482
  440    +0.5237     7.2228
  441    +0.5237     7.1975
  442    +0.5238     7.1721
  443    +0.5236     7.1468
  444    +0.5228     7.1214
  445    +0.5213     7.0961
  446    +0.5191     7.0707
  447    +0.5158     7.0454
  448    +0.5118     7.0201
  449    +0.5069     6.9947
  450    +0.5014     6.9694
  451    +0.4954     6.9440
  452    +0.4889     6.9187
  453    +0.4824     6.8934
  454    +0.4759     6.8680
  455    +0.4697     6.8425
  456    +0.4638     6.8170
  457    +0.4579     6.7915
  458    +0.4517     6.7662
  459    +0.4451     6.7411
  460    +0.4376     6.7162
  461    +0.4290     6.6916
  462    +0.4192     6.6672
  463    +0.4087     6.6431
  464    +0.3983     6.6190
  465    +0.3886     6.5949
  466    +0.3804     6.5707
  467    +0.3744     6.5463
  468    +0.3706     6.5216
  469    +0.3688     6.4966
  470    +0.3681     6.4714
  471    +0.3675     6.4460
  472    +0.3659     6.4206
  473    +0.3623     6.3951
  474    +0.3562     6.3696
  475    +0.3473     6.3442
  476    +0.3362     6.3189
  477    +0.3240     6.2936
  478    +0.3116     6.2682
  479    +0.3003     6.2429
  480    +0.2907     6.2175
  481    +0.2834     6.1922
  482    +0.2785     6.1668
  483    +0.2761     6.1415
  484    +0.2761     6.1162
  485    +0.2780     6.0908
  486    +0.2814     6.0655
  487    +0.2856     6.0401
  488    +0.2901     6.0148
  489    +0.2946     5.9894
  490    +0.2986     5.9641
  491    +0.3018     5.9388
  492    +0.3040     5.9134
  493    +0.3049     5.8881
  494    +0.3047     5.8627
  495    +0.3035     5.8374
  496    +0.3014     5.8120
  497    +0.2987     5.7867
  498    +0.2958     5.7614
  499    +0.2931     5.7360
  500    +0.2907     5.7107
  501    +0.2885     5.6853
  502    +0.2863     5.6600
  503    +0.2840     5.6346
  504    +0.2814     5.6093
  505    +0.2783     5.5839
  506    +0.2748     5.5586
  507    +0.2705     5.5333
  508    +0.2655     5.5079
  509    +0.2595     5.4826
  510    +0.2526     5.4572
  511    +0.2448     5.4319
  512    +0.2363     5.4065
  513    +0.2275     5.3812
  514    +0.2187     5.3559
  515    +0.2104     5.3305
  516    +0.2030     5.3052
  517    +0.1971     5.2798
  518    +0.1928     5.2545
  519    +0.1901     5.2291
  520    +0.1887     5.2038
  521    +0.1883     5.1785
  522    +0.1881     5.1531
  523    +0.1876     5.1278
  524    +0.1860     5.1024
  525    +0.1829     5.0771
  526    +0.1779     5.0517
  527    +0.1712     5.0264
  528    +0.1634     5.0011
  529    +0.1548     4.9757
  530    +0.1460     4.9504
  531    +0.1373     4.9250
  532    +0.1289     4.8997
  533    +0.1211     4.8743
  534    +0.1138     4.8491
  535    +0.1074     4.8238
  536    +0.1019     4.7984
  537    +0.0973     4.7728
  538    +0.0934     4.7469
  539    +0.0896     4.7208
  540    +0.0854     4.6950
  541    +0.0803     4.6697
  542    +0.0736     4.6453
  543    +0.0653     4.6220
  544    +0.0551     4.6000
  545    +0.0436     4.5793
  546    +0.0313     4.5596
  547    +0.0193     4.5404
  548    +0.0082     4.5213
  549    -0.0013     4.5017
  550    -0.0087     4.4811
  551    -0.0137     4.4592
  552    -0.0166     4.4360
  553    -0.0177     4.4116
  554    -0.0172     4.3864
  555    -0.0153     4.3607
  556    -0.0122     4.3345
  557    -0.0080     4.3083
  558    -0.0033     4.2824
  559    +0.0017     4.2568
  560    +0.0062     4.2314
  561    +0.0097     4.2061
  562    +0.0116     4.1811
  563    +0.0116     4.1566
  564    +0.0101     4.1329
  565    +0.0074     4.1101
  566    +0.0047     4.0881
  567    +0.0029     4.0669
  568    +0.0025     4.0464
  569    +0.0044     4.0263
  570    +0.0085     4.0061
  571    +0.0142     3.9854
  572    +0.0209     3.9642
  573    +0.0275     3.9421
  574    +0.0331     3.9189
  575    +0.0372     3.8949
  576    +0.0397     3.8702
  577    +0.0407     3.8449
  578    +0.0403     3.8195
  579    +0.0393     3.7938
  580    +0.0387     3.7680
  581    +0.0387     3.7420
  582    +0.0393     3.7162
  583    +0.0403     3.6906
  584    +0.0408     3.6653
  585    +0.0401     3.6403
  586    +0.0377     3.6154
  587    +0.0333     3.5906
  588    +0.0269     3.5662
  589    +0.0189     3.5425
  590    +0.0105     3.5201
  591    +0.0033     3.4994
  592    -0.0014     3.4811
  593    -0.0019     3.4656
  594    +0.0030     3.4530
  595    +0.0136     3.4429
  596    +0.0292     3.4344
  597    +0.0487     3.4261
  598    +0.0701     3.4168
  599    +0.0908     3.4056
  600    +0.1083     3.3922
  601    +0.1205     3.3770
  602    +0.1256     3.3610
  603    +0.1229     3.3448
  604    +0.1128     3.3294
  605    +0.0967     3.3152
  606    +0.0763     3.3030
  607    +0.0542     3.2926
  608    +0.0332     3.2836
  609    +0.0158     3.2750
  610    +0.0039     3.2664
  611    -0.0010     3.2572
  612    +0.0016     3.2477
  613    +0.0114     3.2387
  614    +0.0275     3.2308
  615    +0.0486     3.2247
  616    +0.0733     3.2206
  617    +0.0997     3.2183
  618    +0.1267     3.2173
  619    +0.1538     3.2170
  620    +0.1808     3.2164
  621    +0.2077     3.2145
  622    +0.2350     3.2105
  623    +0.2625     3.2039
  624    +0.2898     3.1946
  625    +0.3161     3.1830
  626    +0.3402     3.1690
  627    +0.3606     3.1532
  628    +0.3755     3.1361
  629    +0.3840     3.1187
  630    +0.3853     3.1022
  631    +0.3791     3.0873
  632    +0.3662     3.0752
  633    +0.3475     3.0662
  634    +0.3245     3.0603
  635    +0.2987     3.0573
  636    +0.2716     3.0566
  637    +0.2441     3.0576
  638    +0.2168     3.0601
  639    +0.1898     3.0635
  640    +0.1628     3.0670
  641    +0.1358     3.0699
  642    +0.1086     3.0716
  643    +0.0818     3.0720
  644    +0.0564     3.0709
  645    +0.0341     3.0679
  646    +0.0166     3.0631
  647    +0.0053     3.0563
  648    +0.0009     3.0479
  649    +0.0036     3.0381
  650    +0.0126     3.0269
  651    +0.0263     3.0144
  652    +0.0426     3.0008
  653    +0.0593     2.9858
  654    +0.0742     2.9691
  655    +0.0859     2.9506
  656    +0.0936     2.9302
  657    +0.0977     2.9079
  658    +0.0990     2.8836
  659    +0.0986     2.8574
  660    +0.0974     2.8301
  661    +0.0955     2.8027
  662    +0.0930     2.7763
  663    +0.0893     2.7516
  664    +0.0838     2.7291
  665    +0.0758     2.7089
  666    +0.0653     2.6910
  667    +0.0525     2.6750
  668    +0.0381     2.6604
  669    +0.0236     2.6462
  670    +0.0104     2.6314
  671    -0.0006     2.6153
  672    -0.0088     2.5971
  673    -0.0139     2.5766
  674    -0.0165     2.5539
  675    -0.0169     2.5294
  676    -0.0161     2.5036
  677    -0.0147     2.4773
  678    -0.0134     2.4508
  679    -0.0127     2.4246
  680    -0.0124     2.3989
  681    -0.0125     2.3736
  682    -0.0126     2.3484
  683    -0.0127     2.3231
  684    -0.0127     2.2978
  685    -0.0127     2.2724
  686    -0.0127     2.2471
  687    -0.0127     2.2218
  688    -0.0127     2.1964
  689    -0.0127     2.1711
  690    -0.0127     2.1457
  691    -0.0127     2.1204
  692    -0.0127     2.0950
  693    -0.0127     2.0697
  694    -0.0127     2.0444
  695    -0.0127     2.0190
  696    -0.0127     1.9937
  697    -0.0127     1.9683
  698    -0.0127     1.9430
  699    -0.0127     1.9176
  700    -0.0127     1.8923
  701    -0.0126     1.8670
  702    -0.0125     1.8418
  703    -0.0124     1.8164
  704    -0.0127     1.7907
  705    -0.0136     1.7646
  706    -0.0148     1.7385
  707    -0.0160     1.7126
  708    -0.0165     1.6874
  709    -0.0153     1.6631
  710    -0.0117     1.6399
  711    -0.0054     1.6180
  712    +0.0030     1.5974
  713    +0.0125     1.5780
  714    +0.0216     1.5596
  715    +0.0288     1.5421
  716    +0.0335     1.5255
  717    +0.0350     1.5098
  718    +0.0336     1.4951
  719    +0.0301     1.4812
  720    +0.0262     1.4681
  721    +0.0234     1.4555
  722    +0.0233     1.4428
  723    +0.0271     1.4295
  724    +0.0351     1.4148
  725    +0.0467     1.3980
  726    +0.0607     1.3786
  727    +0.0750     1.3568
  728    +0.0872     1.3331
  729    +0.0954     1.3087
  730    +0.0982     1.2851
  731    +0.0953     1.2633
  732    +0.0869     1.2441
  733    +0.0742     1.2276
  734    +0.0588     1.2136
  735    +0.0421     1.2013
  736    +0.0258     1.1892
  737    +0.0112     1.1763
  738    -0.0009     1.1615
  739    -0.0096     1.1442
  740    -0.0148     1.1241
  741    -0.0169     1.1016
  742    -0.0169     1.0770
  743    -0.0159     1.0509
  744    -0.0151     1.0239
  745    -0.0150     0.9966
  746    -0.0157     0.9698
  747    -0.0164     0.9440
  748    -0.0162     0.9192
  749    -0.0139     0.8953
  750    -0.0088     0.8722
  751    -0.0007     0.8500
  752    +0.0097     0.8291
  753    +0.0211     0.8094
  754    +0.0320     0.7907
  755    +0.0408     0.7730
  756    +0.0461     0.7560
  757    +0.0469     0.7393
  758    +0.0430     0.7228
  759    +0.0352     0.7061
  760    +0.0249     0.6887
  761    +0.0135     0.6704
  762    +0.0026     0.6509
  763    -0.0064     0.6300
  764    -0.0126     0.6077
  765    -0.0159     0.5842
  766    -0.0168     0.5597
  767    -0.0161     0.5344
  768    -0.0148     0.5084
  769    -0.0135     0.4823
  770    -0.0127     0.4563
  771    -0.0124     0.4307
  772    -0.0125     0.4053
  773    -0.0126     0.3801
  774    -0.0127     0.3548
  775    -0.0127     0.3295
  776    -0.0126     0.3042
  777    -0.0124     0.2790
  778    -0.0124     0.2537
  779    -0.0128     0.2280
  780    -0.0137     0.2018
  781    -0.0149     0.1752
  782    -0.0162     0.1484
  783    -0.0171     0.1219
  784    -0.0169     0.0963
  785    -0.0148     0.0726
  786    -0.0100     0.0516
  787    -0.0017     0.0344

============================================================
  MEASUREMENTS — ALL 80 Y LEVELS
  Format: [inner_dx .. outer_dx]  (each bracket = one body span)
============================================================

  y=  0.1  [-0.2577 .. +0.2492]
  y=  0.2  [-0.3083 .. +0.3083]
  y=  0.3  [-0.3590 .. +0.3590]
  y=  0.4  [-0.3928 .. +0.3844]
  y=  0.5  [-0.4097 .. +0.4097]
  y=  0.6  [-0.4182 .. +0.4182]
  y=  0.7  [-0.3928 .. +0.3928]
  y=  0.8  [-0.3506 .. +0.3506]
  y=  0.9  [-0.3083 .. +0.3083]
  y=  1.0  [-0.3168 .. +0.3168]
  y=  1.1  [-0.3928 .. +0.3928]
  y=  1.2  [+0.2577 .. +0.5280] [-0.1478 .. +0.1394] [-0.5364 .. -0.2661]
  y=  1.3  [+0.0971 .. +0.7054] [-0.7054 .. -0.0971]
  y=  1.4  [+0.0718 .. +0.8405] [-0.8490 .. -0.0718]
  y=  1.5  [+0.0634 .. +1.0095] [-0.1309 .. -0.0634] [-1.0095 .. -0.2492]
  y=  1.6  [+0.3506 .. +1.0771] [-0.2577 .. +0.2577] [-1.0855 .. -0.3506]
  y=  1.7  [+0.8405 .. +1.1278] [+0.5195 .. +0.6631] [-0.1901 .. +0.1816] [-0.6631 .. -0.5195] [-1.1278 .. -0.8405]
  y=  1.8  [+0.8068 .. +1.1700] [+0.5956 .. +0.6547] [-0.4266 .. +0.4266] [-0.6547 .. -0.5956] [-1.1700 .. -0.8068]
  y=  1.9  [+1.0433 .. +1.1785] [-0.8828 .. +0.8828] [-1.1785 .. -1.0433]
  y=  2.0  [-0.9081 .. +1.1869] [-1.1954 .. -0.9842]
  y=  2.1  [+0.6125 .. +1.2038] [-0.4857 .. +0.4857] [-1.2038 .. -0.6125]
  y=  2.2  [+0.6547 .. +1.2376] [-0.1394 .. +0.1394] [-1.2460 .. -0.6547]
  y=  2.3  [+0.6209 .. +1.2714] [-0.3168 .. +0.3083] [-1.2714 .. -0.6209]
  y=  2.4  [+0.7223 .. +1.2798] [-0.5702 .. +0.5702] [-1.2798 .. -0.7223]
  y=  2.5  [+0.7223 .. +1.3221] [-0.5702 .. +0.5702] [-1.3221 .. -0.7223]
  y=  2.6  [-1.3728 .. +1.3643]
  y=  2.7  [+1.0433 .. +1.4065] [+0.8574 .. +0.9250] [+0.0887 .. +0.7223] [-0.7223 .. -0.0887] [-0.9250 .. -0.8574] [-1.4065 .. -1.0433]
  y=  2.8  [+0.6969 .. +1.4488] [+0.0887 .. +0.5195] [-0.5195 .. -0.0887] [-1.4488 .. -0.6969]
  y=  2.9  [+1.4741 .. +1.4995] [+1.3052 .. +1.3559] [+1.0517 .. +1.1362] [+0.0887 .. +0.9335] [-0.9335 .. -0.0887] [-1.1531 .. -1.0517] [-1.3559 .. -1.2883] [-1.4995 .. -1.4741]
  y=  3.0  [+1.3812 .. +1.4995] [+0.0549 .. +1.1869] [-1.2122 .. -0.0634] [-1.4995 .. -1.3728]
  y=  3.1  [+0.6294 .. +1.5079] [+0.4013 .. +0.4942] [-0.4435 .. -0.3759] [-1.5079 .. -0.6294]
  y=  3.2  [+0.2830 .. +1.4741] [-1.4741 .. -0.2746]
  y=  3.3  [+0.5871 .. +1.4826] [-0.4097 .. +0.4097] [-0.9335 .. -0.5956] [-1.4826 .. -1.0855]
  y=  3.4  [+0.5618 .. +1.4910] [+0.1309 .. +0.4266] [-0.4266 .. -0.1309] [-1.4910 .. -0.5618]
  y=  3.5  [+0.6209 .. +1.4910] [-0.4688 .. +0.4688] [-1.4995 .. -0.6209]
  y=  3.6  [+0.0380 .. +1.4995] [-1.4995 .. -0.0971]
  y=  3.7  [+1.5333 .. +1.5502] [+0.0380 .. +1.3474] [-1.3474 .. -0.0971] [-1.5502 .. -1.5333]
  y=  3.8  [+0.7138 .. +1.5502] [+0.0380 .. +0.5618] [-0.5618 .. -0.0971] [-1.0517 .. -0.7054] [-1.5502 .. -1.2207]
  y=  3.9  [+1.3812 .. +1.5502] [+1.1278 .. +1.2207] [+0.9419 .. +1.0348] [+0.0380 .. +0.7899] [-1.0433 .. -0.0971] [-1.2207 .. -1.1954] [-1.5502 .. -1.3812]
  y=  4.0  [+1.3897 .. +1.5671] [+1.1447 .. +1.1700] [+0.9504 .. +1.0264] [-1.1700 .. +0.8068] [-1.5671 .. -1.3897]
  y=  4.1  [+1.5333 .. +1.5671] [+1.2629 .. +1.3136] [+1.1109 .. +1.1785] [+0.9588 .. +1.0264] [+0.0211 .. +0.8237] [-0.9588 .. -0.1056] [-1.1785 .. -1.1278] [-1.3221 .. -1.2714] [-1.5671 .. -1.5333]
  y=  4.2  [+1.4741 .. +1.5755] [+1.1193 .. +1.3474] [+0.0127 .. +0.8659] [-0.8574 .. -0.1309] [-1.3474 .. -1.1193] [-1.5755 .. -1.4741]
  y=  4.3  [+1.1024 .. +1.5417] [-0.9081 .. +0.9081] [-1.5417 .. -1.1024]
  y=  4.4  [+1.2207 .. +1.5164] [-0.9335 .. +0.9335] [-1.5164 .. -1.2207]
  y=  4.5  [+1.2207 .. +1.3981] [-0.9588 .. +0.9588] [-1.3981 .. -1.2207]
  y=  4.6  [+0.9166 .. +0.9335] [+0.1985 .. +0.7983] [+0.0634 .. +0.1140] [-0.1140 .. -0.0634] [-0.7983 .. -0.1985] [-0.9335 .. -0.9166]
  y=  4.7  [+0.9250 .. +0.9504] [+0.2408 .. +0.8068] [+0.0803 .. +0.1056] [-0.1056 .. -0.0803] [-0.8068 .. -0.2408] [-0.9504 .. -0.9250]
  y=  4.8  [+0.9335 .. +0.9504] [+0.1056 .. +0.8152] [-0.8152 .. -0.1056] [-0.9504 .. -0.9335]
  y=  4.9  [+0.9335 .. +0.9504] [+0.1309 .. +0.8152] [-0.8152 .. -0.1309] [-0.9504 .. -0.9335]
  y=  5.0  [+0.1563 .. +0.9166] [-0.9166 .. -0.1563]
  y=  5.1  [+0.1901 .. +0.9166] [-0.9166 .. -0.1901]
  y=  5.2  [+0.1901 .. +0.9419] [-0.9504 .. -0.1901]
  y=  5.3  [+0.3759 .. +0.9166] [+0.1901 .. +0.2239] [-0.2239 .. -0.1901] [-0.9166 .. -0.3759]
  y=  5.4  [+0.2408 .. +0.9250] [-0.9250 .. -0.2408]
  y=  5.5  [+0.2577 .. +0.9166] [-0.9166 .. -0.2577]
  y=  5.6  [+0.2830 .. +0.9335] [-0.9419 .. -0.2830]
  y=  5.7  [+0.2830 .. +0.9504] [-0.9504 .. -0.2830]
  y=  5.8  [+0.2999 .. +0.9504] [-0.9504 .. -0.2999]
  y=  5.9  [+0.3083 .. +0.9757] [-0.9757 .. -0.3083]
  y=  6.0  [+0.2914 .. +1.0095] [-1.0095 .. -0.2914]
  y=  6.1  [+0.2746 .. +1.0348] [-1.0348 .. -0.2830]
  y=  6.2  [+0.2830 .. +1.0348] [-1.0348 .. -0.2830]
  y=  6.3  [+0.3252 .. +1.0095] [-1.0095 .. -0.3252]
  y=  6.4  [+0.3675 .. +0.9926] [-1.0011 .. -0.3759]
  y=  6.5  [+0.6294 .. +1.0264] [+0.3675 .. +0.4266] [-0.4266 .. -0.3675] [-1.0264 .. -0.6294]
  y=  6.6  [+0.8321 .. +0.9842] [+0.7392 .. +0.7476] [+0.3759 .. +0.5956] [-0.5956 .. -0.3844] [-0.7476 .. -0.7392] [-0.9842 .. -0.8321]
  y=  6.7  [+0.8743 .. +0.9757] [+0.4351 .. +0.6885] [-0.6969 .. -0.4351] [-0.9757 .. -0.8743]
  y=  6.8  [+0.4520 .. +0.9673] [-0.9673 .. -0.4520]
  y=  6.9  [+0.4857 .. +0.9588] [-0.9588 .. -0.4857]
  y=  7.0  [+0.5026 .. +0.9504] [-0.9504 .. -0.5026]
  y=  7.1  [+0.5280 .. +0.9504] [-0.9504 .. -0.5280]
  y=  7.2  [+0.5195 .. +0.9504] [-0.9588 .. -0.5195]
  y=  7.3  [+0.5280 .. +0.9757] [-0.9757 .. -0.5280]
  y=  7.4  [+0.5195 .. +1.0264] [-1.0264 .. -0.5195]
  y=  7.5  [+0.7223 .. +1.0771] [+0.5026 .. +0.5871] [-0.5956 .. -0.5026] [-1.0855 .. -0.7223]
  y=  7.6  [+0.4857 .. +1.1785] [-1.1785 .. -0.4857]
  y=  7.7  [+0.4773 .. +1.2714] [-1.2714 .. -0.4773]
  y=  7.8  [+0.5195 .. +1.3052] [-1.3052 .. -0.5280]
  y=  7.9  [+1.2038 .. +1.3136] [+0.6885 .. +1.0771] [-1.0686 .. -0.6969] [-1.3136 .. -1.2038]
  y=  8.0  [+0.9250 .. +1.1024] [-1.1024 .. -0.9250]

============================================================
  STROKES — ALL 148 DETAIL CURVES
============================================================

  stroke[  0] ( 10 pts): (+0.6294,7.7550), (+0.6463,7.7719), (+0.6648,7.7904), (+0.6752,7.8009), (+0.6648,7.7904), (+0.6463,7.7711), (+0.6286,7.7570), (+0.6149,7.7639), (+0.6109,7.7755), (+0.6149,7.7659)
  stroke[  1] ( 89 pts): (+0.5280,7.6376), (+0.5449,7.6476), (+0.5618,7.6553), (+0.5787,7.6637), (+0.5956,7.6721), (+0.6125,7.6818), (+0.6294,7.6923), (+0.6463,7.7047), (+0.6631,7.7212), (+0.6796,7.7381), (+0.6921,7.7550), (+0.7018,7.7719), (+0.7142,7.7888), (+0.7307,7.8053), (+0.7476,7.8166), (+0.7645,7.8242), (+0.7814,7.8335), (+0.7983,7.8395), (+0.8152,7.8451), (+0.8321,7.8491), (+0.8490,7.8536), (+0.8659,7.8576), (+0.8828,7.8620), (+0.8997,7.8656), (+0.9166,7.8648), (+0.9335,7.8648), (+0.9504,7.8648), (+0.9673,7.8648), (+0.9842,7.8648), (+1.0011,7.8648), (+1.0180,7.8648), (+1.0348,7.8648), (+1.0517,7.8648), (+1.0686,7.8648), (+1.0855,7.8644), (+1.1024,7.8592), (+1.1193,7.8556), (+1.1362,7.8564), (+1.1531,7.8560), (+1.1700,7.8508), (+1.1869,7.8471), (+1.2038,7.8475), (+1.2207,7.8423), (+1.2376,7.8395), (+1.2553,7.8371), (+1.2553,7.8371), (+1.2376,7.8395), (+1.2207,7.8423), (+1.2038,7.8475), (+1.1869,7.8471), (+1.1700,7.8508), (+1.1531,7.8560), (+1.1362,7.8564), (+1.1193,7.8556), (+1.1024,7.8592), (+1.0855,7.8644), (+1.0686,7.8648), (+1.0517,7.8648), (+1.0348,7.8648), (+1.0180,7.8648), (+1.0011,7.8648), (+0.9842,7.8648), (+0.9673,7.8648), (+0.9504,7.8648), (+0.9335,7.8648), (+0.9166,7.8648), (+0.8997,7.8656), (+0.8828,7.8620), (+0.8659,7.8576), (+0.8490,7.8536), (+0.8321,7.8491), (+0.8152,7.8451), (+0.7983,7.8395), (+0.7814,7.8335), (+0.7645,7.8242), (+0.7476,7.8166), (+0.7307,7.8053), (+0.7142,7.7888), (+0.7018,7.7719), (+0.6921,7.7550), (+0.6796,7.7381), (+0.6631,7.7212), (+0.6463,7.7047), (+0.6294,7.6923), (+0.6125,7.6818), (+0.5956,7.6721), (+0.5787,7.6637), (+0.5618,7.6553), (+0.5449,7.6476)
  stroke[  2] (  6 pts): (+0.8679,7.4334), (+0.8466,7.4243), (+0.8321,7.4280), (+0.8285,7.4424), (+0.8410,7.4573), (+0.8568,7.4521)
  stroke[  3] (  5 pts): (+0.9693,7.4205), (+0.9480,7.4280), (+0.9439,7.4429), (+0.9588,7.4517), (+0.9721,7.4437)
  stroke[  4] ( 18 pts): (+0.8405,7.3982), (+0.8237,7.3924), (+0.8068,7.3918), (+0.7899,7.3910), (+0.7730,7.3938), (+0.7549,7.4022), (+0.7496,7.4167), (+0.7637,7.4260), (+0.7814,7.4256), (+0.7983,7.4256), (+0.8152,7.4256), (+0.8321,7.4256), (+0.8490,7.4260), (+0.8659,7.4316), (+0.8836,7.4260), (+0.8836,7.4107), (+0.8683,7.4020), (+0.8470,7.4000)
  stroke[  5] ( 15 pts): (+0.8828,7.3556), (+0.8659,7.3556), (+0.8482,7.3668), (+0.8341,7.3841), (+0.8393,7.3978), (+0.8574,7.4014), (+0.8743,7.4062), (+0.8912,7.4159), (+0.9081,7.4147), (+0.9250,7.4038), (+0.9427,7.3906), (+0.9427,7.3773), (+0.9250,7.3737), (+0.9081,7.3700), (+0.8912,7.3648)
  stroke[  6] (  7 pts): (+0.8162,7.3405), (+0.7971,7.3314), (+0.7802,7.3350), (+0.7750,7.3495), (+0.7891,7.3648), (+0.8068,7.3652), (+0.8237,7.3491)
  stroke[  7] (  7 pts): (+0.9101,7.3360), (+0.8888,7.3435), (+0.8848,7.3584), (+0.8989,7.3672), (+0.9174,7.3725), (+0.9315,7.3668), (+0.9262,7.3544)
  stroke[  8] ( 19 pts): (+0.7730,7.2942), (+0.7561,7.2958), (+0.7392,7.2972), (+0.7223,7.2956), (+0.7046,7.3065), (+0.7046,7.3218), (+0.7223,7.3250), (+0.7392,7.3242), (+0.7561,7.3246), (+0.7730,7.3298), (+0.7899,7.3326), (+0.8068,7.3354), (+0.8237,7.3415), (+0.8418,7.3387), (+0.8470,7.3246), (+0.8329,7.3149), (+0.8152,7.3101), (+0.7983,7.3061), (+0.7814,7.3013)
  stroke[  9] ( 17 pts): (+0.8490,7.2548), (+0.8321,7.2488), (+0.8152,7.2534), (+0.7983,7.2650), (+0.7798,7.2763), (+0.7693,7.2892), (+0.7798,7.3021), (+0.7983,7.3061), (+0.8152,7.3101), (+0.8321,7.3157), (+0.8490,7.3210), (+0.8659,7.3198), (+0.8828,7.3069), (+0.9005,7.2896), (+0.9005,7.2767), (+0.8828,7.2707), (+0.8659,7.2626)
  stroke[ 10] (  9 pts): (+0.8838,7.2391), (+0.8647,7.2300), (+0.8478,7.2337), (+0.8426,7.2469), (+0.8566,7.2590), (+0.8743,7.2675), (+0.8920,7.2735), (+0.9061,7.2654), (+0.9009,7.2494)
  stroke[ 11] (  8 pts): (+0.7551,7.2103), (+0.7422,7.2156), (+0.7376,7.2313), (+0.7416,7.2486), (+0.7553,7.2574), (+0.7746,7.2486), (+0.7850,7.2305), (+0.7754,7.2174)
  stroke[ 12] ( 18 pts): (+0.7392,7.1687), (+0.7223,7.1709), (+0.7054,7.1693), (+0.6877,7.1665), (+0.6736,7.1806), (+0.6788,7.1951), (+0.6969,7.1975), (+0.7138,7.2003), (+0.7307,7.2047), (+0.7476,7.2087), (+0.7645,7.2144), (+0.7814,7.2200), (+0.7999,7.2240), (+0.8104,7.2140), (+0.7999,7.1995), (+0.7814,7.1906), (+0.7645,7.1836), (+0.7476,7.1794)
  stroke[ 13] ( 18 pts): (+0.8321,7.1283), (+0.8152,7.1214), (+0.7983,7.1234), (+0.7814,7.1327), (+0.7645,7.1432), (+0.7464,7.1556), (+0.7412,7.1725), (+0.7553,7.1814), (+0.7730,7.1866), (+0.7899,7.1959), (+0.8068,7.2039), (+0.8237,7.2063), (+0.8405,7.2007), (+0.8574,7.1886), (+0.8755,7.1721), (+0.8808,7.1556), (+0.8667,7.1444), (+0.8496,7.1353)
  stroke[ 14] (  9 pts): (+0.8669,7.1124), (+0.8478,7.1033), (+0.8309,7.1070), (+0.8257,7.1202), (+0.8397,7.1323), (+0.8574,7.1415), (+0.8747,7.1440), (+0.8828,7.1329), (+0.8757,7.1106)
  stroke[ 15] (  8 pts): (+0.7382,7.0836), (+0.7253,7.0889), (+0.7207,7.1045), (+0.7247,7.1226), (+0.7384,7.1271), (+0.7577,7.1166), (+0.7681,7.1045), (+0.7585,7.0937)
  stroke[ 16] (  5 pts): (+0.8856,7.0846), (+0.8623,7.0828), (+0.8538,7.0961), (+0.8651,7.1110), (+0.8786,7.1057)
  stroke[ 17] ( 18 pts): (+0.7223,7.0434), (+0.7054,7.0376), (+0.6885,7.0370), (+0.6708,7.0366), (+0.6567,7.0458), (+0.6619,7.0603), (+0.6800,7.0687), (+0.6969,7.0720), (+0.7138,7.0756), (+0.7307,7.0820), (+0.7476,7.0901), (+0.7645,7.0957), (+0.7830,7.0965), (+0.7935,7.0872), (+0.7830,7.0728), (+0.7645,7.0639), (+0.7476,7.0569), (+0.7307,7.0526)
  stroke[ 18] ( 31 pts): (+0.6125,7.0370), (+0.6125,7.0539), (+0.6125,7.0707), (+0.6125,7.0876), (+0.6129,7.1045), (+0.6181,7.1214), (+0.6217,7.1383), (+0.6209,7.1552), (+0.6209,7.1721), (+0.6213,7.1890), (+0.6265,7.2059), (+0.6306,7.2228), (+0.6342,7.2397), (+0.6406,7.2566), (+0.6487,7.2735), (+0.6543,7.2912), (+0.6543,7.2912), (+0.6487,7.2735), (+0.6406,7.2566), (+0.6342,7.2397), (+0.6306,7.2228), (+0.6265,7.2059), (+0.6213,7.1890), (+0.6209,7.1721), (+0.6209,7.1552), (+0.6217,7.1383), (+0.6181,7.1214), (+0.6129,7.1045), (+0.6125,7.0876), (+0.6125,7.0707), (+0.6125,7.0539)
  stroke[ 19] (  7 pts): (+0.6810,7.0279), (+0.6619,7.0189), (+0.6458,7.0225), (+0.6366,7.0362), (+0.6410,7.0547), (+0.6511,7.0539), (+0.6638,7.0424)
  stroke[ 20] ( 21 pts): (+0.8237,6.9831), (+0.8068,6.9814), (+0.7899,6.9879), (+0.7730,6.9975), (+0.7561,7.0088), (+0.7392,7.0176), (+0.7215,7.0289), (+0.7215,7.0458), (+0.7392,7.0547), (+0.7561,7.0599), (+0.7730,7.0691), (+0.7899,7.0772), (+0.8068,7.0804), (+0.8237,7.0716), (+0.8405,7.0587), (+0.8574,7.0490), (+0.8755,7.0366), (+0.8808,7.0205), (+0.8667,7.0092), (+0.8490,7.0008), (+0.8321,6.9939)
  stroke[ 21] (  9 pts): (+0.8518,6.9664), (+0.8285,6.9645), (+0.8200,6.9778), (+0.8305,6.9927), (+0.8490,7.0016), (+0.8667,7.0100), (+0.8812,7.0044), (+0.8812,6.9859), (+0.8677,6.9778)
  stroke[ 22] (  9 pts): (+0.7416,6.9511), (+0.7193,6.9440), (+0.7082,6.9521), (+0.7094,6.9694), (+0.7171,6.9863), (+0.7299,6.9891), (+0.7492,6.9802), (+0.7585,6.9694), (+0.7496,6.9523)
  stroke[ 23] (  6 pts): (+0.8848,6.9511), (+0.8635,6.9440), (+0.8482,6.9521), (+0.8482,6.9698), (+0.8667,6.9786), (+0.8798,6.9706)
  stroke[ 24] ( 19 pts): (+0.6815,6.8919), (+0.6613,6.8849), (+0.6479,6.8929), (+0.6479,6.9098), (+0.6623,6.9219), (+0.6800,6.9263), (+0.6969,6.9356), (+0.7138,6.9436), (+0.7307,6.9460), (+0.7476,6.9549), (+0.7645,6.9613), (+0.7826,6.9585), (+0.7879,6.9452), (+0.7738,6.9324), (+0.7561,6.9271), (+0.7392,6.9211), (+0.7223,6.9119), (+0.7054,6.9048), (+0.6885,6.9006)
  stroke[ 25] ( 22 pts): (+0.8237,6.8398), (+0.8068,6.8409), (+0.7899,6.8495), (+0.7730,6.8579), (+0.7561,6.8664), (+0.7392,6.8748), (+0.7215,6.8825), (+0.7074,6.8946), (+0.7126,6.9082), (+0.7307,6.9171), (+0.7476,6.9243), (+0.7645,6.9300), (+0.7814,6.9380), (+0.7983,6.9440), (+0.8152,6.9364), (+0.8321,6.9235), (+0.8490,6.9139), (+0.8667,6.9014), (+0.8808,6.8841), (+0.8755,6.8700), (+0.8574,6.8612), (+0.8405,6.8535)
  stroke[ 26] (  9 pts): (+0.8599,6.8328), (+0.8375,6.8258), (+0.8257,6.8346), (+0.8309,6.8491), (+0.8490,6.8579), (+0.8667,6.8664), (+0.8812,6.8608), (+0.8816,6.8445), (+0.8655,6.8312)
  stroke[ 27] ( 10 pts): (+0.7321,6.8075), (+0.7120,6.8004), (+0.6994,6.8085), (+0.6953,6.8258), (+0.6994,6.8431), (+0.7130,6.8511), (+0.7307,6.8451), (+0.7492,6.8366), (+0.7597,6.8246), (+0.7500,6.8125)
  stroke[ 28] (  6 pts): (+0.8852,6.8059), (+0.8629,6.8040), (+0.8510,6.8173), (+0.8562,6.8326), (+0.8725,6.8330), (+0.8858,6.8169)
  stroke[ 29] ( 38 pts): (+0.8743,6.6202), (+0.8574,6.6164), (+0.8405,6.6202), (+0.8237,6.6238), (+0.8068,6.6230), (+0.7899,6.6230), (+0.7730,6.6222), (+0.7561,6.6258), (+0.7392,6.6311), (+0.7223,6.6315), (+0.7054,6.6307), (+0.6885,6.6335), (+0.6720,6.6419), (+0.6599,6.6560), (+0.6547,6.6737), (+0.6635,6.6906), (+0.6780,6.7075), (+0.6865,6.7244), (+0.6889,6.7413), (+0.6965,6.7586), (+0.7138,6.7674), (+0.7307,6.7727), (+0.7476,6.7807), (+0.7645,6.7863), (+0.7814,6.7944), (+0.7983,6.8008), (+0.8152,6.7984), (+0.8321,6.7892), (+0.8490,6.7787), (+0.8659,6.7662), (+0.8828,6.7497), (+0.8852,6.7328), (+0.8848,6.7159), (+0.8908,6.6990), (+0.8916,6.6822), (+0.8977,6.6653), (+0.8973,6.6484), (+0.8834,6.6315)
  stroke[ 30] (609 pts): (+0.8659,6.6136), (+0.8828,6.6327), (+0.8997,6.6496), (+0.9174,6.6548), (+0.9174,6.6540), (+0.8993,6.6657), (+0.8908,6.6822), (+0.8908,6.6990), (+0.8848,6.7159), (+0.8844,6.7340), (+0.8985,6.7393), (+0.9126,6.7248), (+0.9186,6.7151), (+0.9126,6.7248), (+0.8993,6.7385), (+0.8828,6.7501), (+0.8659,6.7662), (+0.8490,6.7787), (+0.8321,6.7892), (+0.8152,6.7976), (+0.7983,6.8044), (+0.7814,6.8137), (+0.7645,6.8258), (+0.7476,6.8366), (+0.7307,6.8443), (+0.7134,6.8531), (+0.7046,6.8680), (+0.7134,6.8821), (+0.7307,6.8797), (+0.7476,6.8696), (+0.7645,6.8612), (+0.7814,6.8527), (+0.7983,6.8443), (+0.8152,6.8358), (+0.8321,6.8282), (+0.8490,6.8161), (+0.8659,6.8032), (+0.8828,6.7916), (+0.9013,6.7735), (+0.9118,6.7630), (+0.9005,6.7735), (+0.8852,6.7920), (+0.8820,6.8089), (+0.8828,6.8258), (+0.8828,6.8427), (+0.8820,6.8596), (+0.8860,6.8773), (+0.8977,6.8756), (+0.9041,6.8644), (+0.8985,6.8744), (+0.8836,6.8877), (+0.8659,6.9006), (+0.8490,6.9139), (+0.8321,6.9235), (+0.8152,6.9356), (+0.7983,6.9477), (+0.7814,6.9573), (+0.7645,6.9694), (+0.7476,6.9802), (+0.7299,6.9883), (+0.7154,7.0024), (+0.7154,7.0201), (+0.7299,7.0229), (+0.7476,7.0140), (+0.7645,7.0032), (+0.7814,6.9923), (+0.7983,6.9847), (+0.8152,6.9750), (+0.8321,6.9645), (+0.8490,6.9517), (+0.8667,6.9440), (+0.8800,6.9360), (+0.8932,6.9171), (+0.9033,6.9066), (+0.8924,6.9171), (+0.8824,6.9356), (+0.8828,6.9525), (+0.8828,6.9694), (+0.8828,6.9863), (+0.8824,7.0048), (+0.8912,7.0136), (+0.9005,7.0096), (+0.8916,7.0185), (+0.8743,7.0366), (+0.8574,7.0490), (+0.8405,7.0587), (+0.8237,7.0707), (+0.8068,7.0828), (+0.7899,7.0925), (+0.7730,7.1045), (+0.7561,7.1166), (+0.7384,7.1263), (+0.7239,7.1387), (+0.7239,7.1564), (+0.7384,7.1609), (+0.7561,7.1504), (+0.7730,7.1383), (+0.7899,7.1267), (+0.8068,7.1222), (+0.8237,7.1138), (+0.8405,7.1017), (+0.8574,7.0889), (+0.8743,7.0764), (+0.8920,7.0623), (+0.8916,7.0615), (+0.8824,7.0792), (+0.8828,7.0961), (+0.8828,7.1130), (+0.8820,7.1299), (+0.8868,7.1472), (+0.8941,7.1552), (+0.8844,7.1633), (+0.8659,7.1814), (+0.8490,7.1955), (+0.8321,7.2035), (+0.8152,7.2144), (+0.7983,7.2256), (+0.7814,7.2397), (+0.7637,7.2538), (+0.7492,7.2654), (+0.7492,7.2831), (+0.7637,7.2876), (+0.7814,7.2771), (+0.7983,7.2650), (+0.8152,7.2542), (+0.8321,7.2453), (+0.8490,7.2349), (+0.8659,7.2224), (+0.8844,7.2043), (+0.8945,7.1938), (+0.8928,7.2043), (+0.8969,7.2228), (+0.9009,7.2397), (+0.9053,7.2566), (+0.9093,7.2735), (+0.9001,7.2904), (+0.8828,7.3069), (+0.8659,7.3185), (+0.8490,7.3314), (+0.8321,7.3439), (+0.8152,7.3568), (+0.7971,7.3692), (+0.7919,7.3829), (+0.8060,7.3930), (+0.8237,7.3893), (+0.8405,7.3749), (+0.8574,7.3600), (+0.8743,7.3519), (+0.8912,7.3411), (+0.9089,7.3298), (+0.9226,7.3157), (+0.9262,7.3149), (+0.9307,7.3326), (+0.9335,7.3495), (+0.9375,7.3664), (+0.9447,7.3841), (+0.9351,7.3974), (+0.9166,7.4095), (+0.8997,7.4171), (+0.8828,7.4252), (+0.8647,7.4424), (+0.8595,7.4597), (+0.8735,7.4678), (+0.8912,7.4618), (+0.9081,7.4533), (+0.9250,7.4424), (+0.9419,7.4296), (+0.9596,7.4227), (+0.9737,7.4332), (+0.9685,7.4485), (+0.9504,7.4521), (+0.9335,7.4561), (+0.9166,7.4549), (+0.8997,7.4561), (+0.8828,7.4666), (+0.8659,7.4650), (+0.8490,7.4630), (+0.8321,7.4726), (+0.8144,7.4851), (+0.8003,7.5024), (+0.8056,7.5169), (+0.8237,7.5173), (+0.8405,7.5076), (+0.8574,7.5028), (+0.8743,7.4988), (+0.8912,7.4935), (+0.9081,7.4927), (+0.9250,7.4875), (+0.9419,7.4839), (+0.9588,7.4847), (+0.9757,7.4847), (+0.9926,7.4843), (+1.0095,7.4927), (+1.0260,7.5100), (+1.0393,7.5285), (+1.0453,7.5390), (+1.0393,7.5285), (+1.0260,7.5100), (+1.0095,7.4927), (+0.9926,7.4843), (+0.9757,7.4847), (+0.9588,7.4847), (+0.9419,7.4839), (+0.9250,7.4875), (+0.9081,7.4927), (+0.8912,7.4927), (+0.8731,7.5012), (+0.8691,7.5185), (+0.8719,7.5354), (+0.8639,7.5523), (+0.8498,7.5692), (+0.8321,7.5861), (+0.8152,7.6038), (+0.7983,7.6174), (+0.7814,7.6211), (+0.7645,7.6114), (+0.7476,7.6022), (+0.7307,7.5973), (+0.7138,7.5933), (+0.6969,7.6026), (+0.6804,7.6199), (+0.6684,7.6367), (+0.6635,7.6536), (+0.6627,7.6705), (+0.6712,7.6874), (+0.6885,7.7043), (+0.7050,7.7212), (+0.7166,7.7381), (+0.7299,7.7550), (+0.7476,7.7727), (+0.7645,7.7860), (+0.7814,7.7981), (+0.7983,7.8065), (+0.8152,7.8113), (+0.8321,7.8154), (+0.8490,7.8198), (+0.8659,7.8234), (+0.8828,7.8230), (+0.8997,7.8282), (+0.9166,7.8318), (+0.9335,7.8310), (+0.9504,7.8310), (+0.9673,7.8310), (+0.9842,7.8310), (+1.0011,7.8310), (+1.0180,7.8310), (+1.0348,7.8310), (+1.0517,7.8318), (+1.0686,7.8282), (+1.0855,7.8230), (+1.1024,7.8226), (+1.1193,7.8226), (+1.1362,7.8234), (+1.1531,7.8198), (+1.1700,7.8146), (+1.1869,7.8141), (+1.2038,7.8137), (+1.2223,7.8085), (+1.2328,7.8041), (+1.2223,7.8085), (+1.2038,7.8137), (+1.1869,7.8141), (+1.1700,7.8146), (+1.1531,7.8198), (+1.1362,7.8234), (+1.1193,7.8226), (+1.1024,7.8226), (+1.0855,7.8230), (+1.0686,7.8282), (+1.0517,7.8318), (+1.0348,7.8310), (+1.0180,7.8310), (+1.0011,7.8310), (+0.9842,7.8310), (+0.9673,7.8310), (+0.9504,7.8310), (+0.9335,7.8310), (+0.9166,7.8318), (+0.8997,7.8282), (+0.8828,7.8230), (+0.8659,7.8234), (+0.8490,7.8198), (+0.8321,7.8154), (+0.8152,7.8113), (+0.7983,7.8065), (+0.7814,7.7981), (+0.7645,7.7860), (+0.7476,7.7727), (+0.7299,7.7550), (+0.7166,7.7381), (+0.7050,7.7212), (+0.6885,7.7043), (+0.6720,7.6874), (+0.6603,7.6701), (+0.6471,7.6613), (+0.6294,7.6569), (+0.6125,7.6444), (+0.5956,7.6359), (+0.5787,7.6307), (+0.5602,7.6207), (+0.5497,7.6154), (+0.5602,7.6207), (+0.5787,7.6315), (+0.5960,7.6339), (+0.6052,7.6207), (+0.6012,7.6030), (+0.5960,7.5861), (+0.5956,7.5692), (+0.5964,7.5523), (+0.5927,7.5354), (+0.5875,7.5185), (+0.5867,7.5016), (+0.5823,7.4847), (+0.5750,7.4678), (+0.5702,7.4509), (+0.5646,7.4324), (+0.5602,7.4219), (+0.5646,7.4324), (+0.5702,7.4509), (+0.5750,7.4678), (+0.5823,7.4847), (+0.5867,7.5016), (+0.5875,7.5185), (+0.5927,7.5354), (+0.5964,7.5523), (+0.5956,7.5692), (+0.5960,7.5861), (+0.6012,7.6030), (+0.6040,7.6199), (+0.6064,7.6376), (+0.6201,7.6516), (+0.6378,7.6609), (+0.6543,7.6605), (+0.6656,7.6460), (+0.6736,7.6283), (+0.6877,7.6106), (+0.7054,7.5969), (+0.7223,7.5941), (+0.7392,7.5993), (+0.7561,7.6070), (+0.7730,7.6166), (+0.7907,7.6211), (+0.8047,7.6118), (+0.7999,7.5945), (+0.7870,7.5776), (+0.7742,7.5607), (+0.7609,7.5438), (+0.7512,7.5269), (+0.7392,7.5100), (+0.7271,7.4931), (+0.7166,7.4762), (+0.7070,7.4593), (+0.6985,7.4424), (+0.6901,7.4256), (+0.6817,7.4087), (+0.6744,7.3918), (+0.6680,7.3749), (+0.6635,7.3580), (+0.6631,7.3411), (+0.6631,7.3234), (+0.6631,7.3234), (+0.6631,7.3411), (+0.6635,7.3580), (+0.6680,7.3749), (+0.6744,7.3918), (+0.6817,7.4087), (+0.6901,7.4256), (+0.6985,7.4424), (+0.7070,7.4593), (+0.7166,7.4762), (+0.7271,7.4931), (+0.7392,7.5100), (+0.7512,7.5269), (+0.7609,7.5438), (+0.7742,7.5607), (+0.7870,7.5776), (+0.7987,7.5957), (+0.8152,7.6009), (+0.8321,7.5869), (+0.8498,7.5692), (+0.8639,7.5523), (+0.8719,7.5354), (+0.8699,7.5177), (+0.8570,7.5044), (+0.8397,7.5060), (+0.8249,7.5205), (+0.8204,7.5297), (+0.8144,7.5217), (+0.7975,7.5209), (+0.7830,7.5185), (+0.7830,7.5008), (+0.7975,7.4879), (+0.8152,7.4819), (+0.8333,7.4742), (+0.8389,7.4601), (+0.8301,7.4416), (+0.8160,7.4280), (+0.7983,7.4247), (+0.7806,7.4252), (+0.7673,7.4344), (+0.7557,7.4489), (+0.7384,7.4429), (+0.7384,7.4429), (+0.7573,7.4489), (+0.7617,7.4348), (+0.7496,7.4171), (+0.7436,7.4002), (+0.7545,7.3966), (+0.7738,7.3958), (+0.7883,7.3829), (+0.7874,7.3664), (+0.7770,7.3495), (+0.7697,7.3322), (+0.7569,7.3238), (+0.7392,7.3238), (+0.7223,7.3326), (+0.7038,7.3403), (+0.6933,7.3383), (+0.7054,7.3403), (+0.7175,7.3334), (+0.7062,7.3214), (+0.7046,7.3065), (+0.7223,7.2956), (+0.7408,7.2980), (+0.7508,7.2908), (+0.7496,7.2735), (+0.7448,7.2566), (+0.7396,7.2397), (+0.7396,7.2220), (+0.7311,7.2079), (+0.7138,7.1995), (+0.6969,7.1959), (+0.6800,7.2011), (+0.6627,7.2015), (+0.6539,7.1955), (+0.6644,7.2023), (+0.6740,7.1987), (+0.6768,7.1806), (+0.6829,7.1633), (+0.6724,7.1544), (+0.6563,7.1641), (+0.6563,7.1641), (+0.6708,7.1552), (+0.6885,7.1613), (+0.7054,7.1709), (+0.7223,7.1705), (+0.7255,7.1560), (+0.7215,7.1383), (+0.7223,7.1214), (+0.7231,7.1045), (+0.7199,7.0868), (+0.7062,7.0732), (+0.6885,7.0695), (+0.6716,7.0663), (+0.6539,7.0647), (+0.6402,7.0555), (+0.6366,7.0362), (+0.6458,7.0225), (+0.6631,7.0189), (+0.6800,7.0285), (+0.6977,7.0378), (+0.7114,7.0289), (+0.7146,7.0116), (+0.7138,6.9947), (+0.7134,6.9778), (+0.7090,6.9609), (+0.7022,6.9432), (+0.6893,6.9304), (+0.6716,6.9227), (+0.6547,6.9227), (+0.6370,6.9243), (+0.6225,6.9110), (+0.6225,6.8933), (+0.6378,6.8756), (+0.6378,6.8756), (+0.6225,6.8933), (+0.6225,6.9110), (+0.6386,6.9251), (+0.6495,6.9199), (+0.6471,6.9010), (+0.6543,6.8865), (+0.6716,6.8873), (+0.6893,6.8990), (+0.7030,6.8946), (+0.7062,6.8765), (+0.7050,6.8596), (+0.6998,6.8427), (+0.6961,6.8258), (+0.6973,6.8089), (+0.6889,6.7916), (+0.6716,6.7831), (+0.6547,6.7835), (+0.6378,6.7843), (+0.6205,6.7811), (+0.6121,6.7674), (+0.6121,6.7489), (+0.6213,6.7344), (+0.6213,6.7344), (+0.6121,6.7489), (+0.6121,6.7674), (+0.6213,6.7815), (+0.6350,6.7763), (+0.6322,6.7574), (+0.6306,6.7574), (+0.6398,6.7755), (+0.6539,6.7839), (+0.6716,6.7831), (+0.6885,6.7920), (+0.7054,6.8000), (+0.7223,6.8032), (+0.7392,6.8089), (+0.7561,6.8145), (+0.7738,6.8185), (+0.7879,6.8085), (+0.7826,6.7940), (+0.7645,6.7863), (+0.7476,6.7807), (+0.7307,6.7727), (+0.7138,6.7674), (+0.6969,6.7582), (+0.6800,6.7493), (+0.6615,6.7505), (+0.6503,6.7457), (+0.6503,6.7393), (+0.6615,6.7465), (+0.6804,6.7481), (+0.6885,6.7336), (+0.6833,6.7159), (+0.6712,6.6990), (+0.6547,6.6818), (+0.6378,6.6733), (+0.6209,6.6737), (+0.6040,6.6737), (+0.5863,6.6733), (+0.5726,6.6818), (+0.5694,6.6990), (+0.5694,6.7159), (+0.5730,6.7328), (+0.5783,6.7497), (+0.5787,6.7666), (+0.5791,6.7835), (+0.5843,6.8004), (+0.5879,6.8173), (+0.5871,6.8342), (+0.5863,6.8511), (+0.5899,6.8680), (+0.5952,6.8849), (+0.5956,6.9018), (+0.5956,6.9187), (+0.5948,6.9356), (+0.5984,6.9525), (+0.6036,6.9694), (+0.6040,6.9863), (+0.6040,7.0048), (+0.6040,7.0152), (+0.6040,7.0048), (+0.6040,6.9863), (+0.6036,6.9694), (+0.5984,6.9525), (+0.5948,6.9356), (+0.5956,6.9187), (+0.5956,6.9018), (+0.5952,6.8849), (+0.5907,6.8680), (+0.5839,6.8507), (+0.5710,6.8423), (+0.5533,6.8435), (+0.5348,6.8398), (+0.5244,6.8350), (+0.5348,6.8398), (+0.5533,6.8435), (+0.5710,6.8431), (+0.5847,6.8346), (+0.5887,6.8173), (+0.5843,6.8004), (+0.5791,6.7835), (+0.5787,6.7666), (+0.5783,6.7497), (+0.5730,6.7328), (+0.5694,6.7159), (+0.5710,6.6990), (+0.5678,6.6813), (+0.5541,6.6677), (+0.5364,6.6645), (+0.5195,6.6661), (+0.5010,6.6624), (+0.4906,6.6576), (+0.5010,6.6624), (+0.5195,6.6661), (+0.5364,6.6645), (+0.5533,6.6681), (+0.5702,6.6733), (+0.5871,6.6737), (+0.6040,6.6737), (+0.6209,6.6737), (+0.6378,6.6741), (+0.6543,6.6657), (+0.6660,6.6488), (+0.6792,6.6367), (+0.6969,6.6319), (+0.7138,6.6315), (+0.7307,6.6323), (+0.7476,6.6287), (+0.7645,6.6234), (+0.7814,6.6230), (+0.7983,6.6230), (+0.8152,6.6230), (+0.8321,6.6226), (+0.8490,6.6176)
  stroke[ 31] ( 15 pts): (+0.5111,6.5647), (+0.5280,6.5747), (+0.5449,6.5832), (+0.5618,6.5892), (+0.5787,6.5953), (+0.5956,6.6045), (+0.6133,6.6134), (+0.6133,6.6134), (+0.5956,6.6045), (+0.5787,6.5953), (+0.5618,6.5892), (+0.5449,6.5832), (+0.5280,6.5739), (+0.5095,6.5659), (+0.5002,6.5633)
  stroke[ 32] ( 11 pts): (+0.6125,6.4808), (+0.6294,6.4897), (+0.6463,6.4963), (+0.6631,6.5023), (+0.6817,6.5112), (+0.6921,6.5148), (+0.6817,6.5112), (+0.6631,6.5023), (+0.6463,6.4963), (+0.6294,6.4903), (+0.6125,6.4824)
  stroke[ 33] (  6 pts): (+0.5364,6.4464), (+0.5533,6.4565), (+0.5718,6.4649), (+0.5823,6.4702), (+0.5718,6.4649), (+0.5545,6.4571)
  stroke[ 34] ( 24 pts): (+0.9254,6.3696), (+0.9075,6.3865), (+0.8941,6.4034), (+0.8824,6.4203), (+0.8659,6.4372), (+0.8494,6.4541), (+0.8369,6.4710), (+0.8265,6.4879), (+0.8168,6.5056), (+0.8224,6.5192), (+0.8405,6.5225), (+0.8591,6.5216), (+0.8695,6.5216), (+0.8591,6.5216), (+0.8405,6.5225), (+0.8224,6.5192), (+0.8168,6.5056), (+0.8265,6.4879), (+0.8369,6.4710), (+0.8494,6.4541), (+0.8659,6.4372), (+0.8824,6.4203), (+0.8941,6.4034), (+0.9081,6.3865)
  stroke[ 35] ( 35 pts): (+0.3675,5.9556), (+0.3675,5.9725), (+0.3683,5.9894), (+0.3647,6.0063), (+0.3594,6.0232), (+0.3586,6.0401), (+0.3534,6.0570), (+0.3498,6.0739), (+0.3502,6.0908), (+0.3449,6.1077), (+0.3413,6.1246), (+0.3421,6.1415), (+0.3421,6.1584), (+0.3421,6.1753), (+0.3413,6.1922), (+0.3449,6.2091), (+0.3506,6.2260), (+0.3570,6.2437), (+0.3570,6.2437), (+0.3506,6.2260), (+0.3449,6.2091), (+0.3413,6.1922), (+0.3421,6.1753), (+0.3421,6.1584), (+0.3421,6.1415), (+0.3413,6.1246), (+0.3449,6.1077), (+0.3502,6.0908), (+0.3498,6.0739), (+0.3534,6.0570), (+0.3586,6.0401), (+0.3594,6.0232), (+0.3647,6.0063), (+0.3683,5.9894), (+0.3681,5.9725)
  stroke[ 36] ( 14 pts): (+0.3685,5.8205), (+0.3663,5.8374), (+0.3679,5.8543), (+0.3731,5.8712), (+0.3767,5.8881), (+0.3759,5.9050), (+0.3759,5.9235), (+0.3759,5.9339), (+0.3759,5.9235), (+0.3759,5.9050), (+0.3767,5.8881), (+0.3731,5.8712), (+0.3679,5.8543), (+0.3669,5.8374)
  stroke[ 37] (  7 pts): (+0.5465,5.7489), (+0.5262,5.7541), (+0.5187,5.7706), (+0.5276,5.7843), (+0.5457,5.7879), (+0.5602,5.7786), (+0.5600,5.7626)
  stroke[ 38] (  7 pts): (+0.5348,5.7455), (+0.5551,5.7553), (+0.5626,5.7698), (+0.5537,5.7843), (+0.5356,5.7879), (+0.5211,5.7786), (+0.5213,5.7626)
  stroke[ 39] (  7 pts): (+0.8251,5.7076), (+0.8049,5.7058), (+0.7915,5.7183), (+0.7915,5.7364), (+0.8068,5.7453), (+0.8206,5.7378), (+0.8247,5.7175)
  stroke[ 40] (  7 pts): (+0.8158,5.7012), (+0.8249,5.7203), (+0.8212,5.7364), (+0.8068,5.7453), (+0.7915,5.7364), (+0.7911,5.7203), (+0.8072,5.7012)
  stroke[ 41] (  8 pts): (+0.5036,5.4059), (+0.4845,5.3969), (+0.4684,5.4005), (+0.4592,5.4142), (+0.4628,5.4323), (+0.4765,5.4415), (+0.4946,5.4379), (+0.5026,5.4246)
  stroke[ 42] (  8 pts): (+0.4948,5.3971), (+0.5038,5.4162), (+0.5002,5.4323), (+0.4865,5.4415), (+0.4684,5.4379), (+0.4592,5.4242), (+0.4628,5.4061), (+0.4761,5.3981)
  stroke[ 43] (  8 pts): (+0.8082,5.3629), (+0.7881,5.3559), (+0.7754,5.3639), (+0.7718,5.3812), (+0.7810,5.3993), (+0.7991,5.4045), (+0.8122,5.3927), (+0.8162,5.3703)
  stroke[ 44] (  8 pts): (+0.7979,5.3559), (+0.8140,5.3728), (+0.8136,5.3905), (+0.7991,5.4045), (+0.7810,5.3993), (+0.7718,5.3812), (+0.7748,5.3649), (+0.7899,5.3538)
  stroke[ 45] ( 94 pts): (+0.7645,5.2863), (+0.7476,5.2804), (+0.7307,5.2798), (+0.7138,5.2798), (+0.6969,5.2798), (+0.6800,5.2798), (+0.6631,5.2798), (+0.6463,5.2802), (+0.6294,5.2855), (+0.6125,5.2891), (+0.5956,5.2883), (+0.5787,5.2887), (+0.5618,5.2939), (+0.5449,5.2979), (+0.5280,5.3016), (+0.5111,5.3080), (+0.4942,5.3156), (+0.4773,5.3297), (+0.4596,5.3474), (+0.4455,5.3643), (+0.4367,5.3812), (+0.4282,5.3981), (+0.4210,5.4150), (+0.4145,5.4319), (+0.4101,5.4488), (+0.4097,5.4657), (+0.4097,5.4826), (+0.4097,5.4995), (+0.4101,5.5164), (+0.4153,5.5333), (+0.4190,5.5502), (+0.4182,5.5671), (+0.4186,5.5839), (+0.4238,5.6008), (+0.4274,5.6177), (+0.4270,5.6346), (+0.4322,5.6515), (+0.4363,5.6684), (+0.4407,5.6853), (+0.4447,5.7022), (+0.4495,5.7191), (+0.4588,5.7360), (+0.4664,5.7529), (+0.4777,5.7698), (+0.4942,5.7867), (+0.5111,5.8036), (+0.5280,5.8213), (+0.5449,5.8354), (+0.5618,5.8430), (+0.5787,5.8494), (+0.5956,5.8539), (+0.6125,5.8543), (+0.6294,5.8543), (+0.6463,5.8539), (+0.6631,5.8486), (+0.6800,5.8450), (+0.6969,5.8466), (+0.7138,5.8430), (+0.7307,5.8374), (+0.7476,5.8326), (+0.7645,5.8261), (+0.7814,5.8185), (+0.7983,5.8044), (+0.8160,5.7867), (+0.8301,5.7698), (+0.8389,5.7529), (+0.8474,5.7360), (+0.8554,5.7191), (+0.8587,5.7022), (+0.8631,5.6853), (+0.8667,5.6684), (+0.8659,5.6515), (+0.8659,5.6346), (+0.8659,5.6177), (+0.8659,5.6008), (+0.8659,5.5839), (+0.8659,5.5671), (+0.8659,5.5502), (+0.8659,5.5333), (+0.8659,5.5164), (+0.8659,5.4995), (+0.8659,5.4826), (+0.8667,5.4657), (+0.8631,5.4488), (+0.8578,5.4319), (+0.8582,5.4150), (+0.8546,5.3981), (+0.8490,5.3812), (+0.8438,5.3643), (+0.8309,5.3474), (+0.8180,5.3305), (+0.8064,5.3128), (+0.7911,5.2991), (+0.7720,5.2893)
  stroke[ 46] ( 94 pts): (+0.7561,5.2816), (+0.7730,5.2895), (+0.7899,5.2987), (+0.8064,5.3128), (+0.8180,5.3305), (+0.8309,5.3474), (+0.8438,5.3643), (+0.8490,5.3812), (+0.8546,5.3981), (+0.8582,5.4150), (+0.8578,5.4319), (+0.8631,5.4488), (+0.8667,5.4657), (+0.8659,5.4826), (+0.8659,5.4995), (+0.8659,5.5164), (+0.8659,5.5333), (+0.8659,5.5502), (+0.8659,5.5671), (+0.8659,5.5839), (+0.8659,5.6008), (+0.8659,5.6177), (+0.8659,5.6346), (+0.8659,5.6515), (+0.8667,5.6684), (+0.8631,5.6853), (+0.8587,5.7022), (+0.8554,5.7191), (+0.8474,5.7360), (+0.8389,5.7529), (+0.8301,5.7698), (+0.8160,5.7867), (+0.7983,5.8044), (+0.7814,5.8185), (+0.7645,5.8261), (+0.7476,5.8326), (+0.7307,5.8374), (+0.7138,5.8430), (+0.6969,5.8466), (+0.6800,5.8450), (+0.6631,5.8486), (+0.6463,5.8539), (+0.6294,5.8543), (+0.6125,5.8543), (+0.5956,5.8539), (+0.5787,5.8494), (+0.5618,5.8430), (+0.5449,5.8354), (+0.5280,5.8213), (+0.5111,5.8036), (+0.4942,5.7867), (+0.4777,5.7698), (+0.4664,5.7529), (+0.4588,5.7360), (+0.4495,5.7191), (+0.4447,5.7022), (+0.4407,5.6853), (+0.4363,5.6684), (+0.4322,5.6515), (+0.4270,5.6346), (+0.4274,5.6177), (+0.4238,5.6008), (+0.4186,5.5839), (+0.4182,5.5671), (+0.4190,5.5502), (+0.4153,5.5333), (+0.4101,5.5164), (+0.4097,5.4995), (+0.4097,5.4826), (+0.4097,5.4657), (+0.4101,5.4488), (+0.4145,5.4319), (+0.4210,5.4150), (+0.4282,5.3981), (+0.4367,5.3812), (+0.4455,5.3643), (+0.4596,5.3474), (+0.4773,5.3297), (+0.4942,5.3156), (+0.5111,5.3080), (+0.5280,5.3016), (+0.5449,5.2979), (+0.5618,5.2939), (+0.5787,5.2887), (+0.5956,5.2883), (+0.6125,5.2891), (+0.6294,5.2855), (+0.6463,5.2802), (+0.6631,5.2798), (+0.6800,5.2798), (+0.6969,5.2798), (+0.7138,5.2798), (+0.7307,5.2798), (+0.7476,5.2798)
  stroke[ 47] (220 pts): (+0.7223,5.2058), (+0.7392,5.2116), (+0.7561,5.2114), (+0.7730,5.2143), (+0.7899,5.2227), (+0.8068,5.2368), (+0.8237,5.2545), (+0.8414,5.2714), (+0.8554,5.2883), (+0.8631,5.3052), (+0.8695,5.3221), (+0.8739,5.3406), (+0.8743,5.3510), (+0.8739,5.3406), (+0.8695,5.3221), (+0.8631,5.3052), (+0.8554,5.2883), (+0.8414,5.2714), (+0.8237,5.2545), (+0.8068,5.2368), (+0.7899,5.2227), (+0.7730,5.2143), (+0.7561,5.2114), (+0.7392,5.2118), (+0.7223,5.2058), (+0.7054,5.2058), (+0.6885,5.2118), (+0.6716,5.2122), (+0.6547,5.2122), (+0.6378,5.2122), (+0.6209,5.2114), (+0.6040,5.2151), (+0.5871,5.2203), (+0.5702,5.2199), (+0.5533,5.2235), (+0.5364,5.2287), (+0.5195,5.2295), (+0.5026,5.2348), (+0.4857,5.2388), (+0.4688,5.2436), (+0.4520,5.2521), (+0.4351,5.2633), (+0.4186,5.2798), (+0.4061,5.2967), (+0.3956,5.3136), (+0.3868,5.3305), (+0.3751,5.3474), (+0.3667,5.3643), (+0.3618,5.3812), (+0.3582,5.3981), (+0.3590,5.4150), (+0.3590,5.4319), (+0.3590,5.4488), (+0.3590,5.4657), (+0.3590,5.4826), (+0.3594,5.4995), (+0.3647,5.5164), (+0.3683,5.5333), (+0.3675,5.5502), (+0.3667,5.5671), (+0.3703,5.5839), (+0.3755,5.6008), (+0.3759,5.6177), (+0.3763,5.6346), (+0.3816,5.6515), (+0.3856,5.6684), (+0.3900,5.6853), (+0.3936,5.7022), (+0.3932,5.7191), (+0.3985,5.7360), (+0.4025,5.7529), (+0.4073,5.7698), (+0.4157,5.7867), (+0.4266,5.8036), (+0.4379,5.8205), (+0.4511,5.8374), (+0.4688,5.8539), (+0.4857,5.8655), (+0.5026,5.8784), (+0.5195,5.8905), (+0.5364,5.8989), (+0.5533,5.9038), (+0.5702,5.9078), (+0.5871,5.9130), (+0.6040,5.9134), (+0.6209,5.9142), (+0.6378,5.9106), (+0.6547,5.9054), (+0.6716,5.9050), (+0.6885,5.9058), (+0.7054,5.9021), (+0.7223,5.8969), (+0.7392,5.8961), (+0.7561,5.8909), (+0.7730,5.8869), (+0.7899,5.8820), (+0.8068,5.8736), (+0.8237,5.8623), (+0.8401,5.8458), (+0.8526,5.8289), (+0.8619,5.8120), (+0.8687,5.7951), (+0.8759,5.7782), (+0.8852,5.7614), (+0.8908,5.7445), (+0.8912,5.7276), (+0.8916,5.7107), (+0.8969,5.6938), (+0.9005,5.6769), (+0.8997,5.6584), (+0.8997,5.6479), (+0.8997,5.6584), (+0.9005,5.6769), (+0.8969,5.6938), (+0.8916,5.7107), (+0.8912,5.7276), (+0.8908,5.7445), (+0.8852,5.7614), (+0.8759,5.7782), (+0.8687,5.7951), (+0.8619,5.8120), (+0.8526,5.8289), (+0.8401,5.8458), (+0.8237,5.8623), (+0.8068,5.8736), (+0.7899,5.8820), (+0.7730,5.8869), (+0.7561,5.8909), (+0.7392,5.8961), (+0.7223,5.8969), (+0.7054,5.9021), (+0.6885,5.9058), (+0.6716,5.9050), (+0.6547,5.9054), (+0.6378,5.9106), (+0.6209,5.9142), (+0.6040,5.9134), (+0.5871,5.9130), (+0.5702,5.9078), (+0.5533,5.9038), (+0.5364,5.8989), (+0.5195,5.8905), (+0.5026,5.8784), (+0.4857,5.8655), (+0.4688,5.8539), (+0.4511,5.8374), (+0.4379,5.8205), (+0.4266,5.8036), (+0.4153,5.7859), (+0.4021,5.7722), (+0.3836,5.7686), (+0.3699,5.7795), (+0.3667,5.7903), (+0.3679,5.7791), (+0.3586,5.7630), (+0.3582,5.7634), (+0.3759,5.7702), (+0.3932,5.7674), (+0.4025,5.7537), (+0.3985,5.7360), (+0.3932,5.7191), (+0.3936,5.7022), (+0.3900,5.6853), (+0.3856,5.6684), (+0.3820,5.6511), (+0.3683,5.6427), (+0.3490,5.6419), (+0.3385,5.6403), (+0.3490,5.6427), (+0.3679,5.6407), (+0.3763,5.6270), (+0.3767,5.6093), (+0.3731,5.5924), (+0.3679,5.5755), (+0.3675,5.5586), (+0.3675,5.5417), (+0.3679,5.5240), (+0.3594,5.5103), (+0.3421,5.5079), (+0.3244,5.5055), (+0.3244,5.5055), (+0.3429,5.5091), (+0.3566,5.4999), (+0.3598,5.4826), (+0.3590,5.4657), (+0.3590,5.4488), (+0.3590,5.4319), (+0.3598,5.4150), (+0.3566,5.3977), (+0.3429,5.3888), (+0.3252,5.3840), (+0.3067,5.3804), (+0.2963,5.3812), (+0.3067,5.3804), (+0.3252,5.3840), (+0.3421,5.3897), (+0.3594,5.3816), (+0.3675,5.3643), (+0.3751,5.3474), (+0.3868,5.3305), (+0.3956,5.3136), (+0.4061,5.2967), (+0.4186,5.2798), (+0.4351,5.2633), (+0.4520,5.2521), (+0.4688,5.2436), (+0.4857,5.2388), (+0.5026,5.2348), (+0.5195,5.2295), (+0.5364,5.2287), (+0.5533,5.2235), (+0.5702,5.2199), (+0.5871,5.2203), (+0.6040,5.2151), (+0.6209,5.2114), (+0.6378,5.2122), (+0.6547,5.2122), (+0.6716,5.2122), (+0.6885,5.2118), (+0.7054,5.2068)
  stroke[ 48] ( 10 pts): (+0.2396,5.1362), (+0.2438,5.1531), (+0.2508,5.1700), (+0.2593,5.1869), (+0.2685,5.2054), (+0.2737,5.2159), (+0.2685,5.2054), (+0.2593,5.1869), (+0.2508,5.1700), (+0.2432,5.1531)
  stroke[ 49] (  7 pts): (+0.8152,4.8743), (+0.8152,4.8912), (+0.8152,4.9081), (+0.8152,4.9258), (+0.8152,4.9258), (+0.8152,4.9081), (+0.8152,4.8912)
  stroke[ 50] ( 17 pts): (+0.8068,4.6885), (+0.8068,4.7054), (+0.8068,4.7223), (+0.8068,4.7392), (+0.8068,4.7561), (+0.8068,4.7730), (+0.8068,4.7899), (+0.8068,4.8068), (+0.8068,4.8245), (+0.8068,4.8245), (+0.8068,4.8068), (+0.8068,4.7899), (+0.8068,4.7730), (+0.8068,4.7561), (+0.8068,4.7392), (+0.8068,4.7223), (+0.8068,4.7054)
  stroke[ 51] (  5 pts): (+0.7983,4.6273), (+0.7983,4.6487), (+0.7983,4.6640), (+0.7983,4.6640), (+0.7983,4.6487)
  stroke[ 52] (  5 pts): (+0.7899,4.5682), (+0.7899,4.5895), (+0.7899,4.6048), (+0.7899,4.6048), (+0.7899,4.5895)
  stroke[ 53] ( 33 pts): (+0.0893,4.3928), (+0.1002,4.4097), (+0.1112,4.4266), (+0.1209,4.4435), (+0.1285,4.4604), (+0.1394,4.4773), (+0.1515,4.4942), (+0.1611,4.5111), (+0.1732,4.5280), (+0.1840,4.5449), (+0.1929,4.5618), (+0.2033,4.5787), (+0.2154,4.5956), (+0.2275,4.6125), (+0.2379,4.6294), (+0.2468,4.6463), (+0.2589,4.6640), (+0.2589,4.6640), (+0.2468,4.6463), (+0.2379,4.6294), (+0.2275,4.6125), (+0.2154,4.5956), (+0.2033,4.5787), (+0.1929,4.5618), (+0.1840,4.5449), (+0.1732,4.5280), (+0.1611,4.5111), (+0.1515,4.4942), (+0.1394,4.4773), (+0.1285,4.4604), (+0.1209,4.4435), (+0.1112,4.4266), (+0.1008,4.4097)
  stroke[ 54] ( 16 pts): (+0.0384,4.3506), (+0.0374,4.3675), (+0.0408,4.3844), (+0.0461,4.4013), (+0.0457,4.4182), (+0.0493,4.4351), (+0.0545,4.4520), (+0.0549,4.4705), (+0.0549,4.4809), (+0.0549,4.4705), (+0.0545,4.4520), (+0.0493,4.4351), (+0.0457,4.4182), (+0.0461,4.4013), (+0.0408,4.3844), (+0.0380,4.3675)
  stroke[ 55] ( 12 pts): (+1.3474,4.3236), (+1.3305,4.3168), (+1.3136,4.3188), (+1.2967,4.3272), (+1.2794,4.3413), (+1.2706,4.3590), (+1.2794,4.3763), (+1.2967,4.3856), (+1.3144,4.3820), (+1.3285,4.3683), (+1.3378,4.3506), (+1.3456,4.3337)
  stroke[ 56] ( 25 pts): (+0.1478,4.3007), (+0.1647,4.3108), (+0.1816,4.3184), (+0.1985,4.3268), (+0.2154,4.3353), (+0.2323,4.3437), (+0.2492,4.3522), (+0.2661,4.3618), (+0.2830,4.3731), (+0.2999,4.3828), (+0.3168,4.3912), (+0.3353,4.4005), (+0.3458,4.4057), (+0.3353,4.4005), (+0.3168,4.3912), (+0.2999,4.3828), (+0.2830,4.3731), (+0.2661,4.3618), (+0.2492,4.3522), (+0.2323,4.3437), (+0.2154,4.3353), (+0.1985,4.3268), (+0.1816,4.3184), (+0.1647,4.3100), (+0.1478,4.3023)
  stroke[ 57] (  8 pts): (+0.7388,4.2925), (+0.7567,4.3023), (+0.7710,4.3160), (+0.7802,4.3345), (+0.7802,4.3345), (+0.7710,4.3160), (+0.7569,4.3019), (+0.7398,4.2933)
  stroke[ 58] (142 pts): (+0.8237,4.2484), (+0.8068,4.2504), (+0.7899,4.2548), (+0.7730,4.2577), (+0.7561,4.2605), (+0.7392,4.2649), (+0.7215,4.2685), (+0.7078,4.2822), (+0.7042,4.3007), (+0.7134,4.3148), (+0.7315,4.3228), (+0.7456,4.3341), (+0.7545,4.3506), (+0.7625,4.3675), (+0.7657,4.3844), (+0.7706,4.4013), (+0.7786,4.4182), (+0.7850,4.4351), (+0.7887,4.4520), (+0.7923,4.4697), (+0.8060,4.4833), (+0.8237,4.4857), (+0.8405,4.4886), (+0.8574,4.4938), (+0.8759,4.4942), (+0.8864,4.4942), (+0.8759,4.4942), (+0.8574,4.4938), (+0.8405,4.4886), (+0.8237,4.4857), (+0.8060,4.4833), (+0.7923,4.4697), (+0.7895,4.4520), (+0.7810,4.4343), (+0.7669,4.4343), (+0.7637,4.4528), (+0.7637,4.4528), (+0.7685,4.4351), (+0.7762,4.4182), (+0.7714,4.4013), (+0.7657,4.3844), (+0.7625,4.3675), (+0.7545,4.3506), (+0.7456,4.3341), (+0.7315,4.3212), (+0.7134,4.3196), (+0.7050,4.3329), (+0.7058,4.3506), (+0.7110,4.3675), (+0.7146,4.3844), (+0.7138,4.4013), (+0.7130,4.4182), (+0.7166,4.4351), (+0.7219,4.4520), (+0.7223,4.4688), (+0.7215,4.4857), (+0.7251,4.5026), (+0.7303,4.5195), (+0.7307,4.5364), (+0.7299,4.5533), (+0.7335,4.5702), (+0.7388,4.5871), (+0.7392,4.6040), (+0.7392,4.6209), (+0.7392,4.6378), (+0.7392,4.6547), (+0.7396,4.6716), (+0.7448,4.6885), (+0.7484,4.7054), (+0.7476,4.7223), (+0.7476,4.7392), (+0.7468,4.7561), (+0.7504,4.7730), (+0.7557,4.7899), (+0.7561,4.8068), (+0.7561,4.8237), (+0.7553,4.8405), (+0.7589,4.8574), (+0.7641,4.8743), (+0.7645,4.8912), (+0.7645,4.9081), (+0.7645,4.9250), (+0.7641,4.9419), (+0.7726,4.9592), (+0.7899,4.9669), (+0.8068,4.9701), (+0.8237,4.9753), (+0.8405,4.9757), (+0.8591,4.9757), (+0.8695,4.9757), (+0.8591,4.9757), (+0.8405,4.9757), (+0.8237,4.9753), (+0.8068,4.9701), (+0.7899,4.9669), (+0.7726,4.9592), (+0.7641,4.9419), (+0.7645,4.9250), (+0.7645,4.9081), (+0.7645,4.8912), (+0.7641,4.8743), (+0.7589,4.8574), (+0.7553,4.8405), (+0.7561,4.8237), (+0.7561,4.8068), (+0.7557,4.7899), (+0.7504,4.7730), (+0.7468,4.7561), (+0.7476,4.7392), (+0.7476,4.7223), (+0.7484,4.7054), (+0.7448,4.6885), (+0.7396,4.6716), (+0.7392,4.6547), (+0.7392,4.6378), (+0.7392,4.6209), (+0.7392,4.6040), (+0.7388,4.5871), (+0.7335,4.5702), (+0.7299,4.5533), (+0.7307,4.5364), (+0.7303,4.5195), (+0.7251,4.5026), (+0.7215,4.4857), (+0.7223,4.4688), (+0.7219,4.4520), (+0.7166,4.4351), (+0.7130,4.4182), (+0.7138,4.4013), (+0.7146,4.3844), (+0.7110,4.3675), (+0.7058,4.3506), (+0.7054,4.3337), (+0.7054,4.3168), (+0.7046,4.2999), (+0.7078,4.2822), (+0.7215,4.2685), (+0.7392,4.2649), (+0.7561,4.2605), (+0.7730,4.2577), (+0.7899,4.2548), (+0.8068,4.2504)
  stroke[ 59] (  6 pts): (+1.1622,4.2408), (+1.1760,4.2577), (+1.1764,4.2762), (+1.1708,4.2866), (+1.1764,4.2762), (+1.1754,4.2589)
  stroke[ 60] ( 20 pts): (+0.3759,4.0790), (+0.3590,4.0833), (+0.3421,4.0903), (+0.3252,4.0996), (+0.3083,4.1056), (+0.2914,4.1116), (+0.2746,4.1209), (+0.2577,4.1281), (+0.2408,4.1338), (+0.2223,4.1418), (+0.2118,4.1470), (+0.2223,4.1418), (+0.2408,4.1338), (+0.2577,4.1281), (+0.2746,4.1209), (+0.2914,4.1116), (+0.3083,4.1056), (+0.3252,4.0996), (+0.3421,4.0903), (+0.3590,4.0827)
  stroke[ 61] (124 pts): (+1.3144,4.0803), (+1.3003,4.0971), (+1.2935,4.1140), (+1.2979,4.1309), (+1.3136,4.1478), (+1.3281,4.1647), (+1.3317,4.1816), (+1.3353,4.1985), (+1.3426,4.2154), (+1.3470,4.2323), (+1.3482,4.2492), (+1.3446,4.2661), (+1.3394,4.2830), (+1.3386,4.3007), (+1.3470,4.3144), (+1.3643,4.3180), (+1.3812,4.3216), (+1.3981,4.3289), (+1.4150,4.3337), (+1.4327,4.3397), (+1.4456,4.3349), (+1.4524,4.3168), (+1.4568,4.2999), (+1.4572,4.2830), (+1.4576,4.2661), (+1.4633,4.2492), (+1.4725,4.2323), (+1.4806,4.2154), (+1.4834,4.1969), (+1.4826,4.1865), (+1.4834,4.1969), (+1.4806,4.2154), (+1.4725,4.2323), (+1.4633,4.2492), (+1.4576,4.2661), (+1.4572,4.2830), (+1.4568,4.2999), (+1.4516,4.3168), (+1.4472,4.3337), (+1.4512,4.3510), (+1.4657,4.3594), (+1.4665,4.3578), (+1.4492,4.3558), (+1.4379,4.3659), (+1.4303,4.3844), (+1.4214,4.4013), (+1.4057,4.4198), (+1.3945,4.4302), (+1.4057,4.4198), (+1.4214,4.4013), (+1.4303,4.3844), (+1.4391,4.3675), (+1.4387,4.3498), (+1.4242,4.3369), (+1.4065,4.3301), (+1.3897,4.3252), (+1.3728,4.3188), (+1.3563,4.3184), (+1.3450,4.3329), (+1.3374,4.3506), (+1.3277,4.3675), (+1.3176,4.3844), (+1.3108,4.4013), (+1.3032,4.4182), (+1.2891,4.4355), (+1.2706,4.4439), (+1.2706,4.4439), (+1.2891,4.4355), (+1.3032,4.4182), (+1.3120,4.4005), (+1.3064,4.3876), (+1.2875,4.3812), (+1.2730,4.3683), (+1.2730,4.3506), (+1.2875,4.3341), (+1.3052,4.3220), (+1.3229,4.3176), (+1.3366,4.3087), (+1.3390,4.2914), (+1.3418,4.2746), (+1.3470,4.2577), (+1.3482,4.2408), (+1.3446,4.2239), (+1.3390,4.2070), (+1.3333,4.1901), (+1.3301,4.1732), (+1.3225,4.1563), (+1.3052,4.1386), (+1.2883,4.1241), (+1.2718,4.1241), (+1.2593,4.1386), (+1.2493,4.1563), (+1.2460,4.1732), (+1.2432,4.1901), (+1.2380,4.2070), (+1.2384,4.2239), (+1.2356,4.2408), (+1.2275,4.2577), (+1.2171,4.2762), (+1.2102,4.2866), (+1.2171,4.2762), (+1.2275,4.2577), (+1.2356,4.2408), (+1.2384,4.2239), (+1.2380,4.2070), (+1.2432,4.1901), (+1.2476,4.1732), (+1.2436,4.1563), (+1.2299,4.1398), (+1.2122,4.1277), (+1.1937,4.1217), (+1.1833,4.1197), (+1.1937,4.1217), (+1.2122,4.1277), (+1.2291,4.1402), (+1.2468,4.1486), (+1.2601,4.1398), (+1.2722,4.1225), (+1.2806,4.1056), (+1.2863,4.0879), (+1.2855,4.0879), (+1.2826,4.1064), (+1.2931,4.1068), (+1.3096,4.0875)
  stroke[ 62] (  6 pts): (+1.4657,3.8691), (+1.4488,3.8691), (+1.4303,3.8691), (+1.4198,3.8691), (+1.4303,3.8691), (+1.4476,3.8691)
  stroke[ 63] ( 44 pts): (+1.4544,3.8457), (+1.4777,3.8516), (+1.4862,3.8522), (+1.4757,3.8518), (+1.4572,3.8465), (+1.4403,3.8429), (+1.4234,3.8429), (+1.4057,3.8461), (+1.3921,3.8598), (+1.3888,3.8775), (+1.3897,3.8944), (+1.3897,3.9113), (+1.3901,3.9282), (+1.3953,3.9451), (+1.3989,3.9620), (+1.3973,3.9789), (+1.4009,3.9958), (+1.4057,4.0127), (+1.4146,4.0304), (+1.4319,4.0440), (+1.4488,4.0465), (+1.4657,4.0493), (+1.4826,4.0545), (+1.5011,4.0549), (+1.5115,4.0549), (+1.5011,4.0549), (+1.4826,4.0545), (+1.4657,4.0493), (+1.4488,4.0465), (+1.4319,4.0440), (+1.4146,4.0304), (+1.4057,4.0127), (+1.4009,3.9958), (+1.3973,3.9789), (+1.3989,3.9620), (+1.3953,3.9451), (+1.3901,3.9282), (+1.3897,3.9113), (+1.3897,3.8944), (+1.3888,3.8775), (+1.3921,3.8598), (+1.4057,3.8461), (+1.4234,3.8429), (+1.4403,3.8431)
  stroke[ 64] ( 29 pts): (+0.9757,3.6971), (+0.9588,3.6953), (+0.9419,3.7077), (+0.9250,3.7259), (+0.9081,3.7343), (+0.8912,3.7339), (+0.8743,3.7343), (+0.8574,3.7395), (+0.8405,3.7431), (+0.8237,3.7423), (+0.8068,3.7423), (+0.7899,3.7415), (+0.7726,3.7448), (+0.7633,3.7584), (+0.7669,3.7765), (+0.7806,3.7850), (+0.7983,3.7846), (+0.8152,3.7846), (+0.8321,3.7846), (+0.8490,3.7846), (+0.8659,3.7842), (+0.8828,3.7790), (+0.8997,3.7753), (+0.9166,3.7765), (+0.9335,3.7673), (+0.9504,3.7536), (+0.9681,3.7419), (+0.9811,3.7267), (+0.9852,3.7075)
  stroke[ 65] ( 36 pts): (+0.6209,3.6802), (+0.6040,3.6784), (+0.5871,3.6909), (+0.5694,3.7086), (+0.5561,3.7254), (+0.5437,3.7423), (+0.5304,3.7592), (+0.5268,3.7769), (+0.5360,3.7902), (+0.5533,3.8015), (+0.5702,3.8127), (+0.5871,3.8256), (+0.6040,3.8381), (+0.6209,3.8510), (+0.6378,3.8642), (+0.6547,3.8747), (+0.6716,3.8835), (+0.6885,3.8944), (+0.7054,3.9061), (+0.7223,3.9121), (+0.7396,3.9145), (+0.7488,3.9045), (+0.7448,3.8860), (+0.7396,3.8691), (+0.7392,3.8522), (+0.7388,3.8353), (+0.7335,3.8184), (+0.7299,3.8015), (+0.7303,3.7846), (+0.7259,3.7677), (+0.7191,3.7500), (+0.7062,3.7371), (+0.6885,3.7311), (+0.6716,3.7234), (+0.6547,3.7098), (+0.6378,3.6977)
  stroke[ 66] ( 23 pts): (+1.3390,3.6579), (+1.3390,3.6748), (+1.3390,3.6917), (+1.3390,3.7086), (+1.3386,3.7254), (+1.3470,3.7431), (+1.3643,3.7568), (+1.3812,3.7600), (+1.3981,3.7592), (+1.4150,3.7592), (+1.4319,3.7592), (+1.4496,3.7592), (+1.4496,3.7592), (+1.4319,3.7592), (+1.4150,3.7592), (+1.3981,3.7592), (+1.3812,3.7600), (+1.3643,3.7568), (+1.3470,3.7431), (+1.3386,3.7254), (+1.3390,3.7086), (+1.3390,3.6917), (+1.3390,3.6748)
  stroke[ 67] ( 16 pts): (+0.7828,3.6211), (+0.7627,3.6192), (+0.7500,3.6317), (+0.7468,3.6494), (+0.7468,3.6663), (+0.7504,3.6832), (+0.7549,3.7001), (+0.7581,3.7170), (+0.7665,3.7351), (+0.7810,3.7403), (+0.7903,3.7263), (+0.7899,3.7086), (+0.7907,3.6917), (+0.7870,3.6748), (+0.7818,3.6579), (+0.7808,3.6410)
  stroke[ 68] ( 26 pts): (+0.9932,3.6211), (+0.9751,3.6192), (+0.9669,3.6317), (+0.9673,3.6494), (+0.9673,3.6663), (+0.9669,3.6832), (+0.9757,3.7001), (+0.9834,3.7170), (+0.9813,3.7339), (+0.9821,3.7508), (+0.9870,3.7677), (+0.9922,3.7846), (+0.9922,3.8023), (+1.0007,3.8168), (+1.0184,3.8168), (+1.0268,3.8023), (+1.0264,3.7846), (+1.0264,3.7677), (+1.0260,3.7508), (+1.0208,3.7339), (+1.0171,3.7170), (+1.0175,3.7001), (+1.0123,3.6832), (+1.0095,3.6663), (+1.0071,3.6494), (+1.0001,3.6325)
  stroke[ 69] ( 19 pts): (+0.5195,3.5957), (+0.5026,3.5939), (+0.4857,3.6064), (+0.4680,3.6241), (+0.4548,3.6410), (+0.4423,3.6579), (+0.4286,3.6748), (+0.4339,3.6917), (+0.4520,3.7086), (+0.4688,3.7259), (+0.4857,3.7347), (+0.5026,3.7259), (+0.5195,3.7086), (+0.5364,3.6917), (+0.5529,3.6748), (+0.5658,3.6579), (+0.5674,3.6410), (+0.5541,3.6241), (+0.5370,3.6072)
  stroke[ 70] ( 19 pts): (+0.5111,3.5913), (+0.5280,3.6011), (+0.5449,3.6148), (+0.5630,3.6325), (+0.5686,3.6494), (+0.5598,3.6663), (+0.5457,3.6832), (+0.5280,3.7001), (+0.5111,3.7178), (+0.4942,3.7323), (+0.4773,3.7323), (+0.4604,3.7178), (+0.4427,3.7001), (+0.4286,3.6832), (+0.4347,3.6663), (+0.4491,3.6494), (+0.4608,3.6325), (+0.4773,3.6156), (+0.4942,3.5987)
  stroke[ 71] ( 15 pts): (+0.8828,3.5818), (+0.8828,3.5987), (+0.8828,3.6156), (+0.8832,3.6325), (+0.8884,3.6494), (+0.8920,3.6663), (+0.8912,3.6832), (+0.8912,3.7009), (+0.8912,3.7009), (+0.8912,3.6832), (+0.8920,3.6663), (+0.8884,3.6494), (+0.8832,3.6325), (+0.8828,3.6156), (+0.8828,3.5987)
  stroke[ 72] (  5 pts): (+0.9250,3.5609), (+0.9099,3.5661), (+0.9069,3.5834), (+0.9166,3.5939), (+0.9238,3.5843)
  stroke[ 73] ( 10 pts): (+0.8490,3.5545), (+0.8321,3.5486), (+0.8152,3.5472), (+0.7979,3.5505), (+0.7887,3.5641), (+0.7923,3.5830), (+0.8060,3.5879), (+0.8237,3.5830), (+0.8405,3.5776), (+0.8574,3.5670)
  stroke[ 74] ( 33 pts): (+0.5111,3.5456), (+0.4942,3.5456), (+0.4773,3.5569), (+0.4608,3.5734), (+0.4491,3.5903), (+0.4359,3.6072), (+0.4182,3.6241), (+0.4005,3.6410), (+0.3868,3.6579), (+0.3828,3.6748), (+0.3876,3.6917), (+0.3976,3.7094), (+0.4101,3.7226), (+0.4266,3.7343), (+0.4435,3.7508), (+0.4604,3.7673), (+0.4773,3.7794), (+0.4942,3.7838), (+0.5119,3.7794), (+0.5252,3.7673), (+0.5376,3.7508), (+0.5505,3.7339), (+0.5622,3.7170), (+0.5787,3.7001), (+0.5964,3.6832), (+0.6100,3.6663), (+0.6137,3.6494), (+0.6044,3.6325), (+0.5871,3.6156), (+0.5702,3.5987), (+0.5533,3.5810), (+0.5364,3.5674), (+0.5195,3.5575)
  stroke[ 75] ( 20 pts): (+0.4520,3.5269), (+0.4351,3.5324), (+0.4182,3.5428), (+0.4013,3.5480), (+0.3844,3.5537), (+0.3675,3.5577), (+0.3506,3.5621), (+0.3329,3.5653), (+0.3188,3.5730), (+0.3240,3.5903), (+0.3421,3.6072), (+0.3590,3.6241), (+0.3759,3.6422), (+0.3928,3.6474), (+0.4097,3.6333), (+0.4266,3.6156), (+0.4431,3.5987), (+0.4548,3.5818), (+0.4688,3.5649), (+0.4682,3.5480)
  stroke[ 76] (  6 pts): (+0.9156,3.5102), (+0.9027,3.5155), (+0.8981,3.5312), (+0.9029,3.5489), (+0.9134,3.5489), (+0.9172,3.5336)
  stroke[ 77] ( 55 pts): (+0.8922,3.4943), (+0.8731,3.4925), (+0.8570,3.5050), (+0.8486,3.5227), (+0.8482,3.5396), (+0.8522,3.5565), (+0.8490,3.5738), (+0.8321,3.5814), (+0.8152,3.5855), (+0.7979,3.5875), (+0.7887,3.5742), (+0.7923,3.5561), (+0.8060,3.5476), (+0.8237,3.5489), (+0.8410,3.5456), (+0.8502,3.5320), (+0.8466,3.5130), (+0.8329,3.5082), (+0.8152,3.5139), (+0.7983,3.5143), (+0.7806,3.5139), (+0.7669,3.5223), (+0.7629,3.5396), (+0.7673,3.5565), (+0.7726,3.5734), (+0.7722,3.5903), (+0.7758,3.6072), (+0.7810,3.6241), (+0.7814,3.6410), (+0.7818,3.6579), (+0.7870,3.6748), (+0.7907,3.6917), (+0.7899,3.7086), (+0.7895,3.7263), (+0.7979,3.7399), (+0.8152,3.7431), (+0.8321,3.7423), (+0.8490,3.7419), (+0.8659,3.7367), (+0.8828,3.7331), (+0.8997,3.7347), (+0.9170,3.7315), (+0.9254,3.7178), (+0.9258,3.7001), (+0.9214,3.6832), (+0.9198,3.6663), (+0.9246,3.6494), (+0.9246,3.6325), (+0.9202,3.6156), (+0.9130,3.5987), (+0.9085,3.5818), (+0.9077,3.5649), (+0.9025,3.5480), (+0.8997,3.5312), (+0.8961,3.5143)
  stroke[ 78] ( 16 pts): (+0.4013,3.4789), (+0.3844,3.4720), (+0.3675,3.4748), (+0.3506,3.4801), (+0.3337,3.4805), (+0.3168,3.4797), (+0.2995,3.4829), (+0.2902,3.4966), (+0.2939,3.5151), (+0.3075,3.5287), (+0.3252,3.5316), (+0.3421,3.5255), (+0.3590,3.5227), (+0.3759,3.5207), (+0.3932,3.5122), (+0.4013,3.4980)
  stroke[ 79] ( 14 pts): (+0.8659,3.4785), (+0.8490,3.4726), (+0.8321,3.4720), (+0.8152,3.4724), (+0.7983,3.4768), (+0.7806,3.4837), (+0.7665,3.4974), (+0.7718,3.5118), (+0.7899,3.5151), (+0.8068,3.5151), (+0.8237,3.5114), (+0.8405,3.5070), (+0.8568,3.5016), (+0.8679,3.4909)
  stroke[ 80] ( 38 pts): (+0.4365,3.4453), (+0.4164,3.4382), (+0.4037,3.4463), (+0.4005,3.4636), (+0.4013,3.4805), (+0.4017,3.4982), (+0.3932,3.5122), (+0.3759,3.5207), (+0.3590,3.5227), (+0.3421,3.5255), (+0.3252,3.5316), (+0.3075,3.5287), (+0.2939,3.5151), (+0.2902,3.4974), (+0.3007,3.4805), (+0.3063,3.4632), (+0.2923,3.4547), (+0.2737,3.4547), (+0.2601,3.4632), (+0.2569,3.4805), (+0.2577,3.4974), (+0.2581,3.5143), (+0.2625,3.5312), (+0.2693,3.5489), (+0.2822,3.5625), (+0.2999,3.5657), (+0.3168,3.5649), (+0.3337,3.5657), (+0.3506,3.5621), (+0.3675,3.5577), (+0.3844,3.5537), (+0.4013,3.5480), (+0.4182,3.5428), (+0.4355,3.5307), (+0.4439,3.5143), (+0.4431,3.4974), (+0.4379,3.4805), (+0.4351,3.4636)
  stroke[ 81] ( 10 pts): (+0.9011,3.4437), (+0.8810,3.4418), (+0.8683,3.4543), (+0.8647,3.4728), (+0.8747,3.4861), (+0.8884,3.4994), (+0.9005,3.5094), (+0.9085,3.4990), (+0.9089,3.4805), (+0.9051,3.4636)
  stroke[ 82] ( 16 pts): (+0.8743,3.4270), (+0.8574,3.4231), (+0.8405,3.4270), (+0.8237,3.4306), (+0.8068,3.4290), (+0.7891,3.4322), (+0.7750,3.4459), (+0.7657,3.4636), (+0.7661,3.4805), (+0.7806,3.4845), (+0.7983,3.4768), (+0.8152,3.4724), (+0.8321,3.4720), (+0.8498,3.4724), (+0.8639,3.4640), (+0.8725,3.4479)
  stroke[ 83] ( 52 pts): (+0.6125,3.4113), (+0.5956,3.4044), (+0.5787,3.4073), (+0.5618,3.4125), (+0.5449,3.4133), (+0.5280,3.4185), (+0.5111,3.4221), (+0.4942,3.4217), (+0.4773,3.4270), (+0.4604,3.4298), (+0.4431,3.4322), (+0.4347,3.4459), (+0.4343,3.4636), (+0.4379,3.4805), (+0.4431,3.4974), (+0.4431,3.5143), (+0.4516,3.5320), (+0.4688,3.5456), (+0.4857,3.5476), (+0.5026,3.5448), (+0.5195,3.5545), (+0.5364,3.5678), (+0.5533,3.5810), (+0.5702,3.5987), (+0.5871,3.6156), (+0.6044,3.6325), (+0.6129,3.6494), (+0.6121,3.6663), (+0.6205,3.6840), (+0.6378,3.6973), (+0.6547,3.7098), (+0.6716,3.7234), (+0.6885,3.7327), (+0.7058,3.7323), (+0.7142,3.7178), (+0.7146,3.7001), (+0.7110,3.6832), (+0.7058,3.6663), (+0.7050,3.6494), (+0.7006,3.6325), (+0.6933,3.6156), (+0.6885,3.5987), (+0.6825,3.5818), (+0.6732,3.5649), (+0.6648,3.5480), (+0.6563,3.5312), (+0.6479,3.5143), (+0.6394,3.4974), (+0.6310,3.4805), (+0.6225,3.4636), (+0.6145,3.4467), (+0.6119,3.4298)
  stroke[ 84] ( 36 pts): (+0.6969,3.4107), (+0.6800,3.4068), (+0.6623,3.4149), (+0.6479,3.4290), (+0.6487,3.4467), (+0.6603,3.4636), (+0.6700,3.4805), (+0.6784,3.4974), (+0.6869,3.5143), (+0.6953,3.5312), (+0.7038,3.5480), (+0.7122,3.5649), (+0.7207,3.5818), (+0.7283,3.5987), (+0.7404,3.6164), (+0.7537,3.6164), (+0.7565,3.5987), (+0.7504,3.5818), (+0.7468,3.5633), (+0.7476,3.5529), (+0.7468,3.5633), (+0.7504,3.5818), (+0.7553,3.6003), (+0.7645,3.6108), (+0.7734,3.6003), (+0.7738,3.5818), (+0.7702,3.5649), (+0.7649,3.5480), (+0.7645,3.5312), (+0.7653,3.5143), (+0.7621,3.4970), (+0.7484,3.4889), (+0.7311,3.4809), (+0.7199,3.4636), (+0.7122,3.4467), (+0.7030,3.4298)
  stroke[ 85] ( 50 pts): (+0.8997,3.3686), (+0.8828,3.3628), (+0.8659,3.3622), (+0.8490,3.3622), (+0.8321,3.3626), (+0.8144,3.3674), (+0.8007,3.3795), (+0.7975,3.3960), (+0.7979,3.4137), (+0.8064,3.4274), (+0.8237,3.4314), (+0.8405,3.4270), (+0.8574,3.4213), (+0.8743,3.4290), (+0.8908,3.4410), (+0.9029,3.4543), (+0.9077,3.4720), (+0.9085,3.4889), (+0.9138,3.5058), (+0.9174,3.5227), (+0.9158,3.5396), (+0.9194,3.5565), (+0.9246,3.5734), (+0.9242,3.5903), (+0.9274,3.6072), (+0.9274,3.6241), (+0.9246,3.6410), (+0.9307,3.6579), (+0.9339,3.6756), (+0.9415,3.6900), (+0.9592,3.6900), (+0.9677,3.6756), (+0.9673,3.6579), (+0.9673,3.6410), (+0.9669,3.6241), (+0.9616,3.6072), (+0.9588,3.5903), (+0.9560,3.5734), (+0.9508,3.5565), (+0.9504,3.5396), (+0.9500,3.5227), (+0.9447,3.5058), (+0.9411,3.4889), (+0.9419,3.4720), (+0.9415,3.4551), (+0.9367,3.4374), (+0.9238,3.4241), (+0.9113,3.4125), (+0.9039,3.3972), (+0.9001,3.3781)
  stroke[ 86] ( 35 pts): (+0.2999,3.2572), (+0.2830,3.2566), (+0.2661,3.2604), (+0.2492,3.2600), (+0.2323,3.2636), (+0.2154,3.2681), (+0.1981,3.2717), (+0.1897,3.2854), (+0.1901,3.3031), (+0.1901,3.3200), (+0.1901,3.3369), (+0.1901,3.3537), (+0.1901,3.3706), (+0.1901,3.3875), (+0.1901,3.4044), (+0.1901,3.4213), (+0.1897,3.4390), (+0.1981,3.4527), (+0.2154,3.4559), (+0.2323,3.4551), (+0.2492,3.4551), (+0.2661,3.4551), (+0.2830,3.4559), (+0.3003,3.4527), (+0.3087,3.4390), (+0.3083,3.4213), (+0.3083,3.4044), (+0.3083,3.3875), (+0.3083,3.3706), (+0.3083,3.3537), (+0.3083,3.3369), (+0.3083,3.3200), (+0.3079,3.3031), (+0.3035,3.2862), (+0.2983,3.2693)
  stroke[ 87] ( 45 pts): (+0.5871,3.2260), (+0.5702,3.2180), (+0.5533,3.2190), (+0.5364,3.2242), (+0.5195,3.2282), (+0.5026,3.2327), (+0.4857,3.2363), (+0.4688,3.2359), (+0.4520,3.2411), (+0.4351,3.2447), (+0.4182,3.2431), (+0.4009,3.2463), (+0.3924,3.2600), (+0.3920,3.2777), (+0.3956,3.2946), (+0.4009,3.3115), (+0.4013,3.3284), (+0.4013,3.3453), (+0.4013,3.3622), (+0.4013,3.3791), (+0.4013,3.3960), (+0.4005,3.4129), (+0.4037,3.4302), (+0.4174,3.4394), (+0.4351,3.4354), (+0.4520,3.4302), (+0.4688,3.4294), (+0.4857,3.4241), (+0.5026,3.4205), (+0.5195,3.4209), (+0.5364,3.4157), (+0.5533,3.4129), (+0.5702,3.4101), (+0.5871,3.4056), (+0.6044,3.4020), (+0.6129,3.3883), (+0.6125,3.3706), (+0.6121,3.3537), (+0.6068,3.3369), (+0.6032,3.3200), (+0.6048,3.3031), (+0.6012,3.2862), (+0.5960,3.2693), (+0.5944,3.2524), (+0.5966,3.2355)
  stroke[ 88] ( 26 pts): (+0.5787,3.1832), (+0.5618,3.1763), (+0.5449,3.1792), (+0.5280,3.1844), (+0.5111,3.1852), (+0.4942,3.1904), (+0.4773,3.1940), (+0.4604,3.1936), (+0.4435,3.1989), (+0.4266,3.2025), (+0.4097,3.2009), (+0.3924,3.2041), (+0.3832,3.2178), (+0.3868,3.2359), (+0.4005,3.2443), (+0.4182,3.2439), (+0.4351,3.2447), (+0.4520,3.2411), (+0.4688,3.2359), (+0.4857,3.2363), (+0.5026,3.2327), (+0.5195,3.2282), (+0.5364,3.2242), (+0.5533,3.2198), (+0.5706,3.2162), (+0.5787,3.2029)
  stroke[ 89] (144 pts): (+0.6547,3.1669), (+0.6378,3.1588), (+0.6209,3.1599), (+0.6024,3.1647), (+0.5919,3.1767), (+0.6020,3.1932), (+0.6157,3.2101), (+0.6205,3.2270), (+0.6209,3.2447), (+0.6209,3.2447), (+0.6205,3.2270), (+0.6157,3.2101), (+0.6036,3.1920), (+0.5867,3.1868), (+0.5775,3.2009), (+0.5819,3.2186), (+0.5923,3.2355), (+0.5964,3.2524), (+0.5960,3.2693), (+0.6012,3.2862), (+0.6048,3.3031), (+0.6032,3.3200), (+0.6068,3.3369), (+0.6121,3.3537), (+0.6125,3.3706), (+0.6113,3.3875), (+0.6096,3.4044), (+0.6113,3.4213), (+0.6129,3.4382), (+0.6185,3.4551), (+0.6277,3.4720), (+0.6362,3.4889), (+0.6446,3.5058), (+0.6531,3.5227), (+0.6615,3.5396), (+0.6700,3.5565), (+0.6784,3.5734), (+0.6857,3.5903), (+0.6921,3.6072), (+0.6969,3.6241), (+0.7026,3.6410), (+0.7054,3.6579), (+0.7082,3.6748), (+0.7134,3.6917), (+0.7138,3.7086), (+0.7130,3.7254), (+0.7166,3.7423), (+0.7223,3.7592), (+0.7279,3.7761), (+0.7315,3.7930), (+0.7311,3.8099), (+0.7364,3.8268), (+0.7400,3.8437), (+0.7384,3.8606), (+0.7420,3.8775), (+0.7480,3.8944), (+0.7444,3.9113), (+0.7480,3.9282), (+0.7565,3.9451), (+0.7553,3.9620), (+0.7589,3.9789), (+0.7641,3.9958), (+0.7645,4.0127), (+0.7637,4.0296), (+0.7673,4.0465), (+0.7726,4.0634), (+0.7726,4.0803), (+0.7810,4.0976), (+0.7991,4.1064), (+0.8128,4.0976), (+0.8160,4.0803), (+0.8148,4.0634), (+0.8096,4.0465), (+0.8060,4.0296), (+0.8076,4.0127), (+0.8039,3.9958), (+0.7987,3.9789), (+0.7979,3.9620), (+0.7927,3.9451), (+0.7891,3.9282), (+0.7899,3.9113), (+0.7895,3.8944), (+0.7842,3.8775), (+0.7806,3.8606), (+0.7822,3.8437), (+0.7786,3.8268), (+0.7734,3.8099), (+0.7726,3.7930), (+0.7673,3.7761), (+0.7637,3.7592), (+0.7653,3.7423), (+0.7617,3.7254), (+0.7573,3.7086), (+0.7533,3.6917), (+0.7480,3.6748), (+0.7476,3.6579), (+0.7484,3.6410), (+0.7444,3.6241), (+0.7335,3.6072), (+0.7239,3.5903), (+0.7154,3.5734), (+0.7070,3.5565), (+0.6985,3.5396), (+0.6901,3.5227), (+0.6817,3.5058), (+0.6732,3.4889), (+0.6656,3.4720), (+0.6539,3.4551), (+0.6467,3.4382), (+0.6434,3.4213), (+0.6382,3.4044), (+0.6378,3.3875), (+0.6378,3.3706), (+0.6378,3.3537), (+0.6386,3.3369), (+0.6350,3.3200), (+0.6298,3.3031), (+0.6294,3.2846), (+0.6294,3.2741), (+0.6294,3.2846), (+0.6298,3.3031), (+0.6350,3.3200), (+0.6386,3.3369), (+0.6378,3.3537), (+0.6378,3.3706), (+0.6378,3.3875), (+0.6374,3.4052), (+0.6458,3.4185), (+0.6631,3.4161), (+0.6808,3.4068), (+0.6945,3.3956), (+0.6977,3.3791), (+0.6969,3.3622), (+0.6969,3.3453), (+0.6969,3.3284), (+0.6977,3.3115), (+0.6941,3.2946), (+0.6889,3.2777), (+0.6885,3.2608), (+0.6881,3.2439), (+0.6829,3.2270), (+0.6788,3.2101), (+0.6746,3.1932), (+0.6635,3.1763)
  stroke[ 90] (  7 pts): (+1.0686,3.0243), (+1.0517,3.0412), (+1.0348,3.0581), (+1.0171,3.0758), (+1.0171,3.0758), (+1.0348,3.0581), (+1.0517,3.0412)
  stroke[ 91] ( 30 pts): (+0.4013,2.9905), (+0.3844,2.9905), (+0.3675,2.9897), (+0.3506,2.9933), (+0.3337,2.9985), (+0.3168,2.9989), (+0.2999,2.9989), (+0.2830,2.9989), (+0.2661,2.9981), (+0.2492,3.0018), (+0.2323,3.0070), (+0.2154,3.0074), (+0.1985,3.0074), (+0.1816,3.0074), (+0.1631,3.0074), (+0.1527,3.0074), (+0.1631,3.0074), (+0.1816,3.0074), (+0.1985,3.0074), (+0.2154,3.0074), (+0.2323,3.0070), (+0.2492,3.0018), (+0.2661,2.9981), (+0.2830,2.9989), (+0.2999,2.9989), (+0.3168,2.9989), (+0.3337,2.9985), (+0.3506,2.9933), (+0.3675,2.9897), (+0.3844,2.9899)
  stroke[ 92] ( 30 pts): (+1.3390,2.9475), (+1.3221,2.9495), (+1.3052,2.9531), (+1.2883,2.9603), (+1.2714,2.9652), (+1.2545,2.9700), (+1.2376,2.9764), (+1.2207,2.9837), (+1.2038,2.9921), (+1.1869,3.0006), (+1.1700,3.0102), (+1.1531,3.0215), (+1.1362,3.0303), (+1.1193,3.0412), (+1.1008,3.0541), (+1.0904,3.0601), (+1.1008,3.0541), (+1.1193,3.0412), (+1.1362,3.0303), (+1.1531,3.0215), (+1.1700,3.0102), (+1.1869,3.0006), (+1.2038,2.9921), (+1.2207,2.9837), (+1.2376,2.9764), (+1.2545,2.9700), (+1.2714,2.9652), (+1.2883,2.9603), (+1.3052,2.9531), (+1.3221,2.9489)
  stroke[ 93] (  5 pts): (+1.3663,2.7624), (+1.3450,2.7624), (+1.3297,2.7624), (+1.3297,2.7624), (+1.3450,2.7624)
  stroke[ 94] ( 17 pts): (+0.3675,2.6759), (+0.3506,2.6701), (+0.3337,2.6695), (+0.3168,2.6695), (+0.2999,2.6687), (+0.2826,2.6719), (+0.2741,2.6856), (+0.2746,2.7033), (+0.2741,2.7210), (+0.2826,2.7347), (+0.2999,2.7379), (+0.3168,2.7371), (+0.3337,2.7379), (+0.3510,2.7347), (+0.3598,2.7210), (+0.3651,2.7033), (+0.3681,2.6864)
  stroke[ 95] ( 26 pts): (+0.5195,2.6779), (+0.5195,2.6948), (+0.5195,2.7117), (+0.5195,2.7286), (+0.5195,2.7455), (+0.5195,2.7624), (+0.5195,2.7793), (+0.5195,2.7962), (+0.5195,2.8131), (+0.5195,2.8300), (+0.5191,2.8469), (+0.5135,2.8638), (+0.5034,2.8823), (+0.4982,2.8927), (+0.5034,2.8823), (+0.5135,2.8638), (+0.5191,2.8469), (+0.5195,2.8300), (+0.5195,2.8131), (+0.5195,2.7962), (+0.5195,2.7793), (+0.5195,2.7624), (+0.5195,2.7455), (+0.5195,2.7286), (+0.5195,2.7117), (+0.5195,2.6948)
  stroke[ 96] ( 15 pts): (+0.6800,2.6675), (+0.6631,2.6616), (+0.6463,2.6610), (+0.6294,2.6602), (+0.6121,2.6634), (+0.6036,2.6771), (+0.6040,2.6948), (+0.6036,2.7125), (+0.6121,2.7262), (+0.6294,2.7294), (+0.6463,2.7294), (+0.6640,2.7262), (+0.6776,2.7125), (+0.6819,2.6948), (+0.6786,2.6779)
  stroke[ 97] ( 64 pts): (+1.2585,2.6695), (+1.2533,2.6864), (+1.2376,2.7041), (+1.2207,2.7174), (+1.2038,2.7290), (+1.1869,2.7451), (+1.1700,2.7576), (+1.1531,2.7672), (+1.1362,2.7793), (+1.1193,2.7902), (+1.1024,2.7986), (+1.0855,2.8034), (+1.0686,2.8075), (+1.0517,2.8119), (+1.0348,2.8159), (+1.0180,2.8211), (+0.9994,2.8215), (+0.9890,2.8215), (+0.9994,2.8215), (+1.0180,2.8211), (+1.0348,2.8159), (+1.0517,2.8119), (+1.0686,2.8075), (+1.0855,2.8034), (+1.1024,2.7986), (+1.1193,2.7902), (+1.1362,2.7793), (+1.1531,2.7672), (+1.1700,2.7576), (+1.1869,2.7451), (+1.2038,2.7290), (+1.2207,2.7174), (+1.2376,2.7041), (+1.2553,2.6856), (+1.2553,2.6719), (+1.2376,2.6691), (+1.2207,2.6751), (+1.2038,2.6779), (+1.1869,2.6807), (+1.1700,2.6864), (+1.1531,2.6912), (+1.1362,2.6984), (+1.1193,2.7025), (+1.1024,2.7109), (+1.0855,2.7226), (+1.0686,2.7306), (+1.0517,2.7455), (+1.0348,2.7596), (+1.0163,2.7729), (+1.0059,2.7829), (+1.0163,2.7729), (+1.0348,2.7596), (+1.0517,2.7455), (+1.0686,2.7306), (+1.0855,2.7226), (+1.1024,2.7109), (+1.1193,2.7025), (+1.1362,2.6984), (+1.1531,2.6912), (+1.1700,2.6864), (+1.1869,2.6807), (+1.2038,2.6779), (+1.2207,2.6751), (+1.2376,2.6707)
  stroke[ 98] ( 12 pts): (+0.9673,2.6546), (+0.9842,2.6604), (+1.0011,2.6610), (+1.0180,2.6610), (+1.0365,2.6610), (+1.0469,2.6610), (+1.0365,2.6610), (+1.0180,2.6610), (+1.0011,2.6610), (+0.9842,2.6606), (+0.9657,2.6554), (+0.9564,2.6526)
  stroke[ 99] ( 19 pts): (+0.7158,2.6005), (+0.7048,2.6206), (+0.6885,2.6333), (+0.6716,2.6365), (+0.6547,2.6357), (+0.6378,2.6357), (+0.6209,2.6357), (+0.6040,2.6361), (+0.5863,2.6276), (+0.5718,2.6095), (+0.5718,2.6095), (+0.5863,2.6276), (+0.6040,2.6361), (+0.6209,2.6357), (+0.6378,2.6357), (+0.6547,2.6357), (+0.6716,2.6365), (+0.6885,2.6333), (+0.7054,2.6200)
  stroke[100] ( 27 pts): (+0.4192,2.5850), (+0.4151,2.6019), (+0.4021,2.6196), (+0.3844,2.6333), (+0.3675,2.6365), (+0.3506,2.6357), (+0.3337,2.6357), (+0.3168,2.6357), (+0.2999,2.6357), (+0.2830,2.6357), (+0.2661,2.6365), (+0.2492,2.6333), (+0.2315,2.6196), (+0.2170,2.6011), (+0.2170,2.6011), (+0.2315,2.6196), (+0.2492,2.6333), (+0.2661,2.6365), (+0.2830,2.6357), (+0.2999,2.6357), (+0.3168,2.6357), (+0.3337,2.6357), (+0.3506,2.6357), (+0.3675,2.6365), (+0.3844,2.6333), (+0.4021,2.6196), (+0.4151,2.6025)
  stroke[101] (  6 pts): (+1.2545,2.5842), (+1.2376,2.5910), (+1.2191,2.6011), (+1.2086,2.6063), (+1.2191,2.6011), (+1.2364,2.5916)
  stroke[102] (  6 pts): (+0.3361,2.5735), (+0.3138,2.5717), (+0.3019,2.5842), (+0.3071,2.6031), (+0.3260,2.6083), (+0.3391,2.5959)
  stroke[103] (  6 pts): (+0.6656,2.5735), (+0.6432,2.5717), (+0.6314,2.5842), (+0.6366,2.6027), (+0.6529,2.6031), (+0.6662,2.5838)
  stroke[104] (  6 pts): (+0.3256,2.5671), (+0.3397,2.5862), (+0.3349,2.6031), (+0.3160,2.6083), (+0.3019,2.5943), (+0.3071,2.5772)
  stroke[105] (  6 pts): (+0.6561,2.5661), (+0.6631,2.5874), (+0.6551,2.6027), (+0.6366,2.6027), (+0.6318,2.5874), (+0.6458,2.5661)
  stroke[106] ( 17 pts): (+1.1935,2.5090), (+1.1857,2.5259), (+1.1756,2.5428), (+1.1652,2.5597), (+1.1531,2.5766), (+1.1419,2.5935), (+1.1286,2.6103), (+1.1109,2.6268), (+1.0932,2.6385), (+1.0932,2.6385), (+1.1109,2.6268), (+1.1286,2.6103), (+1.1419,2.5935), (+1.1531,2.5766), (+1.1652,2.5597), (+1.1756,2.5428), (+1.1845,2.5259)
  stroke[107] ( 94 pts): (+0.4763,2.3951), (+0.4634,2.4004), (+0.4596,2.4161), (+0.4604,2.4329), (+0.4604,2.4498), (+0.4604,2.4667), (+0.4604,2.4836), (+0.4604,2.5005), (+0.4604,2.5174), (+0.4604,2.5343), (+0.4604,2.5512), (+0.4604,2.5681), (+0.4600,2.5850), (+0.4544,2.6019), (+0.4463,2.6188), (+0.4403,2.6357), (+0.4411,2.6526), (+0.4443,2.6695), (+0.4435,2.6864), (+0.4435,2.7033), (+0.4435,2.7202), (+0.4435,2.7371), (+0.4435,2.7540), (+0.4435,2.7709), (+0.4435,2.7878), (+0.4435,2.8046), (+0.4443,2.8215), (+0.4407,2.8384), (+0.4355,2.8553), (+0.4343,2.8722), (+0.4375,2.8899), (+0.4511,2.9040), (+0.4688,2.9125), (+0.4857,2.9153), (+0.5026,2.9145), (+0.5195,2.9145), (+0.5364,2.9145), (+0.5533,2.9141), (+0.5702,2.9088), (+0.5871,2.9052), (+0.6040,2.9060), (+0.6209,2.9060), (+0.6378,2.9060), (+0.6547,2.9056), (+0.6716,2.9008), (+0.6881,2.8887), (+0.7002,2.8722), (+0.7050,2.8553), (+0.7046,2.8384), (+0.7082,2.8215), (+0.7134,2.8046), (+0.7138,2.7878), (+0.7138,2.7709), (+0.7138,2.7540), (+0.7138,2.7371), (+0.7130,2.7202), (+0.7166,2.7033), (+0.7227,2.6864), (+0.7199,2.6691), (+0.7062,2.6598), (+0.6881,2.6634), (+0.6796,2.6771), (+0.6808,2.6948), (+0.6776,2.7125), (+0.6640,2.7262), (+0.6463,2.7294), (+0.6294,2.7294), (+0.6121,2.7262), (+0.6036,2.7125), (+0.6040,2.6948), (+0.6044,2.6771), (+0.5960,2.6634), (+0.5787,2.6606), (+0.5618,2.6530), (+0.5441,2.6349), (+0.5304,2.6365), (+0.5264,2.6478), (+0.5308,2.6373), (+0.5360,2.6188), (+0.5364,2.6019), (+0.5364,2.5850), (+0.5364,2.5681), (+0.5364,2.5512), (+0.5364,2.5343), (+0.5364,2.5174), (+0.5364,2.5005), (+0.5364,2.4836), (+0.5364,2.4667), (+0.5364,2.4498), (+0.5364,2.4329), (+0.5368,2.4152), (+0.5284,2.4016), (+0.5111,2.3984), (+0.4942,2.3986)
  stroke[108] ( 21 pts): (+0.4266,2.3907), (+0.4266,2.4076), (+0.4266,2.4245), (+0.4266,2.4414), (+0.4266,2.4583), (+0.4266,2.4752), (+0.4266,2.4921), (+0.4266,2.5090), (+0.4266,2.5259), (+0.4266,2.5428), (+0.4266,2.5605), (+0.4266,2.5605), (+0.4266,2.5428), (+0.4266,2.5259), (+0.4266,2.5090), (+0.4266,2.4921), (+0.4266,2.4752), (+0.4266,2.4583), (+0.4266,2.4414), (+0.4266,2.4245), (+0.4266,2.4076)
  stroke[109] ( 22 pts): (+0.7223,2.3907), (+0.7223,2.4076), (+0.7223,2.4245), (+0.7223,2.4414), (+0.7223,2.4583), (+0.7223,2.4752), (+0.7223,2.4921), (+0.7223,2.5090), (+0.7223,2.5259), (+0.7223,2.5428), (+0.7223,2.5613), (+0.7223,2.5717), (+0.7223,2.5613), (+0.7223,2.5428), (+0.7223,2.5259), (+0.7223,2.5090), (+0.7223,2.4921), (+0.7223,2.4752), (+0.7223,2.4583), (+0.7223,2.4414), (+0.7223,2.4245), (+0.7223,2.4076)
  stroke[110] ( 24 pts): (+0.5618,2.3823), (+0.5618,2.3992), (+0.5618,2.4161), (+0.5618,2.4329), (+0.5618,2.4498), (+0.5618,2.4667), (+0.5618,2.4836), (+0.5618,2.5005), (+0.5618,2.5174), (+0.5618,2.5343), (+0.5618,2.5512), (+0.5618,2.5697), (+0.5618,2.5802), (+0.5618,2.5697), (+0.5618,2.5512), (+0.5618,2.5343), (+0.5618,2.5174), (+0.5618,2.5005), (+0.5618,2.4836), (+0.5618,2.4667), (+0.5618,2.4498), (+0.5618,2.4329), (+0.5618,2.4161), (+0.5618,2.3992)
  stroke[111] (  5 pts): (+0.2070,2.3718), (+0.2070,2.3931), (+0.2070,2.4084), (+0.2070,2.4084), (+0.2070,2.3931)
  stroke[112] (  9 pts): (+0.1573,2.3455), (+0.1382,2.3436), (+0.1213,2.3561), (+0.1161,2.3746), (+0.1301,2.3883), (+0.1478,2.3923), (+0.1659,2.3883), (+0.1714,2.3756), (+0.1631,2.3555)
  stroke[113] ( 10 pts): (+0.5036,2.3455), (+0.4845,2.3436), (+0.4684,2.3561), (+0.4596,2.3738), (+0.4684,2.3911), (+0.4857,2.3996), (+0.5026,2.4000), (+0.5207,2.3967), (+0.5264,2.3831), (+0.5189,2.3660)
  stroke[114] ( 71 pts): (+0.6885,2.3211), (+0.6716,2.3153), (+0.6547,2.3147), (+0.6378,2.3147), (+0.6209,2.3147), (+0.6040,2.3147), (+0.5871,2.3147), (+0.5702,2.3147), (+0.5533,2.3139), (+0.5352,2.3171), (+0.5316,2.3324), (+0.5384,2.3436), (+0.5324,2.3324), (+0.5191,2.3171), (+0.5026,2.3139), (+0.4849,2.3143), (+0.4709,2.3235), (+0.4761,2.3368), (+0.4942,2.3432), (+0.5107,2.3561), (+0.5228,2.3738), (+0.5280,2.3907), (+0.5336,2.4076), (+0.5372,2.4245), (+0.5364,2.4414), (+0.5364,2.4583), (+0.5364,2.4752), (+0.5364,2.4921), (+0.5364,2.5090), (+0.5364,2.5259), (+0.5364,2.5428), (+0.5364,2.5597), (+0.5364,2.5766), (+0.5364,2.5935), (+0.5368,2.6103), (+0.5417,2.6272), (+0.5537,2.6449), (+0.5702,2.6586), (+0.5871,2.6618), (+0.6040,2.6610), (+0.6209,2.6610), (+0.6378,2.6610), (+0.6547,2.6610), (+0.6716,2.6610), (+0.6885,2.6610), (+0.7054,2.6614), (+0.7219,2.6530), (+0.7343,2.6357), (+0.7444,2.6188), (+0.7484,2.6019), (+0.7480,2.5850), (+0.7533,2.5681), (+0.7569,2.5512), (+0.7561,2.5343), (+0.7561,2.5174), (+0.7561,2.5005), (+0.7561,2.4836), (+0.7561,2.4667), (+0.7561,2.4498), (+0.7565,2.4329), (+0.7617,2.4161), (+0.7649,2.3992), (+0.7589,2.3823), (+0.7557,2.3646), (+0.7480,2.3505), (+0.7307,2.3412), (+0.7126,2.3416), (+0.7078,2.3577), (+0.7130,2.3690), (+0.7078,2.3585), (+0.7000,2.3412)
  stroke[115] ( 82 pts): (+0.3928,2.3127), (+0.3759,2.3068), (+0.3590,2.3062), (+0.3421,2.3062), (+0.3252,2.3062), (+0.3083,2.3062), (+0.2914,2.3062), (+0.2746,2.3062), (+0.2577,2.3062), (+0.2408,2.3062), (+0.2239,2.3062), (+0.2070,2.3054), (+0.1889,2.3086), (+0.1832,2.3223), (+0.1925,2.3416), (+0.1977,2.3521), (+0.1925,2.3416), (+0.1840,2.3223), (+0.1728,2.3086), (+0.1563,2.3046), (+0.1386,2.3086), (+0.1245,2.3231), (+0.1297,2.3368), (+0.1486,2.3432), (+0.1627,2.3561), (+0.1712,2.3738), (+0.1740,2.3907), (+0.1736,2.4076), (+0.1788,2.4245), (+0.1824,2.4414), (+0.1816,2.4583), (+0.1816,2.4752), (+0.1824,2.4921), (+0.1788,2.5090), (+0.1736,2.5259), (+0.1732,2.5428), (+0.1732,2.5597), (+0.1724,2.5766), (+0.1760,2.5935), (+0.1808,2.6103), (+0.1893,2.6272), (+0.2013,2.6441), (+0.2146,2.6614), (+0.2323,2.6699), (+0.2492,2.6695), (+0.2661,2.6695), (+0.2830,2.6695), (+0.2999,2.6695), (+0.3168,2.6695), (+0.3337,2.6695), (+0.3506,2.6695), (+0.3675,2.6695), (+0.3844,2.6703), (+0.4013,2.6663), (+0.4182,2.6562), (+0.4355,2.6437), (+0.4443,2.6272), (+0.4495,2.6103), (+0.4584,2.5935), (+0.4612,2.5766), (+0.4604,2.5597), (+0.4604,2.5428), (+0.4604,2.5259), (+0.4604,2.5090), (+0.4604,2.4921), (+0.4604,2.4752), (+0.4604,2.4583), (+0.4604,2.4414), (+0.4604,2.4245), (+0.4604,2.4076), (+0.4604,2.3907), (+0.4612,2.3738), (+0.4580,2.3569), (+0.4443,2.3400), (+0.4266,2.3219), (+0.4085,2.3167), (+0.4029,2.3308), (+0.4121,2.3485), (+0.4178,2.3662), (+0.4178,2.3662), (+0.4121,2.3485), (+0.4043,2.3316)
  stroke[116] ( 13 pts): (+0.8997,2.0198), (+0.8828,2.0347), (+0.8659,2.0472), (+0.8490,2.0604), (+0.8321,2.0777), (+0.8152,2.0894), (+0.7975,2.1035), (+0.7975,2.1035), (+0.8152,2.0894), (+0.8321,2.0777), (+0.8490,2.0604), (+0.8659,2.0472), (+0.8828,2.0347)
  stroke[117] ( 10 pts): (+1.1016,2.0106), (+1.1036,2.0275), (+1.1073,2.0444), (+1.1141,2.0608), (+1.1286,2.0729), (+1.1398,2.0773), (+1.1286,2.0729), (+1.1141,2.0608), (+1.1073,2.0444), (+1.1030,2.0275)
  stroke[118] ( 11 pts): (+1.0670,1.8669), (+1.0723,1.8838), (+1.0759,1.9007), (+1.0799,1.9176), (+1.0851,1.9345), (+1.0855,1.9522), (+1.0855,1.9522), (+1.0851,1.9345), (+1.0799,1.9176), (+1.0759,1.9007), (+1.0711,1.8838)
  stroke[119] (  5 pts): (+1.1044,1.7728), (+1.0831,1.7921), (+1.0678,1.8022), (+1.0678,1.8022), (+1.0831,1.7915)
  stroke[120] ( 47 pts): (+1.0855,1.7551), (+1.0686,1.7662), (+1.0517,1.7825), (+1.0336,1.7994), (+1.0288,1.8163), (+1.0344,1.8332), (+1.0352,1.8501), (+1.0397,1.8669), (+1.0469,1.8838), (+1.0505,1.9007), (+1.0546,1.9176), (+1.0598,1.9345), (+1.0606,1.9514), (+1.0658,1.9683), (+1.0686,1.9852), (+1.0715,2.0021), (+1.0759,2.0190), (+1.0799,2.0359), (+1.0851,2.0528), (+1.0851,2.0697), (+1.0936,2.0870), (+1.1109,2.0958), (+1.1278,2.1011), (+1.1455,2.1107), (+1.1455,2.1107), (+1.1278,2.1011), (+1.1109,2.0958), (+1.0936,2.0870), (+1.0851,2.0697), (+1.0851,2.0528), (+1.0799,2.0359), (+1.0759,2.0190), (+1.0715,2.0021), (+1.0686,1.9852), (+1.0658,1.9683), (+1.0606,1.9514), (+1.0598,1.9345), (+1.0546,1.9176), (+1.0505,1.9007), (+1.0469,1.8838), (+1.0397,1.8669), (+1.0352,1.8501), (+1.0344,1.8332), (+1.0288,1.8163), (+1.0336,1.7994), (+1.0517,1.7825), (+1.0686,1.7656)
  stroke[121] (138 pts): (+0.0380,1.7253), (+0.0549,1.7312), (+0.0718,1.7318), (+0.0887,1.7318), (+0.1056,1.7318), (+0.1225,1.7318), (+0.1394,1.7318), (+0.1563,1.7318), (+0.1732,1.7318), (+0.1901,1.7318), (+0.2070,1.7318), (+0.2239,1.7318), (+0.2408,1.7318), (+0.2577,1.7318), (+0.2746,1.7318), (+0.2914,1.7318), (+0.3083,1.7318), (+0.3252,1.7318), (+0.3421,1.7314), (+0.3590,1.7398), (+0.3759,1.7571), (+0.3928,1.7740), (+0.4097,1.7909), (+0.4266,1.8078), (+0.4443,1.8247), (+0.4576,1.8416), (+0.4697,1.8585), (+0.4777,1.8754), (+0.4773,1.8923), (+0.4773,1.9092), (+0.4773,1.9261), (+0.4773,1.9430), (+0.4773,1.9599), (+0.4773,1.9768), (+0.4773,1.9937), (+0.4773,2.0106), (+0.4773,2.0275), (+0.4773,2.0444), (+0.4773,2.0612), (+0.4773,2.0781), (+0.4773,2.0950), (+0.4781,2.1119), (+0.4745,2.1288), (+0.4697,2.1457), (+0.4608,2.1630), (+0.4435,2.1715), (+0.4266,2.1711), (+0.4097,2.1703), (+0.3928,2.1739), (+0.3759,2.1791), (+0.3590,2.1795), (+0.3421,2.1795), (+0.3252,2.1795), (+0.3083,2.1795), (+0.2914,2.1795), (+0.2746,2.1795), (+0.2577,2.1795), (+0.2408,2.1795), (+0.2239,2.1795), (+0.2070,2.1795), (+0.1901,2.1795), (+0.1732,2.1795), (+0.1563,2.1795), (+0.1394,2.1795), (+0.1225,2.1795), (+0.1056,2.1795), (+0.0887,2.1795), (+0.0718,2.1795), (+0.0533,2.1795), (+0.0428,2.1795), (+0.0533,2.1795), (+0.0718,2.1795), (+0.0887,2.1795), (+0.1056,2.1795), (+0.1225,2.1795), (+0.1394,2.1795), (+0.1563,2.1795), (+0.1732,2.1795), (+0.1901,2.1795), (+0.2070,2.1795), (+0.2239,2.1795), (+0.2408,2.1795), (+0.2577,2.1795), (+0.2746,2.1795), (+0.2914,2.1795), (+0.3083,2.1795), (+0.3252,2.1795), (+0.3421,2.1795), (+0.3590,2.1795), (+0.3759,2.1791), (+0.3928,2.1739), (+0.4097,2.1703), (+0.4266,2.1711), (+0.4435,2.1715), (+0.4608,2.1630), (+0.4697,2.1457), (+0.4745,2.1288), (+0.4781,2.1119), (+0.4773,2.0950), (+0.4773,2.0781), (+0.4773,2.0612), (+0.4773,2.0444), (+0.4773,2.0275), (+0.4773,2.0106), (+0.4773,1.9937), (+0.4773,1.9768), (+0.4773,1.9599), (+0.4773,1.9430), (+0.4773,1.9261), (+0.4773,1.9092), (+0.4773,1.8923), (+0.4777,1.8754), (+0.4697,1.8585), (+0.4576,1.8416), (+0.4443,1.8247), (+0.4266,1.8078), (+0.4097,1.7909), (+0.3928,1.7740), (+0.3759,1.7571), (+0.3590,1.7398), (+0.3421,1.7314), (+0.3252,1.7318), (+0.3083,1.7318), (+0.2914,1.7318), (+0.2746,1.7318), (+0.2577,1.7318), (+0.2408,1.7318), (+0.2239,1.7318), (+0.2070,1.7318), (+0.1901,1.7318), (+0.1732,1.7318), (+0.1563,1.7318), (+0.1394,1.7318), (+0.1225,1.7318), (+0.1056,1.7318), (+0.0887,1.7318), (+0.0718,1.7318), (+0.0549,1.7318)
  stroke[122] (111 pts): (+0.7052,1.5673), (+0.6903,1.5725), (+0.6829,1.5882), (+0.6764,1.6051), (+0.6720,1.6220), (+0.6712,1.6389), (+0.6660,1.6558), (+0.6631,1.6727), (+0.6603,1.6895), (+0.6551,1.7064), (+0.6555,1.7233), (+0.6519,1.7402), (+0.6467,1.7571), (+0.6463,1.7740), (+0.6463,1.7909), (+0.6463,1.8078), (+0.6458,1.8247), (+0.6406,1.8416), (+0.6370,1.8585), (+0.6378,1.8754), (+0.6378,1.8923), (+0.6378,1.9092), (+0.6378,1.9261), (+0.6378,1.9430), (+0.6382,1.9599), (+0.6434,1.9768), (+0.6471,1.9937), (+0.6454,2.0106), (+0.6491,2.0275), (+0.6543,2.0444), (+0.6551,2.0612), (+0.6603,2.0781), (+0.6644,2.0950), (+0.6692,2.1119), (+0.6772,2.1288), (+0.6829,2.1457), (+0.6901,2.1626), (+0.6985,2.1795), (+0.7074,2.1960), (+0.7223,2.2085), (+0.7368,2.2049), (+0.7400,2.1880), (+0.7392,2.1711), (+0.7392,2.1542), (+0.7392,2.1373), (+0.7388,2.1204), (+0.7331,2.1035), (+0.7243,2.0866), (+0.7215,2.0697), (+0.7223,2.0528), (+0.7231,2.0359), (+0.7195,2.0190), (+0.7142,2.0021), (+0.7138,1.9852), (+0.7138,1.9683), (+0.7142,1.9514), (+0.7195,1.9345), (+0.7231,1.9176), (+0.7223,1.9007), (+0.7223,1.8838), (+0.7223,1.8653), (+0.7223,1.8549), (+0.7223,1.8653), (+0.7223,1.8838), (+0.7223,1.9007), (+0.7231,1.9176), (+0.7195,1.9345), (+0.7142,1.9514), (+0.7138,1.9683), (+0.7138,1.9852), (+0.7142,2.0021), (+0.7195,2.0190), (+0.7231,2.0359), (+0.7223,2.0528), (+0.7215,2.0697), (+0.7255,2.0874), (+0.7352,2.0874), (+0.7428,2.0697), (+0.7472,2.0528), (+0.7480,2.0359), (+0.7533,2.0190), (+0.7561,2.0021), (+0.7589,1.9852), (+0.7641,1.9683), (+0.7649,1.9514), (+0.7693,1.9345), (+0.7766,1.9176), (+0.7802,1.9007), (+0.7842,1.8838), (+0.7887,1.8669), (+0.7927,1.8501), (+0.7983,1.8332), (+0.8031,1.8163), (+0.8104,1.7994), (+0.8152,1.7825), (+0.8212,1.7656), (+0.8293,1.7487), (+0.8357,1.7318), (+0.8405,1.7149), (+0.8466,1.6980), (+0.8566,1.6811), (+0.8615,1.6634), (+0.8506,1.6501), (+0.8321,1.6389), (+0.8152,1.6280), (+0.7983,1.6204), (+0.7814,1.6107), (+0.7645,1.6006), (+0.7476,1.5926), (+0.7307,1.5839), (+0.7138,1.5709)
  stroke[123] ( 21 pts): (+0.4618,1.5260), (+0.4417,1.5242), (+0.4298,1.5367), (+0.4238,1.5544), (+0.4149,1.5713), (+0.4125,1.5882), (+0.4258,1.6047), (+0.4435,1.6159), (+0.4604,1.6236), (+0.4773,1.6320), (+0.4942,1.6413), (+0.5111,1.6473), (+0.5276,1.6393), (+0.5388,1.6220), (+0.5473,1.6051), (+0.5533,1.5874), (+0.5453,1.5741), (+0.5280,1.5628), (+0.5111,1.5520), (+0.4942,1.5443), (+0.4773,1.5351)
  stroke[124] ( 38 pts): (+0.4355,1.5192), (+0.4176,1.5121), (+0.4033,1.5202), (+0.3944,1.5375), (+0.3860,1.5544), (+0.3779,1.5713), (+0.3751,1.5882), (+0.3755,1.6051), (+0.3840,1.6216), (+0.4013,1.6340), (+0.4182,1.6433), (+0.4351,1.6501), (+0.4520,1.6586), (+0.4688,1.6686), (+0.4857,1.6755), (+0.5026,1.6835), (+0.5195,1.6899), (+0.5372,1.6871), (+0.5505,1.6735), (+0.5630,1.6558), (+0.5763,1.6389), (+0.5807,1.6220), (+0.5819,1.6043), (+0.5718,1.5902), (+0.5537,1.5954), (+0.5425,1.6135), (+0.5344,1.6312), (+0.5203,1.6457), (+0.5026,1.6461), (+0.4857,1.6373), (+0.4688,1.6288), (+0.4520,1.6204), (+0.4351,1.6115), (+0.4170,1.5974), (+0.4113,1.5797), (+0.4206,1.5628), (+0.4272,1.5459), (+0.4328,1.5290)
  stroke[125] ( 32 pts): (+0.4520,1.4524), (+0.4351,1.4434), (+0.4174,1.4470), (+0.4033,1.4607), (+0.3948,1.4784), (+0.3916,1.4961), (+0.4009,1.5097), (+0.4182,1.5134), (+0.4351,1.5170), (+0.4520,1.5234), (+0.4688,1.5306), (+0.4857,1.5391), (+0.5026,1.5475), (+0.5195,1.5572), (+0.5364,1.5677), (+0.5533,1.5797), (+0.5702,1.5918), (+0.5871,1.6027), (+0.6048,1.6035), (+0.6181,1.5890), (+0.6310,1.5713), (+0.6358,1.5544), (+0.6217,1.5367), (+0.6040,1.5226), (+0.5871,1.5138), (+0.5702,1.5053), (+0.5533,1.4977), (+0.5364,1.4860), (+0.5195,1.4775), (+0.5026,1.4723), (+0.4857,1.4631), (+0.4688,1.4554)
  stroke[126] (1207 pts): (+0.7313,1.4108), (+0.7253,1.4277), (+0.7187,1.4446), (+0.7150,1.4615), (+0.7110,1.4784), (+0.7066,1.4952), (+0.7026,1.5121), (+0.6969,1.5290), (+0.6909,1.5459), (+0.6957,1.5624), (+0.7138,1.5737), (+0.7307,1.5825), (+0.7476,1.5926), (+0.7645,1.6006), (+0.7814,1.6107), (+0.7983,1.6204), (+0.8152,1.6280), (+0.8321,1.6389), (+0.8490,1.6509), (+0.8667,1.6473), (+0.8796,1.6304), (+0.8856,1.6135), (+0.8941,1.5966), (+0.9053,1.5797), (+0.9150,1.5628), (+0.9234,1.5459), (+0.9327,1.5274), (+0.9379,1.5170), (+0.9327,1.5274), (+0.9234,1.5459), (+0.9150,1.5628), (+0.9053,1.5797), (+0.8941,1.5966), (+0.8856,1.6135), (+0.8788,1.6304), (+0.8699,1.6473), (+0.8631,1.6642), (+0.8558,1.6811), (+0.8466,1.6980), (+0.8405,1.7149), (+0.8357,1.7318), (+0.8293,1.7487), (+0.8212,1.7656), (+0.8152,1.7825), (+0.8104,1.7994), (+0.8031,1.8163), (+0.7983,1.8332), (+0.7927,1.8501), (+0.7887,1.8669), (+0.7842,1.8838), (+0.7802,1.9007), (+0.7766,1.9176), (+0.7693,1.9345), (+0.7649,1.9514), (+0.7641,1.9683), (+0.7589,1.9852), (+0.7561,2.0021), (+0.7533,2.0190), (+0.7480,2.0359), (+0.7472,2.0528), (+0.7428,2.0697), (+0.7348,2.0866), (+0.7335,2.1047), (+0.7476,2.1099), (+0.7617,2.0958), (+0.7742,2.0781), (+0.7879,2.0612), (+0.7959,2.0444), (+0.8068,2.0275), (+0.8188,2.0106), (+0.8293,1.9937), (+0.8389,1.9768), (+0.8474,1.9599), (+0.8558,1.9430), (+0.8651,1.9245), (+0.8703,1.9140), (+0.8651,1.9245), (+0.8558,1.9430), (+0.8474,1.9599), (+0.8389,1.9768), (+0.8293,1.9937), (+0.8188,2.0106), (+0.8068,2.0275), (+0.7959,2.0444), (+0.7879,2.0612), (+0.7742,2.0781), (+0.7617,2.0950), (+0.7480,2.1119), (+0.7388,2.1288), (+0.7392,2.1457), (+0.7392,2.1626), (+0.7392,2.1795), (+0.7388,2.1964), (+0.7327,2.2133), (+0.7327,2.2302), (+0.7388,2.2471), (+0.7392,2.2640), (+0.7396,2.2809), (+0.7448,2.2978), (+0.7484,2.3147), (+0.7468,2.3316), (+0.7504,2.3485), (+0.7549,2.3654), (+0.7589,2.3823), (+0.7633,2.3992), (+0.7669,2.4156), (+0.7810,2.4273), (+0.7895,2.4406), (+0.7927,2.4583), (+0.7983,2.4752), (+0.8031,2.4921), (+0.8104,2.5090), (+0.8152,2.5259), (+0.8208,2.5428), (+0.8249,2.5597), (+0.8285,2.5766), (+0.8357,2.5935), (+0.8405,2.6103), (+0.8466,2.6272), (+0.8558,2.6441), (+0.8635,2.6610), (+0.8747,2.6779), (+0.8908,2.6948), (+0.9021,2.7117), (+0.9105,2.7286), (+0.9162,2.7455), (+0.9166,2.7624), (+0.9166,2.7793), (+0.9166,2.7962), (+0.9166,2.8131), (+0.9166,2.8300), (+0.9166,2.8469), (+0.9166,2.8638), (+0.9158,2.8807), (+0.9198,2.8976), (+0.9307,2.9145), (+0.9395,2.9314), (+0.9508,2.9499), (+0.9673,2.9599), (+0.9842,2.9583), (+1.0011,2.9491), (+1.0180,2.9362), (+1.0348,2.9257), (+1.0517,2.9169), (+1.0686,2.9060), (+1.0851,2.8948), (+1.0968,2.8815), (+1.1101,2.8642), (+1.1278,2.8517), (+1.1447,2.8421), (+1.1616,2.8300), (+1.1785,2.8191), (+1.1954,2.8115), (+1.2122,2.8030), (+1.2291,2.7946), (+1.2460,2.7853), (+1.2629,2.7805), (+1.2798,2.7765), (+1.2975,2.7713), (+1.2975,2.7713), (+1.2798,2.7765), (+1.2629,2.7805), (+1.2460,2.7853), (+1.2291,2.7946), (+1.2122,2.8030), (+1.1954,2.8115), (+1.1785,2.8191), (+1.1616,2.8300), (+1.1447,2.8421), (+1.1278,2.8517), (+1.1101,2.8650), (+1.1101,2.8783), (+1.1278,2.8823), (+1.1447,2.8787), (+1.1616,2.8698), (+1.1785,2.8638), (+1.1954,2.8581), (+1.2122,2.8541), (+1.2291,2.8497), (+1.2460,2.8469), (+1.2629,2.8441), (+1.2798,2.8388), (+1.2967,2.8384), (+1.3136,2.8384), (+1.3305,2.8384), (+1.3474,2.8384), (+1.3643,2.8384), (+1.3812,2.8384), (+1.3989,2.8384), (+1.3989,2.8384), (+1.3812,2.8384), (+1.3643,2.8384), (+1.3474,2.8384), (+1.3305,2.8384), (+1.3136,2.8384), (+1.2967,2.8384), (+1.2798,2.8388), (+1.2629,2.8441), (+1.2460,2.8469), (+1.2291,2.8497), (+1.2122,2.8541), (+1.1954,2.8581), (+1.1785,2.8638), (+1.1616,2.8698), (+1.1447,2.8787), (+1.1278,2.8807), (+1.1109,2.8827), (+1.0940,2.8907), (+1.0771,2.9004), (+1.0602,2.9117), (+1.0433,2.9205), (+1.0264,2.9314), (+1.0095,2.9434), (+0.9926,2.9527), (+0.9749,2.9599), (+0.9608,2.9728), (+0.9532,2.9905), (+0.9472,3.0074), (+0.9472,3.0243), (+0.9540,3.0412), (+0.9580,3.0581), (+0.9665,3.0750), (+0.9793,3.0919), (+0.9894,3.1088), (+0.9934,3.1257), (+0.9930,3.1426), (+0.9974,3.1595), (+1.0047,3.1763), (+1.0087,3.1940), (+1.0175,3.2081), (+1.0348,3.2158), (+1.0525,3.2226), (+1.0662,3.2186), (+1.0690,3.2009), (+1.0767,3.1876), (+1.0940,3.1751), (+1.1109,3.1615), (+1.1278,3.1534), (+1.1447,3.1426), (+1.1616,3.1309), (+1.1785,3.1257), (+1.1954,3.1196), (+1.2122,3.1116), (+1.2291,3.1051), (+1.2460,3.1015), (+1.2629,3.0975), (+1.2798,3.0931), (+1.2967,3.0891), (+1.3136,3.0838), (+1.3305,3.0834), (+1.3474,3.0834), (+1.3643,3.0834), (+1.3812,3.0834), (+1.3981,3.0826), (+1.4150,3.0862), (+1.4327,3.0915), (+1.4327,3.0915), (+1.4150,3.0862), (+1.3981,3.0826), (+1.3812,3.0834), (+1.3643,3.0834), (+1.3474,3.0834), (+1.3305,3.0834), (+1.3136,3.0838), (+1.2967,3.0891), (+1.2798,3.0931), (+1.2629,3.0975), (+1.2460,3.1015), (+1.2291,3.1051), (+1.2122,3.1116), (+1.1954,3.1196), (+1.1785,3.1257), (+1.1616,3.1309), (+1.1447,3.1426), (+1.1278,3.1534), (+1.1109,3.1615), (+1.0940,3.1751), (+1.0767,3.1876), (+1.0682,3.2009), (+1.0690,3.2186), (+1.0747,3.2355), (+1.0827,3.2524), (+1.0883,3.2693), (+1.0956,3.2862), (+1.1040,3.3031), (+1.1125,3.3200), (+1.1221,3.3369), (+1.1322,3.3537), (+1.1402,3.3706), (+1.1503,3.3875), (+1.1600,3.4044), (+1.1684,3.4213), (+1.1768,3.4382), (+1.1841,3.4551), (+1.1897,3.4720), (+1.1970,3.4889), (+1.2062,3.5058), (+1.2122,3.5227), (+1.2171,3.5396), (+1.2243,3.5565), (+1.2279,3.5734), (+1.2320,3.5903), (+1.2368,3.6072), (+1.2456,3.6253), (+1.2629,3.6301), (+1.2798,3.6241), (+1.2967,3.6184), (+1.3136,3.6156), (+1.3305,3.6128), (+1.3474,3.6076), (+1.3643,3.6072), (+1.3812,3.6072), (+1.3981,3.6072), (+1.4150,3.6072), (+1.4319,3.6076), (+1.4496,3.6136), (+1.4496,3.6136), (+1.4319,3.6076), (+1.4150,3.6072), (+1.3981,3.6072), (+1.3812,3.6072), (+1.3643,3.6072), (+1.3474,3.6076), (+1.3305,3.6128), (+1.3136,3.6156), (+1.2967,3.6184), (+1.2798,3.6241), (+1.2629,3.6289), (+1.2460,3.6357), (+1.2295,3.6486), (+1.2179,3.6663), (+1.2183,3.6832), (+1.2207,3.7001), (+1.2235,3.7170), (+1.2287,3.7339), (+1.2295,3.7508), (+1.2348,3.7677), (+1.2380,3.7854), (+1.2456,3.7991), (+1.2629,3.8031), (+1.2798,3.7987), (+1.2967,3.7930), (+1.3136,3.7874), (+1.3305,3.7838), (+1.3474,3.7846), (+1.3643,3.7846), (+1.3812,3.7846), (+1.3981,3.7846), (+1.4150,3.7846), (+1.4319,3.7846), (+1.4488,3.7850), (+1.4657,3.7894), (+1.4834,3.7962), (+1.4834,3.7962), (+1.4657,3.7894), (+1.4488,3.7850), (+1.4319,3.7846), (+1.4150,3.7846), (+1.3981,3.7846), (+1.3812,3.7846), (+1.3643,3.7846), (+1.3474,3.7846), (+1.3305,3.7838), (+1.3136,3.7874), (+1.2967,3.7930), (+1.2798,3.7987), (+1.2621,3.8019), (+1.2493,3.8095), (+1.2432,3.8268), (+1.2348,3.8437), (+1.2235,3.8606), (+1.2139,3.8775), (+1.2054,3.8944), (+1.1970,3.9113), (+1.1885,3.9282), (+1.1801,3.9451), (+1.1728,3.9620), (+1.1664,3.9789), (+1.1628,3.9958), (+1.1587,4.0127), (+1.1535,4.0312), (+1.1531,4.0416), (+1.1535,4.0312), (+1.1587,4.0127), (+1.1628,3.9958), (+1.1664,3.9789), (+1.1728,3.9620), (+1.1801,3.9451), (+1.1885,3.9282), (+1.1970,3.9113), (+1.2054,3.8944), (+1.2139,3.8775), (+1.2235,3.8606), (+1.2348,3.8437), (+1.2440,3.8268), (+1.2464,3.8099), (+1.2404,3.7930), (+1.2364,3.7761), (+1.2320,3.7592), (+1.2291,3.7423), (+1.2263,3.7254), (+1.2211,3.7086), (+1.2195,3.6917), (+1.2171,3.6748), (+1.2219,3.6579), (+1.2380,3.6410), (+1.2436,3.6241), (+1.2376,3.6072), (+1.2320,3.5903), (+1.2279,3.5734), (+1.2243,3.5565), (+1.2171,3.5396), (+1.2122,3.5227), (+1.2062,3.5058), (+1.1970,3.4889), (+1.1897,3.4720), (+1.1841,3.4551), (+1.1768,3.4382), (+1.1684,3.4213), (+1.1600,3.4044), (+1.1503,3.3875), (+1.1402,3.3706), (+1.1322,3.3537), (+1.1221,3.3369), (+1.1125,3.3200), (+1.1040,3.3031), (+1.0956,3.2862), (+1.0883,3.2693), (+1.0827,3.2524), (+1.0751,3.2359), (+1.0610,3.2238), (+1.0433,3.2186), (+1.0256,3.2134), (+1.0127,3.2013), (+1.0059,3.1848), (+1.0011,3.1679), (+0.9954,3.1510), (+0.9918,3.1341), (+0.9930,3.1172), (+0.9850,3.1003), (+0.9721,3.0834), (+0.9628,3.0665), (+0.9552,3.0496), (+0.9496,3.0327), (+0.9476,3.0158), (+0.9496,2.9989), (+0.9560,2.9820), (+0.9600,2.9652), (+0.9512,2.9483), (+0.9395,2.9314), (+0.9307,2.9145), (+0.9198,2.8976), (+0.9158,2.8807), (+0.9166,2.8638), (+0.9166,2.8469), (+0.9166,2.8300), (+0.9166,2.8131), (+0.9166,2.7962), (+0.9166,2.7793), (+0.9166,2.7624), (+0.9162,2.7455), (+0.9105,2.7286), (+0.9021,2.7117), (+0.8908,2.6948), (+0.8747,2.6779), (+0.8635,2.6610), (+0.8558,2.6441), (+0.8466,2.6272), (+0.8405,2.6103), (+0.8357,2.5935), (+0.8285,2.5766), (+0.8249,2.5597), (+0.8208,2.5428), (+0.8152,2.5259), (+0.8104,2.5090), (+0.8031,2.4921), (+0.7983,2.4752), (+0.7927,2.4583), (+0.7895,2.4406), (+0.7818,2.4257), (+0.7641,2.4205), (+0.7557,2.4313), (+0.7561,2.4498), (+0.7561,2.4667), (+0.7561,2.4836), (+0.7561,2.5005), (+0.7561,2.5174), (+0.7561,2.5343), (+0.7569,2.5512), (+0.7533,2.5681), (+0.7480,2.5850), (+0.7484,2.6019), (+0.7444,2.6188), (+0.7335,2.6357), (+0.7243,2.6526), (+0.7215,2.6695), (+0.7219,2.6864), (+0.7166,2.7033), (+0.7130,2.7202), (+0.7138,2.7371), (+0.7138,2.7540), (+0.7138,2.7709), (+0.7138,2.7878), (+0.7134,2.8046), (+0.7082,2.8215), (+0.7046,2.8384), (+0.7050,2.8553), (+0.7002,2.8722), (+0.6881,2.8887), (+0.6708,2.9004), (+0.6571,2.9137), (+0.6539,2.9314), (+0.6551,2.9483), (+0.6467,2.9652), (+0.6294,2.9820), (+0.6261,2.9989), (+0.6306,3.0158), (+0.6342,3.0327), (+0.6414,3.0496), (+0.6463,3.0665), (+0.6527,3.0834), (+0.6535,3.1003), (+0.6446,3.1172), (+0.6346,3.1341), (+0.6322,3.1506), (+0.6454,3.1623), (+0.6627,3.1755), (+0.6748,3.1932), (+0.6788,3.2101), (+0.6829,3.2270), (+0.6881,3.2439), (+0.6885,3.2608), (+0.6889,3.2777), (+0.6941,3.2946), (+0.6977,3.3115), (+0.6969,3.3284), (+0.6969,3.3453), (+0.6969,3.3622), (+0.6977,3.3791), (+0.6945,3.3960), (+0.6949,3.4129), (+0.7038,3.4298), (+0.7122,3.4467), (+0.7199,3.4636), (+0.7311,3.4809), (+0.7484,3.4897), (+0.7613,3.4809), (+0.7673,3.4636), (+0.7750,3.4467), (+0.7895,3.4298), (+0.7987,3.4129), (+0.7975,3.3960), (+0.8007,3.3795), (+0.8144,3.3674), (+0.8321,3.3626), (+0.8490,3.3622), (+0.8659,3.3622), (+0.8836,3.3618), (+0.8965,3.3702), (+0.9033,3.3875), (+0.9073,3.4052), (+0.9170,3.4185), (+0.9315,3.4302), (+0.9399,3.4467), (+0.9427,3.4636), (+0.9419,3.4805), (+0.9423,3.4974), (+0.9476,3.5143), (+0.9512,3.5312), (+0.9496,3.5480), (+0.9532,3.5649), (+0.9584,3.5818), (+0.9584,3.5995), (+0.9669,3.6124), (+0.9850,3.6188), (+0.9990,3.6317), (+1.0075,3.6494), (+1.0095,3.6663), (+1.0123,3.6832), (+1.0175,3.7001), (+1.0171,3.7170), (+1.0208,3.7339), (+1.0260,3.7508), (+1.0264,3.7677), (+1.0264,3.7846), (+1.0268,3.8023), (+1.0175,3.8156), (+1.0035,3.8272), (+1.0003,3.8437), (+1.0003,3.8606), (+1.0039,3.8775), (+1.0091,3.8944), (+1.0095,3.9113), (+1.0087,3.9282), (+1.0123,3.9451), (+1.0175,3.9620), (+1.0180,3.9789), (+1.0180,3.9958), (+1.0188,4.0127), (+1.0155,4.0304), (+1.0155,4.0304), (+1.0188,4.0127), (+1.0180,3.9958), (+1.0180,3.9789), (+1.0175,3.9620), (+1.0123,3.9451), (+1.0087,3.9282), (+1.0095,3.9113), (+1.0091,3.8944), (+1.0039,3.8775), (+1.0003,3.8606), (+1.0011,3.8437), (+1.0007,3.8268), (+0.9954,3.8099), (+0.9926,3.7930), (+0.9898,3.7761), (+0.9850,3.7584), (+0.9761,3.7452), (+0.9588,3.7468), (+0.9415,3.7596), (+0.9331,3.7761), (+0.9335,3.7930), (+0.9327,3.8099), (+0.9363,3.8268), (+0.9415,3.8437), (+0.9419,3.8606), (+0.9411,3.8775), (+0.9447,3.8944), (+0.9500,3.9113), (+0.9504,3.9282), (+0.9508,3.9451), (+0.9560,3.9620), (+0.9596,3.9789), (+0.9588,3.9958), (+0.9588,4.0127), (+0.9592,4.0296), (+0.9644,4.0465), (+0.9681,4.0650), (+0.9673,4.0754), (+0.9681,4.0650), (+0.9644,4.0465), (+0.9592,4.0296), (+0.9588,4.0127), (+0.9588,3.9958), (+0.9596,3.9789), (+0.9560,3.9620), (+0.9508,3.9451), (+0.9504,3.9282), (+0.9500,3.9113), (+0.9447,3.8944), (+0.9411,3.8775), (+0.9419,3.8606), (+0.9415,3.8437), (+0.9363,3.8268), (+0.9327,3.8099), (+0.9339,3.7922), (+0.9254,3.7785), (+0.9081,3.7753), (+0.8912,3.7765), (+0.8743,3.7818), (+0.8574,3.7854), (+0.8405,3.7846), (+0.8237,3.7846), (+0.8068,3.7846), (+0.7891,3.7842), (+0.7754,3.7926), (+0.7726,3.8099), (+0.7786,3.8268), (+0.7822,3.8437), (+0.7806,3.8606), (+0.7842,3.8775), (+0.7895,3.8944), (+0.7899,3.9113), (+0.7891,3.9282), (+0.7927,3.9451), (+0.7979,3.9620), (+0.7987,3.9789), (+0.8039,3.9958), (+0.8076,4.0127), (+0.8060,4.0296), (+0.8096,4.0465), (+0.8148,4.0634), (+0.8152,4.0803), (+0.8144,4.0971), (+0.8180,4.1140), (+0.8233,4.1325), (+0.8237,4.1430), (+0.8241,4.1325), (+0.8156,4.1136), (+0.7983,4.1056), (+0.7810,4.0976), (+0.7726,4.0803), (+0.7726,4.0634), (+0.7673,4.0465), (+0.7637,4.0296), (+0.7645,4.0127), (+0.7641,3.9958), (+0.7589,3.9789), (+0.7553,3.9620), (+0.7565,3.9451), (+0.7480,3.9274), (+0.7307,3.9145), (+0.7138,3.9085), (+0.6969,3.9000), (+0.6800,3.8888), (+0.6631,3.8799), (+0.6463,3.8691), (+0.6294,3.8578), (+0.6125,3.8449), (+0.5956,3.8325), (+0.5787,3.8196), (+0.5618,3.8063), (+0.5449,3.7967), (+0.5280,3.7830), (+0.5111,3.7785), (+0.4942,3.7838), (+0.4773,3.7794), (+0.4604,3.7673), (+0.4435,3.7508), (+0.4266,3.7343), (+0.4101,3.7226), (+0.3976,3.7094), (+0.3876,3.6917), (+0.3836,3.6748), (+0.3848,3.6579), (+0.3763,3.6410), (+0.3590,3.6241), (+0.3421,3.6072), (+0.3256,3.5903), (+0.3140,3.5730), (+0.3007,3.5653), (+0.2822,3.5625), (+0.2693,3.5489), (+0.2625,3.5312), (+0.2581,3.5143), (+0.2577,3.4974), (+0.2585,3.4805), (+0.2552,3.4632), (+0.2416,3.4547), (+0.2239,3.4551), (+0.2062,3.4547), (+0.1929,3.4640), (+0.1812,3.4785), (+0.1647,3.4869), (+0.1478,3.4897), (+0.1309,3.4889), (+0.1140,3.4889), (+0.0971,3.4889), (+0.0794,3.4889), (+0.0794,3.4889), (+0.0971,3.4889), (+0.1140,3.4889), (+0.1309,3.4889), (+0.1478,3.4897), (+0.1647,3.4869), (+0.1828,3.4785), (+0.1881,3.4640), (+0.1740,3.4547), (+0.1555,3.4551), (+0.1555,3.4551), (+0.1740,3.4555), (+0.1877,3.4471), (+0.1909,3.4298), (+0.1901,3.4129), (+0.1901,3.3960), (+0.1901,3.3791), (+0.1901,3.3622), (+0.1901,3.3453), (+0.1901,3.3284), (+0.1901,3.3115), (+0.1909,3.2946), (+0.1877,3.2773), (+0.1732,3.2689), (+0.1724,3.2693), (+0.1901,3.2693), (+0.2070,3.2701), (+0.2239,3.2665), (+0.2408,3.2612), (+0.2577,3.2616), (+0.2746,3.2572), (+0.2918,3.2552), (+0.2995,3.2685), (+0.3027,3.2862), (+0.3079,3.3031), (+0.3083,3.3200), (+0.3083,3.3369), (+0.3083,3.3537), (+0.3083,3.3706), (+0.3083,3.3875), (+0.3083,3.4044), (+0.3083,3.4213), (+0.3083,3.4382), (+0.3075,3.4551), (+0.3108,3.4724), (+0.3244,3.4809), (+0.3421,3.4813), (+0.3590,3.4776), (+0.3759,3.4732), (+0.3932,3.4696), (+0.4017,3.4559), (+0.4013,3.4382), (+0.4013,3.4213), (+0.4013,3.4044), (+0.4013,3.3875), (+0.4013,3.3706), (+0.4013,3.3537), (+0.4013,3.3369), (+0.4021,3.3200), (+0.3985,3.3031), (+0.3932,3.2862), (+0.3928,3.2693), (+0.3924,3.2524), (+0.3876,3.2347), (+0.3755,3.2210), (+0.3582,3.2178), (+0.3582,3.2194), (+0.3759,3.2154), (+0.3928,3.2049), (+0.4097,3.2009), (+0.4266,3.2025), (+0.4435,3.1989), (+0.4604,3.1936), (+0.4773,3.1940), (+0.4942,3.1904), (+0.5111,3.1852), (+0.5280,3.1844), (+0.5449,3.1792), (+0.5618,3.1755), (+0.5787,3.1759), (+0.5956,3.1703), (+0.6133,3.1619), (+0.6273,3.1506), (+0.6362,3.1341), (+0.6446,3.1172), (+0.6535,3.1003), (+0.6527,3.0834), (+0.6463,3.0665), (+0.6414,3.0496), (+0.6342,3.0327), (+0.6306,3.0158), (+0.6269,2.9985), (+0.6133,2.9905), (+0.5956,2.9961), (+0.5787,3.0002), (+0.5618,3.0046), (+0.5449,3.0086), (+0.5280,3.0130), (+0.5111,3.0166), (+0.4942,3.0162), (+0.4773,3.0215), (+0.4604,3.0251), (+0.4435,3.0243), (+0.4258,3.0243), (+0.4258,3.0243), (+0.4435,3.0243), (+0.4604,3.0251), (+0.4773,3.0215), (+0.4942,3.0162), (+0.5111,3.0166), (+0.5280,3.0130), (+0.5449,3.0086), (+0.5618,3.0046), (+0.5787,3.0002), (+0.5956,2.9961), (+0.6125,2.9913), (+0.6294,2.9825), (+0.6475,2.9652), (+0.6527,2.9479), (+0.6386,2.9398), (+0.6209,2.9454), (+0.6040,2.9495), (+0.5871,2.9539), (+0.5702,2.9579), (+0.5533,2.9623), (+0.5364,2.9664), (+0.5195,2.9708), (+0.5026,2.9744), (+0.4857,2.9728), (+0.4688,2.9764), (+0.4520,2.9816), (+0.4334,2.9820), (+0.4230,2.9820), (+0.4334,2.9820), (+0.4520,2.9816), (+0.4688,2.9764), (+0.4857,2.9728), (+0.5026,2.9744), (+0.5195,2.9708), (+0.5364,2.9664), (+0.5533,2.9623), (+0.5702,2.9579), (+0.5871,2.9539), (+0.6040,2.9495), (+0.6209,2.9454), (+0.6386,2.9406), (+0.6531,2.9318), (+0.6531,2.9141), (+0.6386,2.9056), (+0.6209,2.9060), (+0.6040,2.9060), (+0.5871,2.9052), (+0.5702,2.9088), (+0.5533,2.9141), (+0.5364,2.9145), (+0.5195,2.9145), (+0.5026,2.9145), (+0.4857,2.9153), (+0.4688,2.9125), (+0.4520,2.9032), (+0.4351,2.8919), (+0.4182,2.8964), (+0.4013,2.9149), (+0.3844,2.9233), (+0.3675,2.9229), (+0.3506,2.9229), (+0.3337,2.9229), (+0.3168,2.9229), (+0.2999,2.9229), (+0.2830,2.9229), (+0.2661,2.9229), (+0.2492,2.9229), (+0.2323,2.9229), (+0.2154,2.9229), (+0.1985,2.9229), (+0.1816,2.9229), (+0.1639,2.9229), (+0.1639,2.9229), (+0.1816,2.9229), (+0.1985,2.9229), (+0.2154,2.9229), (+0.2323,2.9229), (+0.2492,2.9229), (+0.2661,2.9229), (+0.2830,2.9229), (+0.2999,2.9229), (+0.3168,2.9229), (+0.3337,2.9229), (+0.3506,2.9229), (+0.3675,2.9229), (+0.3844,2.9233), (+0.4013,2.9149), (+0.4190,2.8976), (+0.4326,2.8807), (+0.4351,2.8638), (+0.4379,2.8469), (+0.4431,2.8300), (+0.4435,2.8131), (+0.4435,2.7962), (+0.4435,2.7793), (+0.4435,2.7624), (+0.4435,2.7455), (+0.4435,2.7286), (+0.4435,2.7117), (+0.4435,2.6948), (+0.4443,2.6779), (+0.4411,2.6606), (+0.4274,2.6518), (+0.4097,2.6610), (+0.3928,2.6691), (+0.3755,2.6719), (+0.3679,2.6856), (+0.3647,2.7033), (+0.3598,2.7210), (+0.3510,2.7347), (+0.3337,2.7379), (+0.3168,2.7371), (+0.2999,2.7379), (+0.2826,2.7347), (+0.2741,2.7210), (+0.2746,2.7033), (+0.2750,2.6856), (+0.2665,2.6719), (+0.2492,2.6687), (+0.2323,2.6699), (+0.2146,2.6614), (+0.2013,2.6433), (+0.1889,2.6293), (+0.1756,2.6345), (+0.1724,2.6526), (+0.1732,2.6695), (+0.1732,2.6864), (+0.1732,2.7033), (+0.1732,2.7202), (+0.1732,2.7371), (+0.1732,2.7540), (+0.1732,2.7709), (+0.1732,2.7878), (+0.1732,2.8046), (+0.1732,2.8215), (+0.1732,2.8400), (+0.1732,2.8505), (+0.1732,2.8400), (+0.1732,2.8215), (+0.1732,2.8046), (+0.1732,2.7878), (+0.1732,2.7709), (+0.1732,2.7540), (+0.1732,2.7371), (+0.1732,2.7202), (+0.1732,2.7033), (+0.1732,2.6864), (+0.1732,2.6695), (+0.1724,2.6526), (+0.1760,2.6357), (+0.1820,2.6188), (+0.1788,2.6019), (+0.1736,2.5850), (+0.1732,2.5681), (+0.1732,2.5512), (+0.1724,2.5343), (+0.1760,2.5174), (+0.1812,2.5005), (+0.1816,2.4836), (+0.1816,2.4667), (+0.1816,2.4498), (+0.1812,2.4329), (+0.1768,2.4161), (+0.1700,2.3988), (+0.1571,2.3903), (+0.1394,2.3903), (+0.1217,2.3847), (+0.1080,2.3895), (+0.1048,2.4076), (+0.1056,2.4245), (+0.1056,2.4414), (+0.1056,2.4583), (+0.1056,2.4752), (+0.1056,2.4921), (+0.1056,2.5090), (+0.1056,2.5259), (+0.1056,2.5428), (+0.1056,2.5597), (+0.1056,2.5766), (+0.1056,2.5935), (+0.1056,2.6112), (+0.1056,2.6112), (+0.1056,2.5935), (+0.1056,2.5766), (+0.1056,2.5597), (+0.1056,2.5428), (+0.1056,2.5259), (+0.1056,2.5090), (+0.1056,2.4921), (+0.1056,2.4752), (+0.1056,2.4583), (+0.1056,2.4414), (+0.1056,2.4245), (+0.1048,2.4076), (+0.1084,2.3907), (+0.1136,2.3738), (+0.1132,2.3569), (+0.1161,2.3400), (+0.1245,2.3223), (+0.1386,2.3086), (+0.1563,2.3054), (+0.1732,2.3062), (+0.1901,2.3062), (+0.2070,2.3062), (+0.2239,2.3062), (+0.2408,2.3062), (+0.2577,2.3062), (+0.2746,2.3062), (+0.2914,2.3062), (+0.3083,2.3062), (+0.3252,2.3062), (+0.3421,2.3062), (+0.3590,2.3062), (+0.3759,2.3066), (+0.3928,2.3119), (+0.4097,2.3151), (+0.4266,2.3235), (+0.4435,2.3380), (+0.4604,2.3320), (+0.4773,2.3171), (+0.4942,2.3139), (+0.5111,2.3147), (+0.5280,2.3147), (+0.5449,2.3147), (+0.5618,2.3147), (+0.5787,2.3147), (+0.5956,2.3147), (+0.6125,2.3147), (+0.6294,2.3147), (+0.6463,2.3147), (+0.6631,2.3139), (+0.6800,2.3179), (+0.6969,2.3288), (+0.7138,2.3372), (+0.7315,2.3440), (+0.7452,2.3400), (+0.7484,2.3231), (+0.7480,2.3062), (+0.7396,2.2897), (+0.7223,2.2781), (+0.7046,2.2648), (+0.6913,2.2471), (+0.6800,2.2302), (+0.6680,2.2133), (+0.6575,2.1964), (+0.6479,2.1795), (+0.6406,2.1626), (+0.6350,2.1457), (+0.6269,2.1288), (+0.6209,2.1119), (+0.6161,2.0950), (+0.6088,2.0781), (+0.6052,2.0612), (+0.6012,2.0444), (+0.5960,2.0275), (+0.5956,2.0106), (+0.5956,1.9937), (+0.5952,1.9768), (+0.5899,1.9599), (+0.5863,1.9430), (+0.5871,1.9261), (+0.5871,1.9092), (+0.5871,1.8923), (+0.5863,1.8754), (+0.5899,1.8585), (+0.5952,1.8416), (+0.5956,1.8247), (+0.5956,1.8078), (+0.5956,1.7909), (+0.5956,1.7732), (+0.5956,1.7732), (+0.5956,1.7909), (+0.5956,1.8078), (+0.5956,1.8247), (+0.5952,1.8416), (+0.5899,1.8585), (+0.5863,1.8754), (+0.5871,1.8923), (+0.5871,1.9092), (+0.5871,1.9261), (+0.5863,1.9430), (+0.5899,1.9599), (+0.5952,1.9768), (+0.5956,1.9937), (+0.5956,2.0106), (+0.5960,2.0275), (+0.6012,2.0444), (+0.6052,2.0612), (+0.6088,2.0781), (+0.6161,2.0950), (+0.6209,2.1119), (+0.6269,2.1288), (+0.6350,2.1457), (+0.6406,2.1626), (+0.6479,2.1795), (+0.6575,2.1964), (+0.6680,2.2133), (+0.6800,2.2302), (+0.6913,2.2471), (+0.7046,2.2648), (+0.7231,2.2789), (+0.7368,2.2736), (+0.7408,2.2555), (+0.7364,2.2386), (+0.7315,2.2209), (+0.7219,2.2077), (+0.7074,2.1960), (+0.6985,2.1795), (+0.6901,2.1626), (+0.6829,2.1457), (+0.6772,2.1288), (+0.6692,2.1119), (+0.6644,2.0950), (+0.6603,2.0781), (+0.6551,2.0612), (+0.6543,2.0444), (+0.6491,2.0275), (+0.6454,2.0106), (+0.6471,1.9937), (+0.6434,1.9768), (+0.6382,1.9599), (+0.6378,1.9430), (+0.6378,1.9261), (+0.6378,1.9092), (+0.6378,1.8923), (+0.6378,1.8754), (+0.6370,1.8585), (+0.6406,1.8416), (+0.6458,1.8247), (+0.6463,1.8078), (+0.6463,1.7909), (+0.6463,1.7740), (+0.6467,1.7571), (+0.6519,1.7402), (+0.6555,1.7233), (+0.6551,1.7064), (+0.6603,1.6895), (+0.6631,1.6727), (+0.6660,1.6558), (+0.6712,1.6389), (+0.6720,1.6220), (+0.6764,1.6051), (+0.6837,1.5882), (+0.6881,1.5713), (+0.6889,1.5544), (+0.6933,1.5375), (+0.7006,1.5206), (+0.7042,1.5037), (+0.7082,1.4868), (+0.7126,1.4699), (+0.7166,1.4530), (+0.7217,1.4361), (+0.7295,1.4192)
  stroke[127] (  9 pts): (+0.6640,1.3516), (+0.6619,1.3685), (+0.6583,1.3854), (+0.6511,1.4023), (+0.6467,1.4200), (+0.6467,1.4200), (+0.6511,1.4023), (+0.6583,1.3854), (+0.6625,1.3685)
  stroke[128] ( 21 pts): (+0.1993,1.3347), (+0.1925,1.3516), (+0.1832,1.3685), (+0.1748,1.3854), (+0.1663,1.4023), (+0.1579,1.4192), (+0.1494,1.4361), (+0.1410,1.4530), (+0.1325,1.4699), (+0.1241,1.4868), (+0.1153,1.5045), (+0.1153,1.5045), (+0.1241,1.4868), (+0.1325,1.4699), (+0.1410,1.4530), (+0.1494,1.4361), (+0.1579,1.4192), (+0.1663,1.4023), (+0.1748,1.3854), (+0.1832,1.3685), (+0.1925,1.3516)
  stroke[129] ( 14 pts): (+0.3327,1.3094), (+0.3228,1.3263), (+0.3091,1.3432), (+0.2914,1.3601), (+0.2746,1.3766), (+0.2577,1.3882), (+0.2392,1.4031), (+0.2287,1.4144), (+0.2392,1.4031), (+0.2577,1.3882), (+0.2746,1.3766), (+0.2914,1.3601), (+0.3091,1.3432), (+0.3222,1.3263)
  stroke[130] (146 pts): (+0.4749,1.2672), (+0.4701,1.2841), (+0.4660,1.3010), (+0.4604,1.3178), (+0.4544,1.3347), (+0.4463,1.3516), (+0.4407,1.3685), (+0.4326,1.3854), (+0.4266,1.4023), (+0.4202,1.4192), (+0.4198,1.4365), (+0.4343,1.4454), (+0.4520,1.4494), (+0.4688,1.4558), (+0.4857,1.4631), (+0.5026,1.4723), (+0.5195,1.4775), (+0.5364,1.4860), (+0.5533,1.4977), (+0.5702,1.5053), (+0.5871,1.5154), (+0.6048,1.5178), (+0.6177,1.5045), (+0.6237,1.4868), (+0.6318,1.4699), (+0.6374,1.4522), (+0.6374,1.4522), (+0.6318,1.4699), (+0.6237,1.4868), (+0.6173,1.5037), (+0.6125,1.5206), (+0.6205,1.5387), (+0.6382,1.5439), (+0.6471,1.5298), (+0.6523,1.5121), (+0.6611,1.4952), (+0.6644,1.4784), (+0.6680,1.4615), (+0.6752,1.4446), (+0.6800,1.4277), (+0.6857,1.4108), (+0.6905,1.3923), (+0.6913,1.3818), (+0.6905,1.3923), (+0.6857,1.4108), (+0.6800,1.4277), (+0.6752,1.4446), (+0.6680,1.4615), (+0.6644,1.4784), (+0.6611,1.4952), (+0.6523,1.5121), (+0.6463,1.5290), (+0.6414,1.5459), (+0.6338,1.5628), (+0.6245,1.5797), (+0.6121,1.5970), (+0.5948,1.6051), (+0.5803,1.6131), (+0.5799,1.6304), (+0.5887,1.6473), (+0.5980,1.6642), (+0.6036,1.6811), (+0.6040,1.6980), (+0.6040,1.7149), (+0.6040,1.7334), (+0.6040,1.7439), (+0.6040,1.7334), (+0.6040,1.7149), (+0.6040,1.6980), (+0.6036,1.6811), (+0.5988,1.6642), (+0.5867,1.6465), (+0.5694,1.6465), (+0.5561,1.6642), (+0.5445,1.6815), (+0.5280,1.6908), (+0.5111,1.6875), (+0.4942,1.6787), (+0.4773,1.6735), (+0.4604,1.6650), (+0.4435,1.6525), (+0.4266,1.6481), (+0.4097,1.6397), (+0.3920,1.6276), (+0.3783,1.6143), (+0.3751,1.5966), (+0.3763,1.5797), (+0.3820,1.5628), (+0.3912,1.5459), (+0.4001,1.5290), (+0.3997,1.5117), (+0.3852,1.5033), (+0.3675,1.5029), (+0.3506,1.5061), (+0.3337,1.5198), (+0.3168,1.5375), (+0.2999,1.5552), (+0.2830,1.5685), (+0.2661,1.5809), (+0.2492,1.5934), (+0.2323,1.6002), (+0.2154,1.6051), (+0.1985,1.6107), (+0.1816,1.6147), (+0.1647,1.6191), (+0.1478,1.6228), (+0.1309,1.6220), (+0.1140,1.6220), (+0.0971,1.6220), (+0.0803,1.6220), (+0.0634,1.6224), (+0.0457,1.6284), (+0.0457,1.6284), (+0.0634,1.6224), (+0.0803,1.6220), (+0.0971,1.6220), (+0.1140,1.6220), (+0.1309,1.6220), (+0.1478,1.6228), (+0.1647,1.6191), (+0.1816,1.6147), (+0.1985,1.6107), (+0.2154,1.6051), (+0.2323,1.6002), (+0.2492,1.5934), (+0.2661,1.5809), (+0.2830,1.5685), (+0.2999,1.5552), (+0.3168,1.5375), (+0.3337,1.5198), (+0.3506,1.5061), (+0.3675,1.5037), (+0.3848,1.5013), (+0.3936,1.4876), (+0.3980,1.4699), (+0.4105,1.4530), (+0.4178,1.4361), (+0.4210,1.4192), (+0.4266,1.4023), (+0.4326,1.3854), (+0.4407,1.3685), (+0.4463,1.3516), (+0.4544,1.3347), (+0.4604,1.3178), (+0.4660,1.3010), (+0.4688,1.2841)
  stroke[131] ( 54 pts): (+0.4242,1.2503), (+0.4194,1.2672), (+0.4153,1.2841), (+0.4097,1.3010), (+0.4037,1.3178), (+0.3956,1.3347), (+0.3900,1.3516), (+0.3828,1.3685), (+0.3743,1.3854), (+0.3647,1.4023), (+0.3542,1.4192), (+0.3421,1.4361), (+0.3309,1.4530), (+0.3176,1.4699), (+0.2999,1.4868), (+0.2830,1.5037), (+0.2661,1.5206), (+0.2492,1.5371), (+0.2323,1.5483), (+0.2154,1.5568), (+0.1985,1.5616), (+0.1816,1.5656), (+0.1647,1.5709), (+0.1478,1.5713), (+0.1309,1.5705), (+0.1140,1.5733), (+0.0955,1.5821), (+0.0851,1.5874), (+0.0955,1.5821), (+0.1140,1.5733), (+0.1309,1.5705), (+0.1478,1.5713), (+0.1647,1.5709), (+0.1816,1.5656), (+0.1985,1.5616), (+0.2154,1.5568), (+0.2323,1.5483), (+0.2492,1.5371), (+0.2661,1.5206), (+0.2830,1.5037), (+0.2999,1.4868), (+0.3176,1.4699), (+0.3309,1.4530), (+0.3421,1.4361), (+0.3542,1.4192), (+0.3647,1.4023), (+0.3743,1.3854), (+0.3828,1.3685), (+0.3900,1.3516), (+0.3956,1.3347), (+0.4037,1.3178), (+0.4097,1.3010), (+0.4153,1.2841), (+0.4182,1.2672)
  stroke[132] ( 16 pts): (+0.3441,1.1742), (+0.3331,1.1911), (+0.3168,1.2080), (+0.2999,1.2249), (+0.2830,1.2418), (+0.2661,1.2583), (+0.2492,1.2700), (+0.2307,1.2849), (+0.2202,1.2961), (+0.2307,1.2849), (+0.2492,1.2700), (+0.2661,1.2583), (+0.2830,1.2418), (+0.2999,1.2249), (+0.3168,1.2080), (+0.3337,1.1911)
  stroke[133] ( 65 pts): (+0.2651,1.0306), (+0.2721,1.0475), (+0.2754,1.0644), (+0.2746,1.0813), (+0.2746,1.0982), (+0.2746,1.1151), (+0.2746,1.1320), (+0.2746,1.1489), (+0.2741,1.1666), (+0.2826,1.1807), (+0.3007,1.1754), (+0.3148,1.1573), (+0.3228,1.1404), (+0.3345,1.1235), (+0.3425,1.1050), (+0.3421,1.0946), (+0.3425,1.1050), (+0.3345,1.1235), (+0.3228,1.1404), (+0.3148,1.1573), (+0.3007,1.1742), (+0.2830,1.1911), (+0.2661,1.2088), (+0.2492,1.2221), (+0.2323,1.2338), (+0.2154,1.2499), (+0.1989,1.2615), (+0.1877,1.2748), (+0.1800,1.2925), (+0.1716,1.3094), (+0.1631,1.3263), (+0.1539,1.3432), (+0.1478,1.3601), (+0.1418,1.3770), (+0.1325,1.3939), (+0.1241,1.4108), (+0.1169,1.4277), (+0.1104,1.4462), (+0.1064,1.4566), (+0.1104,1.4462), (+0.1169,1.4277), (+0.1241,1.4108), (+0.1325,1.3939), (+0.1418,1.3770), (+0.1478,1.3601), (+0.1539,1.3432), (+0.1631,1.3263), (+0.1716,1.3094), (+0.1800,1.2925), (+0.1877,1.2748), (+0.1989,1.2615), (+0.2154,1.2499), (+0.2323,1.2338), (+0.2492,1.2221), (+0.2669,1.2088), (+0.2802,1.1911), (+0.2782,1.1742), (+0.2737,1.1573), (+0.2746,1.1404), (+0.2746,1.1235), (+0.2746,1.1067), (+0.2746,1.0898), (+0.2746,1.0729), (+0.2739,1.0560), (+0.2681,1.0391)
  stroke[134] ( 12 pts): (+0.0543,0.9610), (+0.0404,0.9721), (+0.0392,0.9884), (+0.0481,1.0053), (+0.0569,1.0230), (+0.0726,1.0367), (+0.0839,1.0407), (+0.0726,1.0367), (+0.0569,1.0230), (+0.0481,1.0053), (+0.0392,0.9884), (+0.0404,0.9715)
  stroke[135] ( 38 pts): (+0.2492,0.9461), (+0.2492,0.9630), (+0.2484,0.9799), (+0.2524,0.9968), (+0.2484,1.0137), (+0.2351,1.0306), (+0.2235,1.0475), (+0.2070,1.0644), (+0.1901,1.0813), (+0.1732,1.0982), (+0.1563,1.1151), (+0.1394,1.1320), (+0.1217,1.1497), (+0.1217,1.1497), (+0.1394,1.1320), (+0.1563,1.1151), (+0.1744,1.0982), (+0.1792,1.0797), (+0.1732,1.0700), (+0.1820,1.0777), (+0.1957,1.0741), (+0.1937,1.0560), (+0.1893,1.0391), (+0.1901,1.0214), (+0.1901,1.0214), (+0.1893,1.0391), (+0.1925,1.0572), (+0.2062,1.0624), (+0.2251,1.0483), (+0.2299,1.0306), (+0.2243,1.0121), (+0.2239,1.0017), (+0.2235,1.0137), (+0.2319,1.0258), (+0.2492,1.0153), (+0.2524,0.9968), (+0.2484,0.9799), (+0.2486,0.9630)
  stroke[136] ( 12 pts): (+0.1478,0.9293), (+0.1478,0.9461), (+0.1486,0.9630), (+0.1446,0.9799), (+0.1346,0.9968), (+0.1205,1.0153), (+0.1104,1.0258), (+0.1205,1.0153), (+0.1346,0.9968), (+0.1446,0.9799), (+0.1486,0.9630), (+0.1484,0.9461)
  stroke[137] (  5 pts): (+0.0823,0.9124), (+0.0609,0.9124), (+0.0457,0.9124), (+0.0457,0.9124), (+0.0609,0.9124)
  stroke[138] ( 12 pts): (+0.0718,0.8808), (+0.0887,0.8864), (+0.1056,0.8930), (+0.1241,0.9031), (+0.1346,0.9083), (+0.1241,0.9031), (+0.1056,0.8930), (+0.0887,0.8870), (+0.0718,0.8814), (+0.0533,0.8778), (+0.0428,0.8786), (+0.0525,0.8786)
  stroke[139] ( 28 pts): (+0.2691,0.8194), (+0.2558,0.8363), (+0.2412,0.8532), (+0.2295,0.8701), (+0.2166,0.8870), (+0.2046,0.9039), (+0.1957,0.9216), (+0.1844,0.9216), (+0.1760,0.9039), (+0.1700,0.8870), (+0.1571,0.8693), (+0.1394,0.8552), (+0.1225,0.8464), (+0.1040,0.8383), (+0.0935,0.8347), (+0.1040,0.8383), (+0.1225,0.8464), (+0.1394,0.8552), (+0.1571,0.8693), (+0.1700,0.8870), (+0.1760,0.9039), (+0.1844,0.9216), (+0.1957,0.9216), (+0.2046,0.9039), (+0.2166,0.8870), (+0.2295,0.8701), (+0.2412,0.8532), (+0.2571,0.8363)
  stroke[140] (  7 pts): (+0.3508,0.6052), (+0.3337,0.6034), (+0.3220,0.6159), (+0.3168,0.6344), (+0.3256,0.6485), (+0.3401,0.6432), (+0.3488,0.6269)
  stroke[141] (  7 pts): (+0.1897,0.5958), (+0.1756,0.6010), (+0.1692,0.6175), (+0.1732,0.6308), (+0.1909,0.6292), (+0.2033,0.6167), (+0.2015,0.5996)
  stroke[142] (  9 pts): (+0.1657,0.5899), (+0.1466,0.5829), (+0.1305,0.5909), (+0.1213,0.6082), (+0.1249,0.6255), (+0.1386,0.6348), (+0.1571,0.6312), (+0.1702,0.6185), (+0.1742,0.5984)
  stroke[143] ( 19 pts): (+0.1543,0.5759), (+0.1653,0.5877), (+0.1816,0.5942), (+0.1997,0.6018), (+0.2050,0.6155), (+0.1909,0.6284), (+0.1732,0.6332), (+0.1563,0.6336), (+0.1394,0.6336), (+0.1209,0.6324), (+0.1112,0.6312), (+0.1193,0.6243), (+0.1209,0.6070), (+0.1048,0.6034), (+0.0951,0.6111), (+0.0984,0.5998), (+0.1064,0.5881), (+0.1225,0.5897), (+0.1394,0.5859)
  stroke[144] ( 19 pts): (+0.3178,0.5630), (+0.2987,0.5612), (+0.2939,0.5736), (+0.2995,0.5913), (+0.2999,0.6082), (+0.2999,0.6251), (+0.2999,0.6420), (+0.2999,0.6589), (+0.2999,0.6758), (+0.2995,0.6943), (+0.3083,0.7048), (+0.3176,0.6943), (+0.3224,0.6758), (+0.3256,0.6589), (+0.3188,0.6420), (+0.3180,0.6251), (+0.3277,0.6082), (+0.3331,0.5913), (+0.3270,0.5744)
  stroke[145] ( 44 pts): (+0.1965,0.5079), (+0.2178,0.5177), (+0.2331,0.5322), (+0.2331,0.5463), (+0.2154,0.5443), (+0.1985,0.5390), (+0.1816,0.5435), (+0.1631,0.5487), (+0.1527,0.5491), (+0.1631,0.5487), (+0.1816,0.5435), (+0.1985,0.5390), (+0.2154,0.5443), (+0.2331,0.5463), (+0.2331,0.5322), (+0.2154,0.5173), (+0.1985,0.5089), (+0.1816,0.5053), (+0.1647,0.5097), (+0.1478,0.5141), (+0.1309,0.5181), (+0.1140,0.5226), (+0.0971,0.5266), (+0.0803,0.5310), (+0.0617,0.5346), (+0.0513,0.5491), (+0.0617,0.5636), (+0.0803,0.5668), (+0.0971,0.5656), (+0.1157,0.5604), (+0.1261,0.5559), (+0.1157,0.5604), (+0.0971,0.5656), (+0.0803,0.5668), (+0.0617,0.5636), (+0.0513,0.5491), (+0.0617,0.5346), (+0.0803,0.5310), (+0.0971,0.5266), (+0.1140,0.5226), (+0.1309,0.5181), (+0.1478,0.5141), (+0.1647,0.5097), (+0.1816,0.5069)
  stroke[146] ( 69 pts): (+0.0971,0.4417), (+0.1140,0.4465), (+0.1309,0.4505), (+0.1478,0.4562), (+0.1647,0.4610), (+0.1816,0.4674), (+0.1985,0.4747), (+0.2154,0.4831), (+0.2323,0.4916), (+0.2492,0.5004), (+0.2661,0.5145), (+0.2830,0.5322), (+0.2999,0.5491), (+0.3176,0.5660), (+0.3309,0.5829), (+0.3421,0.5998), (+0.3550,0.6183), (+0.3618,0.6275), (+0.3526,0.6288), (+0.3385,0.6412), (+0.3293,0.6589), (+0.3216,0.6758), (+0.3172,0.6927), (+0.3168,0.7096), (+0.3176,0.7265), (+0.3144,0.7442), (+0.3144,0.7442), (+0.3180,0.7265), (+0.3079,0.7088), (+0.2939,0.7088), (+0.2914,0.7265), (+0.2886,0.7434), (+0.2842,0.7603), (+0.2802,0.7772), (+0.2750,0.7949), (+0.2750,0.7949), (+0.2802,0.7772), (+0.2842,0.7603), (+0.2886,0.7434), (+0.2914,0.7265), (+0.2943,0.7096), (+0.2995,0.6927), (+0.2999,0.6758), (+0.2999,0.6589), (+0.2999,0.6420), (+0.2999,0.6251), (+0.2999,0.6082), (+0.2995,0.5913), (+0.2947,0.5744), (+0.2967,0.5576), (+0.2927,0.5407), (+0.2746,0.5238), (+0.2577,0.5073), (+0.2408,0.4960), (+0.2239,0.4884), (+0.2070,0.4799), (+0.1901,0.4707), (+0.1732,0.4646), (+0.1563,0.4598), (+0.1394,0.4526), (+0.1225,0.4489), (+0.1056,0.4449), (+0.0887,0.4397), (+0.0718,0.4393), (+0.0533,0.4393), (+0.0428,0.4393), (+0.0533,0.4393), (+0.0718,0.4393), (+0.0887,0.4393)
  stroke[147] ( 33 pts): (+0.0380,0.2301), (+0.0549,0.2359), (+0.0718,0.2357), (+0.0887,0.2394), (+0.1056,0.2446), (+0.1225,0.2454), (+0.1394,0.2498), (+0.1563,0.2571), (+0.1732,0.2619), (+0.1901,0.2667), (+0.2070,0.2731), (+0.2239,0.2804), (+0.2408,0.2888), (+0.2577,0.2973), (+0.2746,0.3061), (+0.2914,0.3198), (+0.3091,0.3323), (+0.3091,0.3323), (+0.2914,0.3198), (+0.2746,0.3061), (+0.2577,0.2973), (+0.2408,0.2888), (+0.2239,0.2804), (+0.2070,0.2731), (+0.1901,0.2667), (+0.1732,0.2619), (+0.1563,0.2571), (+0.1394,0.2498), (+0.1225,0.2454), (+0.1056,0.2446), (+0.0887,0.2394), (+0.0718,0.2357), (+0.0549,0.2359)